hidden_scaling,num_parameters,train_generations,repeat_idx,model_path,metric_l2_sample_mean_to_true_norm,metric_forward_rmse_norm,last_epoch_loss,last_recon_loss,last_kl_loss
1,16017,50,0,/home/jussi.hakosalo/Indica/indica/workflows/jussiphd/components/ml/flow_data/scaling_study/vae_s1_n50_r0.pt,1.1056295629062862,192.56247362772396,6.500996623720441,6.212172729628427,0.28882396327597754
1,16017,50,1,/home/jussi.hakosalo/Indica/indica/workflows/jussiphd/components/ml/flow_data/scaling_study/vae_s1_n50_r1.pt,1.282608306317377,198.04711785344307,3.355398859296526,2.9714290414537703,0.38396979761975153
1,16017,50,2,/home/jussi.hakosalo/Indica/indica/workflows/jussiphd/components/ml/flow_data/scaling_study/vae_s1_n50_r2.pt,1.7093284146334222,143.65512012438938,6.875230652945382,6.4494742665972025,0.42575630226305555
1,16017,50,3,/home/jussi.hakosalo/Indica/indica/workflows/jussiphd/components/ml/flow_data/scaling_study/vae_s1_n50_r3.pt,1.337972646584139,202.10675613597255,5.453533496175494,5.037275791168213,0.4162576688187463
1,16017,50,4,/home/jussi.hakosalo/Indica/indica/workflows/jussiphd/components/ml/flow_data/scaling_study/vae_s1_n50_r4.pt,1.5619768800548113,148.45282660892613,5.262823717934745,4.878002456256321,0.38482122868299484
1,16017,200,0,/home/jussi.hakosalo/Indica/indica/workflows/jussiphd/components/ml/flow_data/scaling_study/vae_s1_n200_r0.pt,0.9741317406114521,85.36372547319436,1.949829499721527,1.4537503480911256,0.496079158782959
1,16017,200,1,/home/jussi.hakosalo/Indica/indica/workflows/jussiphd/components/ml/flow_data/scaling_study/vae_s1_n200_r1.pt,0.6289775025232709,84.67150926385037,1.961809026002884,1.4243413496017456,0.5374676766991615
1,16017,200,2,/home/jussi.hakosalo/Indica/indica/workflows/jussiphd/components/ml/flow_data/scaling_study/vae_s1_n200_r2.pt,0.6333393758091271,97.85203224307128,2.041274621486664,1.6025352668762207,0.43873936057090757
1,16017,200,3,/home/jussi.hakosalo/Indica/indica/workflows/jussiphd/components/ml/flow_data/scaling_study/vae_s1_n200_r3.pt,0.5622437690472238,92.19109319610212,2.129122474193573,1.5365026783943176,0.5926197969913483
1,16017,200,4,/home/jussi.hakosalo/Indica/indica/workflows/jussiphd/components/ml/flow_data/scaling_study/vae_s1_n200_r4.pt,0.6829157873540552,87.48091754898634,1.9315510082244873,1.5260306799411774,0.4055203238129616
1,16017,700,0,/home/jussi.hakosalo/Indica/indica/workflows/jussiphd/components/ml/flow_data/scaling_study/vae_s1_n700_r0.pt,0.8634721280680836,78.35010752754654,1.3302847621115772,0.8330694139003754,0.4972153482112018
1,16017,700,1,/home/jussi.hakosalo/Indica/indica/workflows/jussiphd/components/ml/flow_data/scaling_study/vae_s1_n700_r1.pt,0.7645823395562952,59.2581927139468,1.5454844795167446,0.9911353183402256,0.5543491643938151
1,16017,700,2,/home/jussi.hakosalo/Indica/indica/workflows/jussiphd/components/ml/flow_data/scaling_study/vae_s1_n700_r2.pt,0.6820150224046508,70.33058799539403,1.4698064418678933,0.9393062044612386,0.5305002283474262
1,16017,700,3,/home/jussi.hakosalo/Indica/indica/workflows/jussiphd/components/ml/flow_data/scaling_study/vae_s1_n700_r3.pt,0.6290704367355041,41.302351624763574,1.463140242817727,1.0981959524479779,0.36494428969242354
1,16017,700,4,/home/jussi.hakosalo/Indica/indica/workflows/jussiphd/components/ml/flow_data/scaling_study/vae_s1_n700_r4.pt,0.6959565558448486,51.93358125951701,1.5593579323454336,1.014471509578553,0.5448864324928515
1,16017,2500,0,/home/jussi.hakosalo/Indica/indica/workflows/jussiphd/components/ml/flow_data/scaling_study/vae_s1_n2500_r0.pt,0.5902807789000409,45.614796199737754,1.1524700496714717,0.7027959169480748,0.44967413199738193
1,16017,2500,1,/home/jussi.hakosalo/Indica/indica/workflows/jussiphd/components/ml/flow_data/scaling_study/vae_s1_n2500_r1.pt,0.3628649215435864,29.526153069247172,1.1392646215308588,0.6998324722956164,0.4394321520678913
1,16017,2500,2,/home/jussi.hakosalo/Indica/indica/workflows/jussiphd/components/ml/flow_data/scaling_study/vae_s1_n2500_r2.pt,0.8061548845396459,22.895761687074597,1.1468203730952626,0.7119128358678315,0.4349075357992047
1,16017,2500,3,/home/jussi.hakosalo/Indica/indica/workflows/jussiphd/components/ml/flow_data/scaling_study/vae_s1_n2500_r3.pt,0.6292704769460002,53.98508573151983,1.2098172951620607,0.7406918408866888,0.469125455203719
1,16017,2500,4,/home/jussi.hakosalo/Indica/indica/workflows/jussiphd/components/ml/flow_data/scaling_study/vae_s1_n2500_r4.pt,0.5414649717833443,19.29471664323552,1.2211256880348864,0.7599684655571136,0.46115721963917294
1,16017,10000,0,/home/jussi.hakosalo/Indica/indica/workflows/jussiphd/components/ml/flow_data/scaling_study/vae_s1_n10000_r0.pt,0.3468898925420388,8.50792446121872,0.9878915423035621,0.6494796260029078,0.3384119152665138
1,16017,10000,1,/home/jussi.hakosalo/Indica/indica/workflows/jussiphd/components/ml/flow_data/scaling_study/vae_s1_n10000_r1.pt,0.33323911431631853,10.744416872709998,0.9801234156131744,0.653817999792099,0.3263054150350392
1,16017,10000,2,/home/jussi.hakosalo/Indica/indica/workflows/jussiphd/components/ml/flow_data/scaling_study/vae_s1_n10000_r2.pt,0.5044775835827738,8.55382814828171,0.9825293920636177,0.6565300834476948,0.3259993094034493
1,16017,10000,3,/home/jussi.hakosalo/Indica/indica/workflows/jussiphd/components/ml/flow_data/scaling_study/vae_s1_n10000_r3.pt,0.297206842200585,12.653763625248802,1.0007993413895369,0.6584257538706064,0.3423735887482762
1,16017,10000,4,/home/jussi.hakosalo/Indica/indica/workflows/jussiphd/components/ml/flow_data/scaling_study/vae_s1_n10000_r4.pt,0.6533737649716662,11.75588077662575,0.9885100845396518,0.663244898045063,0.3252651867561042
1,16017,25000,0,/home/jussi.hakosalo/Indica/indica/workflows/jussiphd/components/ml/flow_data/scaling_study/vae_s1_n25000_r0.pt,0.3630150490351538,2.1834363342764096,0.9215003431081772,0.6080909423446655,0.3134094011399895
1,16017,25000,1,/home/jussi.hakosalo/Indica/indica/workflows/jussiphd/components/ml/flow_data/scaling_study/vae_s1_n25000_r1.pt,0.2837689522331351,7.662479001835573,0.9241163426172734,0.6069577851736545,0.31715855749748645
1,16017,25000,2,/home/jussi.hakosalo/Indica/indica/workflows/jussiphd/components/ml/flow_data/scaling_study/vae_s1_n25000_r2.pt,0.46281011877980655,2.0987970935967697,0.9309273372006416,0.6200178548526764,0.31090948222458364
1,16017,25000,3,/home/jussi.hakosalo/Indica/indica/workflows/jussiphd/components/ml/flow_data/scaling_study/vae_s1_n25000_r3.pt,0.5625724065358961,3.2196376532852753,0.914292835766077,0.6090199718618393,0.30527286353364586
1,16017,25000,4,/home/jussi.hakosalo/Indica/indica/workflows/jussiphd/components/ml/flow_data/scaling_study/vae_s1_n25000_r4.pt,0.3479791733924207,4.244568418280052,0.919278646171093,0.6146085059809685,0.3046701397401467
2,44273,50,0,/home/jussi.hakosalo/Indica/indica/workflows/jussiphd/components/ml/flow_data/scaling_study/vae_s2_n50_r0.pt,0.7695245552667633,124.90910663786272,2.661415674856731,1.951481146471841,0.7099345110888992
2,44273,50,1,/home/jussi.hakosalo/Indica/indica/workflows/jussiphd/components/ml/flow_data/scaling_study/vae_s2_n50_r1.pt,1.0665472031824403,128.61243328111146,2.3419270515441895,1.8374854581696647,0.5044415848595756
2,44273,50,2,/home/jussi.hakosalo/Indica/indica/workflows/jussiphd/components/ml/flow_data/scaling_study/vae_s2_n50_r2.pt,1.32803386402777,125.42426858822972,2.409885057381221,1.8376074475901467,0.5722776140485492
2,44273,50,3,/home/jussi.hakosalo/Indica/indica/workflows/jussiphd/components/ml/flow_data/scaling_study/vae_s2_n50_r3.pt,1.5702401214475146,163.89051130044714,3.0858398846217563,2.792633976255144,0.2932058945298195
2,44273,50,4,/home/jussi.hakosalo/Indica/indica/workflows/jussiphd/components/ml/flow_data/scaling_study/vae_s2_n50_r4.pt,1.864168258656563,173.49291711195696,1.8531163079398019,1.381053192274911,0.47206311034304754
2,44273,200,0,/home/jussi.hakosalo/Indica/indica/workflows/jussiphd/components/ml/flow_data/scaling_study/vae_s2_n200_r0.pt,0.35109081482941484,74.95922559586495,1.9453330898284913,1.565468834042549,0.3798642566800117
2,44273,200,1,/home/jussi.hakosalo/Indica/indica/workflows/jussiphd/components/ml/flow_data/scaling_study/vae_s2_n200_r1.pt,0.6301627154637,74.5809203392441,1.5771443665027618,1.2219906842708588,0.35515368849039075
2,44273,200,2,/home/jussi.hakosalo/Indica/indica/workflows/jussiphd/components/ml/flow_data/scaling_study/vae_s2_n200_r2.pt,1.0332811936194441,86.58587131306126,1.7005414152145386,1.1114647936820985,0.5890766263008118
2,44273,200,3,/home/jussi.hakosalo/Indica/indica/workflows/jussiphd/components/ml/flow_data/scaling_study/vae_s2_n200_r3.pt,0.6346917301710548,78.32352720710303,1.893252544403076,1.4448129177093505,0.4484396353363991
2,44273,200,4,/home/jussi.hakosalo/Indica/indica/workflows/jussiphd/components/ml/flow_data/scaling_study/vae_s2_n200_r4.pt,0.5871267389053919,78.3768457508838,1.6382478141784669,1.169302283525467,0.46894552409648893
2,44273,700,0,/home/jussi.hakosalo/Indica/indica/workflows/jussiphd/components/ml/flow_data/scaling_study/vae_s2_n700_r0.pt,0.8730042893791388,47.06414174611712,1.2104405779391527,0.819326637820764,0.3911139408221722
2,44273,700,1,/home/jussi.hakosalo/Indica/indica/workflows/jussiphd/components/ml/flow_data/scaling_study/vae_s2_n700_r1.pt,0.5561773491565148,45.755047805698965,1.387702495537021,0.8910126603123817,0.49668983344665985
2,44273,700,2,/home/jussi.hakosalo/Indica/indica/workflows/jussiphd/components/ml/flow_data/scaling_study/vae_s2_n700_r2.pt,0.5890623167693113,53.067530814053676,1.3130989785898814,0.8457359219477936,0.46736305647275667
2,44273,700,3,/home/jussi.hakosalo/Indica/indica/workflows/jussiphd/components/ml/flow_data/scaling_study/vae_s2_n700_r3.pt,0.76560730230085,44.167977099657975,1.4279032403772527,0.9017010022970763,0.526202236556194
2,44273,700,4,/home/jussi.hakosalo/Indica/indica/workflows/jussiphd/components/ml/flow_data/scaling_study/vae_s2_n700_r4.pt,0.5904723705457886,43.45366576397075,1.246233406900005,0.8353288654576648,0.4109045446702195
2,44273,2500,0,/home/jussi.hakosalo/Indica/indica/workflows/jussiphd/components/ml/flow_data/scaling_study/vae_s2_n2500_r0.pt,0.4246444088644313,21.150889596312794,1.2116297535812512,0.782385347036127,0.4292444082768485
2,44273,2500,1,/home/jussi.hakosalo/Indica/indica/workflows/jussiphd/components/ml/flow_data/scaling_study/vae_s2_n2500_r1.pt,0.6399278157742488,30.473017771462658,1.1730371496785943,0.7701112898870017,0.40292586210353404
2,44273,2500,2,/home/jussi.hakosalo/Indica/indica/workflows/jussiphd/components/ml/flow_data/scaling_study/vae_s2_n2500_r2.pt,0.6843785959933628,25.87017097696665,1.1696169301153372,0.7898954922874896,0.37972143584320817
2,44273,2500,3,/home/jussi.hakosalo/Indica/indica/workflows/jussiphd/components/ml/flow_data/scaling_study/vae_s2_n2500_r3.pt,0.6862827545404526,41.615228689492106,1.1567796490634212,0.7665418179366535,0.39023783573874843
2,44273,2500,4,/home/jussi.hakosalo/Indica/indica/workflows/jussiphd/components/ml/flow_data/scaling_study/vae_s2_n2500_r4.pt,0.8623853389603003,24.44997355285018,1.1430994548831885,0.7663796449097963,0.3767198095270715
2,44273,10000,0,/home/jussi.hakosalo/Indica/indica/workflows/jussiphd/components/ml/flow_data/scaling_study/vae_s2_n10000_r0.pt,0.4181744045397006,6.491277522954539,1.0228199816584587,0.6982821238458157,0.32453785673342644
2,44273,10000,1,/home/jussi.hakosalo/Indica/indica/workflows/jussiphd/components/ml/flow_data/scaling_study/vae_s2_n10000_r1.pt,0.37839599209431896,11.388867456702513,0.9928847531616688,0.6726539209783077,0.32023083016872406
2,44273,10000,2,/home/jussi.hakosalo/Indica/indica/workflows/jussiphd/components/ml/flow_data/scaling_study/vae_s2_n10000_r2.pt,0.35938695501111567,6.374573186019909,0.9732381038069725,0.6599068447619677,0.31333125941455364
2,44273,10000,3,/home/jussi.hakosalo/Indica/indica/workflows/jussiphd/components/ml/flow_data/scaling_study/vae_s2_n10000_r3.pt,0.5737799143432263,10.77951361053467,0.9787417792499066,0.6755133531689644,0.3032284267254174
2,44273,10000,4,/home/jussi.hakosalo/Indica/indica/workflows/jussiphd/components/ml/flow_data/scaling_study/vae_s2_n10000_r4.pt,0.40015747034553273,8.983311800534471,0.9769632084667683,0.6645599064409733,0.3124033020723611
2,44273,25000,0,/home/jussi.hakosalo/Indica/indica/workflows/jussiphd/components/ml/flow_data/scaling_study/vae_s2_n25000_r0.pt,0.314788928377814,3.943943396236867,0.9048107474923134,0.6085784729170799,0.2962322751735151
2,44273,25000,1,/home/jussi.hakosalo/Indica/indica/workflows/jussiphd/components/ml/flow_data/scaling_study/vae_s2_n25000_r1.pt,0.5234546562804541,2.0379892061676856,0.9162163790941238,0.6039465561366081,0.3122698225149512
2,44273,25000,2,/home/jussi.hakosalo/Indica/indica/workflows/jussiphd/components/ml/flow_data/scaling_study/vae_s2_n25000_r2.pt,0.5093630732156451,2.663877036140416,0.9063752120471,0.6024462112498283,0.30392900013204666
2,44273,25000,3,/home/jussi.hakosalo/Indica/indica/workflows/jussiphd/components/ml/flow_data/scaling_study/vae_s2_n25000_r3.pt,0.39415505709282606,2.622572740806222,0.9190798447799683,0.6131992799472809,0.3058805653406307
2,44273,25000,4,/home/jussi.hakosalo/Indica/indica/workflows/jussiphd/components/ml/flow_data/scaling_study/vae_s2_n25000_r4.pt,0.33882766469678416,1.2791014371305625,0.9241444715452194,0.6218373199117184,0.3023071517629176
3,84817,50,0,/home/jussi.hakosalo/Indica/indica/workflows/jussiphd/components/ml/flow_data/scaling_study/vae_s3_n50_r0.pt,1.3117378674327365,141.24570242661235,2.1032636761665344,1.462631153208869,0.6406325570174626
3,84817,50,1,/home/jussi.hakosalo/Indica/indica/workflows/jussiphd/components/ml/flow_data/scaling_study/vae_s3_n50_r1.pt,1.0315149374517971,107.00070032987271,2.3052871227264404,1.4719705411366053,0.8333165858473096
3,84817,50,2,/home/jussi.hakosalo/Indica/indica/workflows/jussiphd/components/ml/flow_data/scaling_study/vae_s3_n50_r2.pt,2.3728224700363763,165.17763042148871,2.93329187801906,2.0892834663391113,0.8440084201948983
3,84817,50,3,/home/jussi.hakosalo/Indica/indica/workflows/jussiphd/components/ml/flow_data/scaling_study/vae_s3_n50_r3.pt,0.700854543124191,89.63378815957451,2.854130813053676,2.3372614639145985,0.5168693555252892
3,84817,50,4,/home/jussi.hakosalo/Indica/indica/workflows/jussiphd/components/ml/flow_data/scaling_study/vae_s3_n50_r4.pt,0.8670831302952342,115.68109610655773,1.9834301131112235,1.6719643303326197,0.31146578916481565
3,84817,200,0,/home/jussi.hakosalo/Indica/indica/workflows/jussiphd/components/ml/flow_data/scaling_study/vae_s3_n200_r0.pt,0.6783778568802146,84.1204356839393,1.4843683171272277,1.1713625109195709,0.3130058312416077
3,84817,200,1,/home/jussi.hakosalo/Indica/indica/workflows/jussiphd/components/ml/flow_data/scaling_study/vae_s3_n200_r1.pt,0.9525902365115235,61.536701393641295,1.5612878060340882,1.1236732244491576,0.4376145678758621
3,84817,200,2,/home/jussi.hakosalo/Indica/indica/workflows/jussiphd/components/ml/flow_data/scaling_study/vae_s3_n200_r2.pt,0.49057295907981824,58.47869004070784,1.333567349910736,0.8438516318798065,0.4897157210111618
3,84817,200,3,/home/jussi.hakosalo/Indica/indica/workflows/jussiphd/components/ml/flow_data/scaling_study/vae_s3_n200_r3.pt,1.0804573562392867,69.65174089771865,1.6829014563560485,1.162013418674469,0.52088803678751
3,84817,200,4,/home/jussi.hakosalo/Indica/indica/workflows/jussiphd/components/ml/flow_data/scaling_study/vae_s3_n200_r4.pt,0.4651555493677223,93.93201771452082,1.5107971239089966,1.182678349018097,0.3281187742203474
3,84817,700,0,/home/jussi.hakosalo/Indica/indica/workflows/jussiphd/components/ml/flow_data/scaling_study/vae_s3_n700_r0.pt,0.5599029326097243,35.67032760530943,1.3231246942146258,0.91302283057435,0.4101018542953005
3,84817,700,1,/home/jussi.hakosalo/Indica/indica/workflows/jussiphd/components/ml/flow_data/scaling_study/vae_s3_n700_r1.pt,0.2629073434613293,46.44700836273884,1.3343109488487244,0.907148249108683,0.4271626983853904
3,84817,700,2,/home/jussi.hakosalo/Indica/indica/workflows/jussiphd/components/ml/flow_data/scaling_study/vae_s3_n700_r2.pt,0.5588398929235842,50.16584708549961,1.3703658391128888,0.9959623442793434,0.3744034911505878
3,84817,700,3,/home/jussi.hakosalo/Indica/indica/workflows/jussiphd/components/ml/flow_data/scaling_study/vae_s3_n700_r3.pt,0.516138783210445,44.78680981894014,1.2114410183646462,0.7927530275827105,0.41868798925795336
3,84817,700,4,/home/jussi.hakosalo/Indica/indica/workflows/jussiphd/components/ml/flow_data/scaling_study/vae_s3_n700_r4.pt,1.1107725974968128,55.52886848712423,1.2878293791277842,0.885590822012587,0.40223855258558283
3,84817,2500,0,/home/jussi.hakosalo/Indica/indica/workflows/jussiphd/components/ml/flow_data/scaling_study/vae_s3_n2500_r0.pt,0.9544820142125764,27.42903909831074,1.1868981209140235,0.8082784952494664,0.37861962658100234
3,84817,2500,1,/home/jussi.hakosalo/Indica/indica/workflows/jussiphd/components/ml/flow_data/scaling_study/vae_s3_n2500_r1.pt,0.7844092911474985,29.577138785752815,1.1291017560437084,0.7458459893687845,0.3832557660470993
3,84817,2500,2,/home/jussi.hakosalo/Indica/indica/workflows/jussiphd/components/ml/flow_data/scaling_study/vae_s3_n2500_r2.pt,0.46344847208679285,17.691844369044013,1.1513727845284885,0.7595977661803889,0.3917750181814733
3,84817,2500,3,/home/jussi.hakosalo/Indica/indica/workflows/jussiphd/components/ml/flow_data/scaling_study/vae_s3_n2500_r3.pt,0.3582294627070963,26.28195540664968,1.1084828737635202,0.7325754904042417,0.3759073864002102
3,84817,2500,4,/home/jussi.hakosalo/Indica/indica/workflows/jussiphd/components/ml/flow_data/scaling_study/vae_s3_n2500_r4.pt,0.3334628260815017,22.52397556420892,1.1208450992267354,0.7349029762295488,0.3859421237410543
3,84817,10000,0,/home/jussi.hakosalo/Indica/indica/workflows/jussiphd/components/ml/flow_data/scaling_study/vae_s3_n10000_r0.pt,0.48566473229573454,4.580049564214614,0.9825174782186746,0.6746990238934756,0.3078184538695961
3,84817,10000,1,/home/jussi.hakosalo/Indica/indica/workflows/jussiphd/components/ml/flow_data/scaling_study/vae_s3_n10000_r1.pt,0.2775913967291795,4.269792935603359,0.9482544290065765,0.6481476211249828,0.3001068070104346
3,84817,10000,2,/home/jussi.hakosalo/Indica/indica/workflows/jussiphd/components/ml/flow_data/scaling_study/vae_s3_n10000_r2.pt,0.23888630240815723,5.480599843863789,0.9769547143399715,0.6695176691830158,0.3074370445884764
3,84817,10000,3,/home/jussi.hakosalo/Indica/indica/workflows/jussiphd/components/ml/flow_data/scaling_study/vae_s3_n10000_r3.pt,0.20750286277864236,3.4371857803934187,0.9912589483261108,0.6829340072333813,0.30832494155727325
3,84817,10000,4,/home/jussi.hakosalo/Indica/indica/workflows/jussiphd/components/ml/flow_data/scaling_study/vae_s3_n10000_r4.pt,0.4106675238261155,4.404931965431169,0.977249654608965,0.6766116856783628,0.3006379685871303
3,84817,25000,0,/home/jussi.hakosalo/Indica/indica/workflows/jussiphd/components/ml/flow_data/scaling_study/vae_s3_n25000_r0.pt,0.2329201946237821,2.9221488364839554,0.908636247524023,0.6125644185566902,0.2960718293423764
3,84817,25000,1,/home/jussi.hakosalo/Indica/indica/workflows/jussiphd/components/ml/flow_data/scaling_study/vae_s3_n25000_r1.pt,0.5675223700085069,4.189317443847511,0.9139159428358078,0.6175898470234871,0.29632609715253116
3,84817,25000,2,/home/jussi.hakosalo/Indica/indica/workflows/jussiphd/components/ml/flow_data/scaling_study/vae_s3_n25000_r2.pt,0.28093696996935896,1.797236285431181,0.9118813437747956,0.6114099564576149,0.30047138791911304
3,84817,25000,3,/home/jussi.hakosalo/Indica/indica/workflows/jussiphd/components/ml/flow_data/scaling_study/vae_s3_n25000_r3.pt,0.3165302865862137,2.0147208519251096,0.9126284158539772,0.609286655561924,0.3033417612469569
3,84817,25000,4,/home/jussi.hakosalo/Indica/indica/workflows/jussiphd/components/ml/flow_data/scaling_study/vae_s3_n25000_r4.pt,0.49505649948474817,1.2947125584129775,0.9093750649142265,0.6173147993588448,0.29206026558503506
4,137649,50,0,/home/jussi.hakosalo/Indica/indica/workflows/jussiphd/components/ml/flow_data/scaling_study/vae_s4_n50_r0.pt,0.9019693954829889,92.9880065431705,2.1787116527557373,1.522339633532933,0.6563719979354313
4,137649,50,1,/home/jussi.hakosalo/Indica/indica/workflows/jussiphd/components/ml/flow_data/scaling_study/vae_s4_n50_r1.pt,0.8184506219934493,114.84484990058127,1.7873936125210352,1.3173408210277557,0.4700528234243393
4,137649,50,2,/home/jussi.hakosalo/Indica/indica/workflows/jussiphd/components/ml/flow_data/scaling_study/vae_s4_n50_r2.pt,0.47992473068544594,95.33222538421039,2.013083053486688,1.8031041792460851,0.2099788255457367
4,137649,50,3,/home/jussi.hakosalo/Indica/indica/workflows/jussiphd/components/ml/flow_data/scaling_study/vae_s4_n50_r3.pt,0.8272670302430483,64.44887814544259,1.7766395551817757,1.4799856884138924,0.2966538816690445
4,137649,50,4,/home/jussi.hakosalo/Indica/indica/workflows/jussiphd/components/ml/flow_data/scaling_study/vae_s4_n50_r4.pt,0.9869962183133926,133.34854259872506,1.909710202898298,1.3717724425452096,0.5379377773829869
4,137649,200,0,/home/jussi.hakosalo/Indica/indica/workflows/jussiphd/components/ml/flow_data/scaling_study/vae_s4_n200_r0.pt,0.5820283610142504,53.16485539047822,1.5759758162498474,1.078909604549408,0.4970662102103233
4,137649,200,1,/home/jussi.hakosalo/Indica/indica/workflows/jussiphd/components/ml/flow_data/scaling_study/vae_s4_n200_r1.pt,1.5825585181855744,65.13696632199353,1.6056139659881592,1.2260585308074952,0.37955544263124463
4,137649,200,2,/home/jussi.hakosalo/Indica/indica/workflows/jussiphd/components/ml/flow_data/scaling_study/vae_s4_n200_r2.pt,0.6052956304645981,70.60493299446122,1.4805519568920136,0.9824499297142029,0.49810203552246096
4,137649,200,3,/home/jussi.hakosalo/Indica/indica/workflows/jussiphd/components/ml/flow_data/scaling_study/vae_s4_n200_r3.pt,1.3102046670650176,57.63322531341207,1.2704818379878997,0.9190687990188598,0.35141304358839986
4,137649,200,4,/home/jussi.hakosalo/Indica/indica/workflows/jussiphd/components/ml/flow_data/scaling_study/vae_s4_n200_r4.pt,0.7177103252673979,58.19475432064328,1.5879052233695985,1.0592197179794312,0.5286855167150497
4,137649,700,0,/home/jussi.hakosalo/Indica/indica/workflows/jussiphd/components/ml/flow_data/scaling_study/vae_s4_n700_r0.pt,1.2269113184136977,42.230181509099914,1.3592828961766579,0.8979107725688003,0.4613721181892536
4,137649,700,1,/home/jussi.hakosalo/Indica/indica/workflows/jussiphd/components/ml/flow_data/scaling_study/vae_s4_n700_r1.pt,0.5366404909106613,42.958929680784756,1.4440435452217406,0.9852148040451787,0.4588287400759079
4,137649,700,2,/home/jussi.hakosalo/Indica/indica/workflows/jussiphd/components/ml/flow_data/scaling_study/vae_s4_n700_r2.pt,0.5145354247151835,39.24387686788066,1.3959330201826312,0.9358749752017584,0.46005804134024814
4,137649,700,3,/home/jussi.hakosalo/Indica/indica/workflows/jussiphd/components/ml/flow_data/scaling_study/vae_s4_n700_r3.pt,0.7392556448481806,39.919283938228475,1.2400843098082326,0.833158673887903,0.4069256344810128
4,137649,700,4,/home/jussi.hakosalo/Indica/indica/workflows/jussiphd/components/ml/flow_data/scaling_study/vae_s4_n700_r4.pt,0.5510618794684857,34.92434170105973,1.3312813517722217,0.8545048804107037,0.47677646069364116
4,137649,2500,0,/home/jussi.hakosalo/Indica/indica/workflows/jussiphd/components/ml/flow_data/scaling_study/vae_s4_n2500_r0.pt,0.3935614772856589,19.514310693700292,1.05149289608573,0.7185252875851366,0.332967611486479
4,137649,2500,1,/home/jussi.hakosalo/Indica/indica/workflows/jussiphd/components/ml/flow_data/scaling_study/vae_s4_n2500_r1.pt,0.5989896139496397,18.154210359016606,1.1410941831029642,0.7640220870891699,0.3770720983644168
4,137649,2500,2,/home/jussi.hakosalo/Indica/indica/workflows/jussiphd/components/ml/flow_data/scaling_study/vae_s4_n2500_r2.pt,0.4733551345237263,29.451320256196514,1.1746203220976046,0.7930479769984754,0.3815723443790651
4,137649,2500,3,/home/jussi.hakosalo/Indica/indica/workflows/jussiphd/components/ml/flow_data/scaling_study/vae_s4_n2500_r3.pt,0.6278897790120131,21.899385028694894,1.1784267595019966,0.807403211966871,0.37102354667818965
4,137649,2500,4,/home/jussi.hakosalo/Indica/indica/workflows/jussiphd/components/ml/flow_data/scaling_study/vae_s4_n2500_r4.pt,0.45816138362728315,20.630575124139877,1.1418363344364655,0.7829248467192482,0.3589114852773305
4,137649,10000,0,/home/jussi.hakosalo/Indica/indica/workflows/jussiphd/components/ml/flow_data/scaling_study/vae_s4_n10000_r0.pt,0.440175167947339,4.110404062861717,0.9700674009561538,0.6740517185628414,0.29601568285673857
4,137649,10000,1,/home/jussi.hakosalo/Indica/indica/workflows/jussiphd/components/ml/flow_data/scaling_study/vae_s4_n10000_r1.pt,0.2707081330011184,5.922056858992437,0.9761512160658836,0.6749781985759735,0.3011730155710131
4,137649,10000,2,/home/jussi.hakosalo/Indica/indica/workflows/jussiphd/components/ml/flow_data/scaling_study/vae_s4_n10000_r2.pt,0.4701505588744989,4.048164945483715,0.9585013799130917,0.6540686937212944,0.30443268426060677
4,137649,10000,3,/home/jussi.hakosalo/Indica/indica/workflows/jussiphd/components/ml/flow_data/scaling_study/vae_s4_n10000_r3.pt,0.21891568628275182,5.183478762224192,0.9749533960044384,0.6685580834567547,0.3063953138425946
4,137649,10000,4,/home/jussi.hakosalo/Indica/indica/workflows/jussiphd/components/ml/flow_data/scaling_study/vae_s4_n10000_r4.pt,0.29418373549279836,5.168094978813322,0.9879106229782104,0.6933835140794515,0.29452710764650253
4,137649,25000,0,/home/jussi.hakosalo/Indica/indica/workflows/jussiphd/components/ml/flow_data/scaling_study/vae_s4_n25000_r0.pt,0.21662088868310977,2.397178343717083,0.9171752244734764,0.6190789323019982,0.29809629227772355
4,137649,25000,1,/home/jussi.hakosalo/Indica/indica/workflows/jussiphd/components/ml/flow_data/scaling_study/vae_s4_n25000_r1.pt,0.31628642674611196,3.183090652573603,0.9218834313845634,0.6137121169650555,0.3081713141682372
4,137649,25000,2,/home/jussi.hakosalo/Indica/indica/workflows/jussiphd/components/ml/flow_data/scaling_study/vae_s4_n25000_r2.pt,0.23400092957572027,4.293894274605238,0.9158500905525684,0.6178754246735573,0.29797466549672186
4,137649,25000,3,/home/jussi.hakosalo/Indica/indica/workflows/jussiphd/components/ml/flow_data/scaling_study/vae_s4_n25000_r3.pt,0.45587707859999005,0.7614559233183071,0.9240739289283753,0.627196471492052,0.29687745690859857
4,137649,25000,4,/home/jussi.hakosalo/Indica/indica/workflows/jussiphd/components/ml/flow_data/scaling_study/vae_s4_n25000_r4.pt,0.22357563427696903,2.4514898899217843,0.9010484832334519,0.6093567783474922,0.2916917051312327
