0.0,0.0,0.0,0.0,0.0,0.0,0.0,0.0
0.0,0.0,0.0,0.0,0.0,0.0,0.0,0.0
0.0,0.0,0.0,0.0,0.0,0.0,0.0,0.0
1085291.5,1263663.1,1373102.0,1413372.5,791233.0,317690.44,15558.194,0.0
1.4331357e-11,1.7335033e-11,1.6681694e-11,8.257708e-12,3.2537664e-11,3.709308e-12,-2.0813238e-13,0.0
0.0,0.0,0.0,0.0,0.0,0.0,0.0,0.0
0.0,0.0,0.0,0.0,0.0,0.0,0.0,0.0
1435819.5,1630814.2,1685295.0,1942850.6,1182273.1,628597.7,187396.08,0.0
2.274172e-11,2.989663e-11,2.0401354e-11,2.1244726e-11,1.9246183e-11,2.3009641e-11,0.0,0.0
0.0,0.0,0.0,0.0,0.0,0.0,0.0,0.0
0.0,0.0,0.0,0.0,0.0,0.0,0.0,0.0
0.0,0.0,0.0,0.0,0.0,0.0,0.0,0.0
0.0,0.0,0.0,0.0,0.0,0.0,0.0,0.0
0.0,0.0,0.0,0.0,0.0,0.0,0.0,0.0
881433.6,1011575.3,1116197.8,1312841.2,983188.2,369453.06,132625.81,1443.6681
832702.94,946779.0,1057314.4,1250268.4,1079319.9,348888.25,144825.31,6071.166
812477.1,925846.75,1028309.75,1172257.1,1047003.44,348719.38,145083.36,4611.8423
758628.94,865150.3,962471.3,1064968.9,1088630.8,348446.44,154537.44,7188.944
0.0,0.0,0.0,0.0,0.0,0.0,0.0,0.0
0.0,0.0,0.0,0.0,0.0,0.0,0.0,0.0
0.0,0.0,0.0,0.0,0.0,0.0,0.0,0.0
0.0,0.0,0.0,0.0,0.0,0.0,0.0,0.0
562082.1,654113.3,726616.7,799560.8,510605.0,229929.67,47274.176,0.0
3.4465625e-12,3.997686e-12,8.319559e-12,1.9956745e-12,2.8079468e-12,4.5306003e-12,-3.631683e-14,0.0
673028.4,765617.44,856058.3,1015817.8,824560.3,274198.03,107060.87,4135.9614
775889.5,881895.4,975575.94,1110363.5,1010827.06,336008.72,149404.14,7406.19
718868.6,818596.3,906685.8,1003005.3,958475.5,327872.4,141716.25,6145.306
0.0,0.0,0.0,0.0,0.0,0.0,0.0,0.0
0.0,0.0,0.0,0.0,0.0,0.0,0.0,0.0
0.0,0.0,0.0,0.0,0.0,0.0,0.0,0.0
0.0,0.0,0.0,0.0,0.0,0.0,0.0,0.0
568204.56,658608.0,722083.0,786252.8,510693.5,243017.5,54851.82,0.0
750176.5,858617.3,970367.9,1135683.8,834854.7,313421.28,98054.08,1430.4117
822453.5,930110.5,1048309.94,1254329.8,1070459.9,329330.16,131135.42,7460.0576
828400.94,932098.7,1039941.9,1210505.2,1134413.6,337456.7,149980.12,10004.8545
752700.0,854751.9,954137.94,1076852.5,1019817.06,325234.1,134718.47,5713.485
0.0,0.0,0.0,0.0,0.0,0.0,0.0,0.0
0.0,0.0,0.0,0.0,0.0,0.0,0.0,0.0
0.0,0.0,0.0,0.0,0.0,0.0,0.0,0.0
0.0,0.0,0.0,0.0,0.0,0.0,0.0,0.0
0.0,0.0,0.0,0.0,0.0,0.0,0.0,0.0
0.0,0.0,0.0,0.0,0.0,0.0,0.0,0.0
0.0,0.0,0.0,0.0,0.0,0.0,0.0,0.0
0.0,0.0,0.0,0.0,0.0,0.0,0.0,0.0
0.0,0.0,0.0,0.0,0.0,0.0,0.0,0.0
0.0,0.0,0.0,0.0,0.0,0.0,0.0,0.0
0.0,0.0,0.0,0.0,0.0,0.0,0.0,0.0
0.0,0.0,0.0,0.0,0.0,0.0,0.0,0.0
0.0,0.0,0.0,0.0,0.0,0.0,0.0,0.0
0.0,0.0,0.0,0.0,0.0,0.0,0.0,0.0
754090.44,863982.44,974131.3,1136264.6,817359.56,317332.22,97099.76,842.9481
744771.6,847722.6,940815.7,1125627.5,926867.1,300473.22,125635.79,4026.5137
723319.94,819604.75,936233.75,1125397.9,1004618.56,265719.44,95550.11,3105.786
666385.44,758524.0,850665.2,964760.44,895976.8,285905.12,112206.516,3412.656
0.0,0.0,0.0,0.0,0.0,0.0,0.0,0.0
0.0,0.0,0.0,0.0,0.0,0.0,0.0,0.0
608266.9,704894.4,814963.0,849006.4,731039.9,449215.88,185371.11,24080.21
942823.7,1092424.8,1216259.6,1264788.2,1176130.2,674778.56,349303.25,68026.88
1284637.4,1494205.4,1609441.5,1637578.5,1484886.9,815604.56,444109.56,30933.037
1585552.5,1840125.2,1963209.1,2032090.1,1797173.2,900340.75,443477.6,2851.8438
1.5635335e-11,1.698089e-11,2.0175773e-11,2.967109e-11,1.9880821e-11,-6.486412e-13,-1.2241928e-12,0.0
0.0,0.0,0.0,0.0,0.0,0.0,0.0,0.0
0.0,0.0,0.0,0.0,0.0,0.0,0.0,0.0
0.0,0.0,0.0,0.0,0.0,0.0,0.0,0.0
0.0,0.0,0.0,0.0,0.0,0.0,0.0,0.0
0.0,0.0,0.0,0.0,0.0,0.0,0.0,0.0
0.0,0.0,0.0,0.0,0.0,0.0,0.0,0.0
0.0,0.0,0.0,0.0,0.0,0.0,0.0,0.0
0.0,0.0,0.0,0.0,0.0,0.0,0.0,0.0
0.0,0.0,0.0,0.0,0.0,0.0,0.0,0.0
0.0,0.0,0.0,0.0,0.0,0.0,0.0,0.0
0.0,0.0,0.0,0.0,0.0,0.0,0.0,0.0
0.0,0.0,0.0,0.0,0.0,0.0,0.0,0.0
0.0,0.0,0.0,0.0,0.0,0.0,0.0,0.0
0.0,0.0,0.0,0.0,0.0,0.0,0.0,0.0
1321815.0,1541037.9,1684774.6,1615357.8,1479489.8,1069296.6,689027.56,182862.19
1.0013235e-11,2.827003e-12,1.4030232e-11,1.9456697e-11,1.914633e-11,-3.8321455e-12,-1.6449604e-11,4.3445508e-12
0.0,0.0,0.0,0.0,0.0,0.0,0.0,0.0
0.0,0.0,0.0,0.0,0.0,0.0,0.0,0.0
0.0,0.0,0.0,0.0,0.0,0.0,0.0,0.0
0.0,0.0,0.0,0.0,0.0,0.0,0.0,0.0
0.0,0.0,0.0,0.0,0.0,0.0,0.0,0.0
0.0,0.0,0.0,0.0,0.0,0.0,0.0,0.0
0.0,0.0,0.0,0.0,0.0,0.0,0.0,0.0
0.0,0.0,0.0,0.0,0.0,0.0,0.0,0.0
0.0,0.0,0.0,0.0,0.0,0.0,0.0,0.0
0.0,0.0,0.0,0.0,0.0,0.0,0.0,0.0
0.0,0.0,0.0,0.0,0.0,0.0,0.0,0.0
0.0,0.0,0.0,0.0,0.0,0.0,0.0,0.0
0.0,0.0,0.0,0.0,0.0,0.0,0.0,0.0
0.0,0.0,0.0,0.0,0.0,0.0,0.0,0.0
0.0,0.0,0.0,0.0,0.0,0.0,0.0,0.0
0.0,0.0,0.0,0.0,0.0,0.0,0.0,0.0
0.0,0.0,0.0,0.0,0.0,0.0,0.0,0.0
0.0,0.0,0.0,0.0,0.0,0.0,0.0,0.0
0.0,0.0,0.0,0.0,0.0,0.0,0.0,0.0
0.0,0.0,0.0,0.0,0.0,0.0,0.0,0.0
0.0,0.0,0.0,0.0,0.0,0.0,0.0,0.0
0.0,0.0,0.0,0.0,0.0,0.0,0.0,0.0
0.0,0.0,0.0,0.0,0.0,0.0,0.0,0.0
0.0,0.0,0.0,0.0,0.0,0.0,0.0,0.0
0.0,0.0,0.0,0.0,0.0,0.0,0.0,0.0
0.0,0.0,0.0,0.0,0.0,0.0,0.0,0.0
0.0,0.0,0.0,0.0,0.0,0.0,0.0,0.0
0.0,0.0,0.0,0.0,0.0,0.0,0.0,0.0
0.0,0.0,0.0,0.0,0.0,0.0,0.0,0.0
0.0,0.0,0.0,0.0,0.0,0.0,0.0,0.0
0.0,0.0,0.0,0.0,0.0,0.0,0.0,0.0
0.0,0.0,0.0,0.0,0.0,0.0,0.0,0.0
0.0,0.0,0.0,0.0,0.0,0.0,0.0,0.0
0.0,0.0,0.0,0.0,0.0,0.0,0.0,0.0
0.0,0.0,0.0,0.0,0.0,0.0,0.0,0.0
0.0,0.0,0.0,0.0,0.0,0.0,0.0,0.0
0.0,0.0,0.0,0.0,0.0,0.0,0.0,0.0
0.0,0.0,0.0,0.0,0.0,0.0,0.0,0.0
0.0,0.0,0.0,0.0,0.0,0.0,0.0,0.0
0.0,0.0,0.0,0.0,0.0,0.0,0.0,0.0
0.0,0.0,0.0,0.0,0.0,0.0,0.0,0.0
0.0,0.0,0.0,0.0,0.0,0.0,0.0,0.0
0.0,0.0,0.0,0.0,0.0,0.0,0.0,0.0
1341897.4,1538975.0,1810248.8,2052956.5,1826258.0,866617.2,294393.2,39554.07
1621472.0,1862315.8,2219510.5,2620631.5,1908643.4,673164.06,163821.3,819.29926
1289288.6,1489259.4,1770822.8,2133671.2,1273409.6,425022.06,85146.55,0.0
6.8391434e-12,9.653906e-12,9.158856e-12,1.4867012e-11,-1.33168225e-11,1.5667685e-12,7.325195e-12,0.0
0.0,0.0,0.0,0.0,0.0,0.0,0.0,0.0
0.0,0.0,0.0,0.0,0.0,0.0,0.0,0.0
0.0,0.0,0.0,0.0,0.0,0.0,0.0,0.0
0.0,0.0,0.0,0.0,0.0,0.0,0.0,0.0
0.0,0.0,0.0,0.0,0.0,0.0,0.0,0.0
0.0,0.0,0.0,0.0,0.0,0.0,0.0,0.0
0.0,0.0,0.0,0.0,0.0,0.0,0.0,0.0
0.0,0.0,0.0,0.0,0.0,0.0,0.0,0.0
0.0,0.0,0.0,0.0,0.0,0.0,0.0,0.0
0.0,0.0,0.0,0.0,0.0,0.0,0.0,0.0
0.0,0.0,0.0,0.0,0.0,0.0,0.0,0.0
0.0,0.0,0.0,0.0,0.0,0.0,0.0,0.0
0.0,0.0,0.0,0.0,0.0,0.0,0.0,0.0
0.0,0.0,0.0,0.0,0.0,0.0,0.0,0.0
1447813.1,1651759.6,1930077.8,2189320.5,1996639.9,1038545.44,365150.56,64464.46
1792020.2,2051881.9,2415574.0,2800340.0,2247948.5,866343.1,239992.31,5836.5347
1.6786104e-11,2.2786507e-11,2.0169382e-11,2.7989024e-11,3.2493837e-11,2.7884844e-11,5.1157494e-13,0.0
0.0,0.0,0.0,0.0,0.0,0.0,0.0,0.0
0.0,0.0,0.0,0.0,0.0,0.0,0.0,0.0
0.0,0.0,0.0,0.0,0.0,0.0,0.0,0.0
0.0,0.0,0.0,0.0,0.0,0.0,0.0,0.0
0.0,0.0,0.0,0.0,0.0,0.0,0.0,0.0
1090165.9,1239307.2,1438295.8,1449798.8,1107280.5,568505.94,157172.86,0.0
1.4357563e-11,1.5036021e-11,1.2841206e-11,3.0799766e-11,6.6660226e-11,1.5658103e-11,-1.521887e-11,0.0
0.0,0.0,0.0,0.0,0.0,0.0,0.0,0.0
968825.4,1113273.1,1316647.9,1478770.5,1201222.4,472852.94,104243.445,0.0
-8.421911e-12,-8.48714e-12,-8.406436e-12,-1.4469617e-11,-5.9918012e-12,-1.8902324e-11,-2.2024724e-13,-5.1212403e-13
0.0,0.0,0.0,0.0,0.0,0.0,0.0,0.0
0.0,0.0,0.0,0.0,0.0,0.0,0.0,0.0
0.0,0.0,0.0,0.0,0.0,0.0,0.0,0.0
0.0,0.0,0.0,0.0,0.0,0.0,0.0,0.0
0.0,0.0,0.0,0.0,0.0,0.0,0.0,0.0
0.0,0.0,0.0,0.0,0.0,0.0,0.0,0.0
0.0,0.0,0.0,0.0,0.0,0.0,0.0,0.0
0.0,0.0,0.0,0.0,0.0,0.0,0.0,0.0
0.0,0.0,0.0,0.0,0.0,0.0,0.0,0.0
0.0,0.0,0.0,0.0,0.0,0.0,0.0,0.0
0.0,0.0,0.0,0.0,0.0,0.0,0.0,0.0
0.0,0.0,0.0,0.0,0.0,0.0,0.0,0.0
0.0,0.0,0.0,0.0,0.0,0.0,0.0,0.0
1004994.8,1185218.2,1382444.1,1327858.4,763630.4,227119.55,18622.393,0.0
1.2470534e-11,1.5924827e-11,1.1656861e-11,8.011671e-12,1.7570747e-11,9.818795e-12,2.249558e-13,0.0
0.0,0.0,0.0,0.0,0.0,0.0,0.0,0.0
1149697.4,1310093.2,1494403.2,1728627.2,1339334.2,506122.3,157410.19,2829.5269
1196456.4,1350313.6,1471077.8,1651543.4,1563340.8,550932.6,285840.9,20457.328
1093737.0,1236962.4,1335617.0,1446397.2,1517039.8,525012.25,294441.1,22169.271
1205661.9,1364719.0,1457363.1,1533141.1,1729230.9,604314.4,345878.78,23361.26
0.0,0.0,0.0,0.0,0.0,0.0,0.0,0.0
0.0,0.0,0.0,0.0,0.0,0.0,0.0,0.0
0.0,0.0,0.0,0.0,0.0,0.0,0.0,0.0
0.0,0.0,0.0,0.0,0.0,0.0,0.0,0.0
0.0,0.0,0.0,0.0,0.0,0.0,0.0,0.0
1709912.6,1958163.2,2324892.5,2805862.8,2129869.8,669328.6,146125.69,0.0
1661901.9,1886005.6,2207651.0,2632516.8,2800098.5,765023.94,225821.67,4963.055
1294711.9,1470074.6,1713582.2,1951147.8,2310947.2,656705.2,223678.42,9696.215
-1.234414e-11,-1.3513828e-11,-1.5233337e-11,-2.1595602e-11,-2.0073693e-11,-5.6514483e-13,0.0,0.0
0.0,0.0,0.0,0.0,0.0,0.0,0.0,0.0
0.0,0.0,0.0,0.0,0.0,0.0,0.0,0.0
0.0,0.0,0.0,0.0,0.0,0.0,0.0,0.0
0.0,0.0,0.0,0.0,0.0,0.0,0.0,0.0
0.0,0.0,0.0,0.0,0.0,0.0,0.0,0.0
1415976.1,1622094.5,1925066.8,2240236.5,1716504.2,610798.44,131783.72,0.0
1269792.0,1442023.0,1688867.1,1970860.1,2138662.5,662362.75,208027.69,9157.496
1103625.1,1251393.6,1455353.0,1626473.6,1979423.6,588405.06,222119.88,15151.246
952745.25,1086850.4,1265533.0,1359279.5,1688516.6,511432.53,180171.1,3958.3926
0.0,0.0,0.0,0.0,0.0,0.0,0.0,0.0
0.0,0.0,0.0,0.0,0.0,0.0,0.0,0.0
895874.7,1035423.8,1235913.4,1297988.0,986031.56,473371.25,105061.19,1387.0835
-4.0283454e-12,-4.9681427e-12,-7.2225568e-12,-4.743455e-12,-3.6265345e-11,-4.107696e-12,-1.5273407e-13,0.0
828654.25,952524.8,1132150.6,1268672.6,978037.25,414208.1,94477.99,302.31915
894762.4,1031538.9,1223282.5,1401167.8,975224.2,363510.9,71984.44,0.0
914456.94,1040616.5,1217429.2,1419009.6,1518483.2,456479.44,146969.69,5401.4517
850611.3,970090.3,1127775.8,1225126.9,1498628.9,463172.22,203570.3,13747.736
757672.4,865621.3,1012094.6,1075085.1,1396802.5,404082.38,156204.25,4588.2773
0.0,0.0,0.0,0.0,0.0,0.0,0.0,0.0
0.0,0.0,0.0,0.0,0.0,0.0,0.0,0.0
612873.56,709294.3,844375.06,834274.75,628687.9,311944.78,66660.98,368.76147
7.305378e-12,9.2171375e-12,9.601693e-12,7.570207e-12,8.663711e-12,5.259573e-12,8.0956243e-13,1.1714848e-12
523983.25,605279.5,713805.9,760337.25,608811.6,297624.72,74868.75,889.69025
577051.6,669211.94,775601.44,871236.1,587821.75,248548.98,51330.805,0.0
655380.5,749573.56,878320.4,990731.75,1009629.0,333910.16,113698.984,3491.8132
643313.2,730611.1,857731.5,944358.44,1172962.5,347048.88,143312.38,10221.551
620731.94,708706.1,827352.6,881906.0,1156915.9,330940.6,136721.17,5612.3022
0.0,0.0,0.0,0.0,0.0,0.0,0.0,0.0
0.0,0.0,0.0,0.0,0.0,0.0,0.0,0.0
1223024.1,1415047.2,1685969.2,1842405.0,1404871.2,626799.0,144846.05,0.0
-3.360543e-12,-4.0881114e-12,-5.9804327e-12,-2.1578408e-13,-2.4847487e-12,1.4449247e-11,0.0,0.0
1517096.8,1733319.0,2047698.9,2409000.8,2128629.0,897753.1,239794.22,10709.584
1578101.6,1814938.9,2145797.8,2536914.2,1883731.5,638348.0,139460.58,0.0
1542474.2,1751941.4,2040015.1,2384982.8,2617100.2,825704.06,269332.56,15456.514
1560545.1,1761279.2,2013779.6,2280490.2,2939714.5,767353.25,316131.0,34609.867
1363621.9,1556679.5,1788675.4,1876653.5,2412033.0,737393.2,304772.75,10574.067
0.0,0.0,0.0,0.0,0.0,0.0,0.0,0.0
0.0,0.0,0.0,0.0,0.0,0.0,0.0,0.0
1296200.4,1496448.2,1787992.1,2002777.8,1550920.0,669798.2,155086.58,0.0
1.0738678e-12,1.5305447e-12,1.2936664e-13,-1.974274e-11,1.2146673e-12,-1.3037508e-11,9.863045e-13,0.0
1642013.5,1868984.1,2190595.0,2640028.8,2410714.2,942531.0,258683.88,16639.143
1724684.9,1980516.8,2341960.0,2823981.2,2156394.5,678280.06,155238.17,0.0
-1.44874095e-11,-1.9150664e-11,-1.7553632e-11,-1.8975675e-11,-1.1217829e-11,-1.8783818e-11,-4.2935573e-12,0.0
1693755.6,1919986.9,2200331.8,2472787.0,3183797.5,895189.6,371364.53,39832.902
1527935.0,1750297.0,2005090.1,2078258.5,2690766.5,879269.0,388334.94,18059.715
0.0,0.0,0.0,0.0,0.0,0.0,0.0,0.0
0.0,0.0,0.0,0.0,0.0,0.0,0.0,0.0
1305170.8,1505640.8,1800581.4,2023150.0,1538423.8,638412.3,145504.77,0.0
-3.3757506e-12,-3.921084e-12,-5.6503946e-12,-1.9719552e-12,-2.7161947e-12,-3.3522302e-12,0.0,0.0
1505959.2,1721603.4,2024612.1,2400129.8,2093383.0,880214.1,239786.02,10646.545
1554320.0,1783884.5,2113291.5,2505253.8,1978725.9,685514.4,156393.0,0.0
1542680.8,1757461.9,2046880.8,2346972.8,2579209.8,883300.75,306162.2,18943.525
1499220.5,1708708.1,1953220.1,2127725.5,2563090.8,835631.0,354342.6,27703.215
1432131.4,1642482.1,1866477.8,1913749.2,2372184.5,837510.44,359427.75,11358.567
0.0,0.0,0.0,0.0,0.0,0.0,0.0,0.0
0.0,0.0,0.0,0.0,0.0,0.0,0.0,0.0
0.0,0.0,0.0,0.0,0.0,0.0,0.0,0.0
0.0,0.0,0.0,0.0,0.0,0.0,0.0,0.0
0.0,0.0,0.0,0.0,0.0,0.0,0.0,0.0
0.0,0.0,0.0,0.0,0.0,0.0,0.0,0.0
0.0,0.0,0.0,0.0,0.0,0.0,0.0,0.0
0.0,0.0,0.0,0.0,0.0,0.0,0.0,0.0
0.0,0.0,0.0,0.0,0.0,0.0,0.0,0.0
0.0,0.0,0.0,0.0,0.0,0.0,0.0,0.0
0.0,0.0,0.0,0.0,0.0,0.0,0.0,0.0
0.0,0.0,0.0,0.0,0.0,0.0,0.0,0.0
1577953.6,1799356.4,2130768.2,2485868.5,2389653.8,1283685.8,419987.62,41341.805
1588482.4,1830579.2,2155408.8,2512942.5,2144823.2,830857.56,221385.08,0.0
1487105.2,1736942.5,2034874.1,2414076.0,1487417.6,512049.2,86431.07,0.0
1.3978658e-11,1.40084975e-11,8.124785e-12,1.0150971e-11,4.8368552e-11,-9.708351e-12,-8.012573e-12,0.0
0.0,0.0,0.0,0.0,0.0,0.0,0.0,0.0
0.0,0.0,0.0,0.0,0.0,0.0,0.0,0.0
0.0,0.0,0.0,0.0,0.0,0.0,0.0,0.0
0.0,0.0,0.0,0.0,0.0,0.0,0.0,0.0
1150462.8,1333025.9,1576423.0,1736846.4,1420368.8,726121.9,193402.7,0.0
1347514.9,1536282.9,1803048.4,2076470.0,2011286.5,1141921.9,421658.97,69697.25
1746974.0,2006342.0,2354490.2,2752005.0,2508969.8,1016519.8,302608.56,4375.1885
1633391.2,1898140.9,2215137.5,2643769.0,1714984.4,581068.5,116511.76,0.0
-2.2398165e-11,-2.4423307e-11,-2.959043e-11,-1.3895801e-11,-2.613339e-11,2.4585228e-11,-1.0202052e-12,0.0
1647966.8,1893895.2,2177870.8,2390406.0,2726834.5,921911.94,383657.47,14826.38
1593723.4,1838909.5,2091771.1,2169038.0,2502232.0,892067.06,342139.9,822.55066
0.0,0.0,0.0,0.0,0.0,0.0,0.0,0.0
0.0,0.0,0.0,0.0,0.0,0.0,0.0,0.0
0.0,0.0,0.0,0.0,0.0,0.0,0.0,0.0
1385260.6,1578707.4,1859762.8,2121731.0,2057300.1,1137096.8,425542.88,68829.67
1355614.6,1558037.8,1835115.2,2100964.2,1895161.2,790690.8,244347.19,8992.98
1.2740588e-11,1.30566296e-11,1.4135481e-11,2.7936193e-11,-5.7409854e-12,2.9477142e-13,7.585541e-12,0.0
0.0,0.0,0.0,0.0,0.0,0.0,0.0,0.0
1414850.6,1623892.5,1862298.2,2008544.6,2486877.2,757802.75,379115.28,27370.805
-9.895829e-12,-1.1845566e-11,-1.0780817e-11,-2.2725596e-11,-2.9869267e-11,3.644736e-12,6.4767495e-13,2.229495e-12
0.0,0.0,0.0,0.0,0.0,0.0,0.0,0.0
0.0,0.0,0.0,0.0,0.0,0.0,0.0,0.0
0.0,0.0,0.0,0.0,0.0,0.0,0.0,0.0
1493863.9,1705135.0,2002281.4,2372342.0,2253091.2,1196045.8,382384.4,56027.88
1548977.8,1776944.5,2089524.9,2453936.5,2203096.2,881738.7,252174.66,6154.8696
1585785.9,1842649.5,2164733.0,2574730.8,1745127.6,590514.9,122568.98,0.0
-9.341488e-12,-7.498576e-12,-1.43396215e-11,-1.8941185e-11,-1.8979552e-11,6.7018553e-13,1.1506465e-12,0.0
1550595.4,1777894.4,2056200.2,2223707.2,2776957.5,918224.94,437919.5,38324.547
1628682.6,1878674.1,2138575.8,2267003.8,2871085.8,881991.44,395736.78,9018.374
0.0,0.0,0.0,0.0,0.0,0.0,0.0,0.0
0.0,0.0,0.0,0.0,0.0,0.0,0.0,0.0
0.0,0.0,0.0,0.0,0.0,0.0,0.0,0.0
1566363.4,1782942.4,2086085.0,2391729.2,2347356.0,1293207.1,484924.62,89807.19
1261573.1,1450019.4,1684359.0,1935633.5,1646555.5,681207.44,213829.62,5635.6646
1510990.6,1743690.1,2015779.5,2358591.8,1775790.4,647884.1,183162.14,0.0
-2.537859e-11,-2.6537715e-11,-3.0962472e-11,-4.8447527e-11,-1.025669e-10,-1.6737407e-11,1.1436475e-13,2.7783914e-13
0.0,0.0,0.0,0.0,0.0,0.0,0.0,0.0
0.0,0.0,0.0,0.0,0.0,0.0,0.0,0.0
0.0,0.0,0.0,0.0,0.0,0.0,0.0,0.0
0.0,0.0,0.0,0.0,0.0,0.0,0.0,0.0
0.0,0.0,0.0,0.0,0.0,0.0,0.0,0.0
1546088.5,1749458.4,2051487.1,2404065.0,2421065.8,1503654.0,579282.94,127002.96
1450335.5,1661660.0,1933022.0,2255174.8,2111695.5,893809.6,299880.72,26134.865
1.01956915e-11,1.1190082e-11,1.28435e-11,3.4081978e-12,-5.4501304e-12,1.646913e-12,-1.7890082e-12,0.0
0.0,0.0,0.0,0.0,0.0,0.0,0.0,0.0
0.0,0.0,0.0,0.0,0.0,0.0,0.0,0.0
0.0,0.0,0.0,0.0,0.0,0.0,0.0,0.0
0.0,0.0,0.0,0.0,0.0,0.0,0.0,0.0
0.0,0.0,0.0,0.0,0.0,0.0,0.0,0.0
0.0,0.0,0.0,0.0,0.0,0.0,0.0,0.0
1617864.8,1836016.2,2148262.0,2489171.2,2462392.0,1453586.0,554104.06,113169.1
1304183.9,1505362.4,1753347.1,2015566.0,1742480.0,719749.0,227091.72,1913.6523
1525534.1,1767474.4,2054647.5,2416062.8,1794621.9,641713.1,169319.73,0.0
-4.160348e-12,-4.67982e-12,-4.33747e-12,-1.09273346e-11,-4.3995904e-11,3.336338e-12,-1.0243245e-11,0.0
0.0,0.0,0.0,0.0,0.0,0.0,0.0,0.0
0.0,0.0,0.0,0.0,0.0,0.0,0.0,0.0
0.0,0.0,0.0,0.0,0.0,0.0,0.0,0.0
0.0,0.0,0.0,0.0,0.0,0.0,0.0,0.0
0.0,0.0,0.0,0.0,0.0,0.0,0.0,0.0
0.0,0.0,0.0,0.0,0.0,0.0,0.0,0.0
0.0,0.0,0.0,0.0,0.0,0.0,0.0,0.0
0.0,0.0,0.0,0.0,0.0,0.0,0.0,0.0
0.0,0.0,0.0,0.0,0.0,0.0,0.0,0.0
0.0,0.0,0.0,0.0,0.0,0.0,0.0,0.0
0.0,0.0,0.0,0.0,0.0,0.0,0.0,0.0
0.0,0.0,0.0,0.0,0.0,0.0,0.0,0.0
0.0,0.0,0.0,0.0,0.0,0.0,0.0,0.0
0.0,0.0,0.0,0.0,0.0,0.0,0.0,0.0
0.0,0.0,0.0,0.0,0.0,0.0,0.0,0.0
0.0,0.0,0.0,0.0,0.0,0.0,0.0,0.0
0.0,0.0,0.0,0.0,0.0,0.0,0.0,0.0
0.0,0.0,0.0,0.0,0.0,0.0,0.0,0.0
0.0,0.0,0.0,0.0,0.0,0.0,0.0,0.0
0.0,0.0,0.0,0.0,0.0,0.0,0.0,0.0
0.0,0.0,0.0,0.0,0.0,0.0,0.0,0.0
0.0,0.0,0.0,0.0,0.0,0.0,0.0,0.0
0.0,0.0,0.0,0.0,0.0,0.0,0.0,0.0
1190591.4,1382872.2,1571287.6,1624740.5,1120284.1,530420.6,96874.88,0.0
2.4492275e-12,2.6125736e-12,8.001715e-12,6.653823e-13,-2.1509244e-12,-4.404948e-12,3.0627657e-13,0.0
0.0,0.0,0.0,0.0,0.0,0.0,0.0,0.0
1022473.06,1160369.1,1240304.5,1350925.6,1297623.9,507333.06,282748.84,19388.25
1318292.2,1503245.1,1633853.1,1747156.8,1840902.8,653046.3,357050.38,22783.19
1063719.6,1212328.8,1294906.1,1346862.4,1505147.4,551881.25,316174.06,20751.328
0.0,0.0,0.0,0.0,0.0,0.0,0.0,0.0
0.0,0.0,0.0,0.0,0.0,0.0,0.0,0.0
0.0,0.0,0.0,0.0,0.0,0.0,0.0,0.0
1483989.9,1697587.9,1884221.6,1938707.1,1856363.0,1229496.4,692920.3,189741.28
9.386538e-12,1.0447443e-11,5.0907017e-12,-1.1383559e-12,-1.5254432e-13,3.737647e-11,1.6894246e-11,4.2661066e-12
0.0,0.0,0.0,0.0,0.0,0.0,0.0,0.0
0.0,0.0,0.0,0.0,0.0,0.0,0.0,0.0
2812266.8,3206793.8,3587695.8,3830515.8,4102790.2,1473525.1,622106.4,10026.649
2236893.0,2557131.0,2943634.8,3211172.5,3051403.5,1068717.1,301291.28,0.0
0.0,0.0,0.0,0.0,0.0,0.0,0.0,0.0
0.0,0.0,0.0,0.0,0.0,0.0,0.0,0.0
0.0,0.0,0.0,0.0,0.0,0.0,0.0,0.0
1560360.0,1785176.6,2044461.2,2202815.8,2088936.9,1316450.2,599801.9,120199.64
1237179.1,1422026.4,1626919.6,1821933.2,1629500.9,684196.3,240177.2,3589.578
3.9179584e-12,3.9441315e-12,6.1200927e-12,1.7759927e-12,2.3268557e-12,4.1937725e-12,1.1839137e-13,1.24017e-14
1070095.0,1234210.1,1408047.6,1543868.1,1613704.8,562049.3,247411.69,7526.2563
1191503.2,1370194.2,1568985.9,1668233.4,1791902.8,640711.8,260661.94,7434.805
1075593.2,1239800.4,1399445.0,1428526.2,1645944.0,591504.75,263184.72,7648.3066
0.0,0.0,0.0,0.0,0.0,0.0,0.0,0.0
0.0,0.0,0.0,0.0,0.0,0.0,0.0,0.0
0.0,0.0,0.0,0.0,0.0,0.0,0.0,0.0
1455264.6,1660940.2,1913186.9,2064024.9,1873042.1,1211265.1,502124.84,87768.99
1183734.6,1361615.5,1574086.2,1712917.1,1459907.5,674501.4,205393.0,1733.7802
894706.56,1031076.1,1187652.9,1301948.1,1156476.1,469671.28,149464.25,0.0
1030340.4,1190433.1,1363281.5,1474557.1,1470063.8,547058.6,218899.88,3035.5056
1131313.1,1297583.6,1486230.2,1588010.1,1689599.1,589774.9,234023.88,6279.5977
1013537.06,1166346.2,1314905.2,1337461.5,1476292.0,552225.25,231605.8,4446.152
0.0,0.0,0.0,0.0,0.0,0.0,0.0,0.0
0.0,0.0,0.0,0.0,0.0,0.0,0.0,0.0
0.0,0.0,0.0,0.0,0.0,0.0,0.0,0.0
1533692.2,1749908.0,1949328.2,2037903.2,1958966.1,1269644.1,679239.75,183822.64
-1.1923143e-11,-7.541086e-12,-8.639513e-12,-1.1987361e-11,-8.915826e-12,-1.8898641e-12,-2.8313881e-12,-4.363295e-12
0.0,0.0,0.0,0.0,0.0,0.0,0.0,0.0
0.0,0.0,0.0,0.0,0.0,0.0,0.0,0.0
2839153.5,3238462.5,3635355.0,3895372.5,4346664.0,1484757.6,647758.25,18439.328
2422802.0,2777253.8,3248818.8,3636643.8,3124318.0,1067095.1,239500.92,0.0
0.0,0.0,0.0,0.0,0.0,0.0,0.0,0.0
0.0,0.0,0.0,0.0,0.0,0.0,0.0,0.0
0.0,0.0,0.0,0.0,0.0,0.0,0.0,0.0
1519907.1,1746471.0,1958830.5,2004038.5,1858981.4,1284031.4,705781.75,169502.19
1.0697437e-11,1.3400376e-11,1.838305e-12,3.2231446e-12,6.14186e-12,7.0199337e-12,8.4849445e-12,3.161375e-12
0.0,0.0,0.0,0.0,0.0,0.0,0.0,0.0
0.0,0.0,0.0,0.0,0.0,0.0,0.0,0.0
2479942.0,2828377.2,3133500.8,3254207.2,3820285.0,1346822.0,702145.3,44576.87
2508459.2,2854503.5,3140185.5,3186187.8,4024635.5,1382612.9,725402.1,34944.99
0.0,0.0,0.0,0.0,0.0,0.0,0.0,0.0
0.0,0.0,0.0,0.0,0.0,0.0,0.0,0.0
0.0,0.0,0.0,0.0,0.0,0.0,0.0,0.0
0.0,0.0,0.0,0.0,0.0,0.0,0.0,0.0
0.0,0.0,0.0,0.0,0.0,0.0,0.0,0.0
0.0,0.0,0.0,0.0,0.0,0.0,0.0,0.0
0.0,0.0,0.0,0.0,0.0,0.0,0.0,0.0
0.0,0.0,0.0,0.0,0.0,0.0,0.0,0.0
0.0,0.0,0.0,0.0,0.0,0.0,0.0,0.0
0.0,0.0,0.0,0.0,0.0,0.0,0.0,0.0
0.0,0.0,0.0,0.0,0.0,0.0,0.0,0.0
0.0,0.0,0.0,0.0,0.0,0.0,0.0,0.0
0.0,0.0,0.0,0.0,0.0,0.0,0.0,0.0
0.0,0.0,0.0,0.0,0.0,0.0,0.0,0.0
0.0,0.0,0.0,0.0,0.0,0.0,0.0,0.0
0.0,0.0,0.0,0.0,0.0,0.0,0.0,0.0
0.0,0.0,0.0,0.0,0.0,0.0,0.0,0.0
0.0,0.0,0.0,0.0,0.0,0.0,0.0,0.0
0.0,0.0,0.0,0.0,0.0,0.0,0.0,0.0
0.0,0.0,0.0,0.0,0.0,0.0,0.0,0.0
0.0,0.0,0.0,0.0,0.0,0.0,0.0,0.0
0.0,0.0,0.0,0.0,0.0,0.0,0.0,0.0
0.0,0.0,0.0,0.0,0.0,0.0,0.0,0.0
0.0,0.0,0.0,0.0,0.0,0.0,0.0,0.0
0.0,0.0,0.0,0.0,0.0,0.0,0.0,0.0
0.0,0.0,0.0,0.0,0.0,0.0,0.0,0.0
0.0,0.0,0.0,0.0,0.0,0.0,0.0,0.0
0.0,0.0,0.0,0.0,0.0,0.0,0.0,0.0
0.0,0.0,0.0,0.0,0.0,0.0,0.0,0.0
0.0,0.0,0.0,0.0,0.0,0.0,0.0,0.0
1328999.8,1536750.6,1799553.8,2042530.4,1751095.5,810239.25,241686.31,2307.7227
1023038.8,1187237.4,1385850.9,1615903.2,1253431.5,464226.97,121611.95,0.0
1.6626528e-11,1.8365582e-11,2.101838e-11,3.108131e-11,1.9339043e-11,6.143875e-12,1.6609186e-12,0.0
0.0,0.0,0.0,0.0,0.0,0.0,0.0,0.0
0.0,0.0,0.0,0.0,0.0,0.0,0.0,0.0
0.0,0.0,0.0,0.0,0.0,0.0,0.0,0.0
0.0,0.0,0.0,0.0,0.0,0.0,0.0,0.0
0.0,0.0,0.0,0.0,0.0,0.0,0.0,0.0
0.0,0.0,0.0,0.0,0.0,0.0,0.0,0.0
0.0,0.0,0.0,0.0,0.0,0.0,0.0,0.0
0.0,0.0,0.0,0.0,0.0,0.0,0.0,0.0
0.0,0.0,0.0,0.0,0.0,0.0,0.0,0.0
0.0,0.0,0.0,0.0,0.0,0.0,0.0,0.0
0.0,0.0,0.0,0.0,0.0,0.0,0.0,0.0
0.0,0.0,0.0,0.0,0.0,0.0,0.0,0.0
0.0,0.0,0.0,0.0,0.0,0.0,0.0,0.0
0.0,0.0,0.0,0.0,0.0,0.0,0.0,0.0
0.0,0.0,0.0,0.0,0.0,0.0,0.0,0.0
1399366.1,1622209.9,1891287.4,2160123.8,1836314.2,856678.56,287388.6,10317.617
1373878.8,1594449.2,1880951.4,2204236.2,1748659.1,666812.2,183305.73,0.0
1287434.2,1486251.0,1743838.8,2065464.0,1809662.2,634977.06,200650.92,274.5299
4.4560012e-11,4.901943e-11,6.32704e-11,7.3271306e-11,8.5526766e-11,4.8616753e-12,-5.0477096e-12,0.0
0.0,0.0,0.0,0.0,0.0,0.0,0.0,0.0
0.0,0.0,0.0,0.0,0.0,0.0,0.0,0.0
0.0,0.0,0.0,0.0,0.0,0.0,0.0,0.0
0.0,0.0,0.0,0.0,0.0,0.0,0.0,0.0
0.0,0.0,0.0,0.0,0.0,0.0,0.0,0.0
1428191.6,1649344.4,1913693.6,2183293.8,1922601.9,955144.2,350186.5,41564.926
7.106306e-12,6.8066963e-12,3.889495e-12,2.1500439e-11,-3.6949784e-12,-5.967949e-12,-3.561319e-12,0.0
1330127.1,1540740.6,1804741.2,2197018.5,1673818.2,541057.56,159836.16,0.0
-3.0210816e-11,-3.2150026e-11,-3.504782e-11,-6.394012e-11,-4.284302e-11,4.6402416e-13,-3.5095514e-12,3.1879593e-13
1675400.9,1938822.6,2182074.8,2358444.0,2958113.5,960348.3,559531.2,95496.88
-8.062806e-14,-2.099253e-13,1.1140154e-11,-2.4306415e-14,5.5187307e-14,7.9398104e-14,6.504407e-12,0.0
0.0,0.0,0.0,0.0,0.0,0.0,0.0,0.0
0.0,0.0,0.0,0.0,0.0,0.0,0.0,0.0
0.0,0.0,0.0,0.0,0.0,0.0,0.0,0.0
1172889.5,1350394.9,1597545.9,1833200.4,1581577.4,772934.94,250440.08,20506.506
883685.56,1024134.44,1205431.4,1407118.8,1119438.1,438309.28,129132.43,837.33215
742074.0,858168.5,993175.25,1163978.5,1044227.94,374712.28,142857.94,3647.4922
656207.56,756548.5,872843.94,1007780.7,1023888.5,332737.72,146995.61,9772.83
874950.06,1015976.5,1158730.9,1310143.0,1253137.0,414555.72,179990.62,3752.472
732771.25,850306.25,969228.7,1065471.2,1087905.5,370972.34,159380.77,5369.469
0.0,0.0,0.0,0.0,0.0,0.0,0.0,0.0
0.0,0.0,0.0,0.0,0.0,0.0,0.0,0.0
1082180.4,1266289.4,1477111.0,1582082.6,1221278.0,575135.6,132963.9,0.0
5.95935e-12,7.1754963e-12,3.783123e-12,2.5917383e-11,-2.1065864e-11,1.7547769e-11,3.6579663e-12,1.6099777e-13
0.0,0.0,0.0,0.0,0.0,0.0,0.0,0.0
0.0,0.0,0.0,0.0,0.0,0.0,0.0,0.0
0.0,0.0,0.0,0.0,0.0,0.0,0.0,0.0
0.0,0.0,0.0,0.0,0.0,0.0,0.0,0.0
0.0,0.0,0.0,0.0,0.0,0.0,0.0,0.0
0.0,0.0,0.0,0.0,0.0,0.0,0.0,0.0
0.0,0.0,0.0,0.0,0.0,0.0,0.0,0.0
1271036.2,1455766.2,1671650.4,1775314.4,1601081.4,1077987.8,503471.1,115809.74
1165047.8,1336158.2,1527532.2,1612685.9,1495039.0,943298.9,442852.97,90563.83
2.8972881e-11,2.9749907e-11,3.4037186e-11,3.7856152e-11,4.360741e-11,6.9453948e-12,1.583395e-11,0.0
0.0,0.0,0.0,0.0,0.0,0.0,0.0,0.0
0.0,0.0,0.0,0.0,0.0,0.0,0.0,0.0
2351995.2,2690268.8,2919263.5,3011101.2,2989263.2,1239082.4,540309.1,0.0
-1.6166299e-12,-6.878164e-12,-5.1078573e-12,-3.4675542e-13,-2.2651434e-13,1.1057602e-11,-1.12529664e-11,0.0
0.0,0.0,0.0,0.0,0.0,0.0,0.0,0.0
0.0,0.0,0.0,0.0,0.0,0.0,0.0,0.0
0.0,0.0,0.0,0.0,0.0,0.0,0.0,0.0
0.0,0.0,0.0,0.0,0.0,0.0,0.0,0.0
0.0,0.0,0.0,0.0,0.0,0.0,0.0,0.0
852413.9,979737.9,1113810.4,1296714.8,953570.25,358926.34,101537.914,897.0958
-2.654271e-12,-2.7237572e-12,-3.702295e-12,-1.0985801e-11,-6.2308847e-12,-9.0539704e-14,4.925294e-12,0.0
834992.5,950858.8,1075690.0,1228028.4,1110773.4,352316.53,131893.23,5331.0264
702355.06,802419.2,884729.7,990122.56,908915.56,309495.16,129723.95,4423.4956
0.0,0.0,0.0,0.0,0.0,0.0,0.0,0.0
0.0,0.0,0.0,0.0,0.0,0.0,0.0,0.0
0.0,0.0,0.0,0.0,0.0,0.0,0.0,0.0
0.0,0.0,0.0,0.0,0.0,0.0,0.0,0.0
0.0,0.0,0.0,0.0,0.0,0.0,0.0,0.0
655446.6,750066.06,871701.44,1031157.94,723567.56,259724.14,64132.66,815.48444
-1.4926668e-11,-1.542417e-11,-2.1975147e-11,-3.10548e-11,-3.628796e-11,-8.6218584e-12,3.4937038e-12,1.5006872e-13
481674.6,543008.4,617131.3,738679.7,586059.4,178882.39,62994.035,2063.1062
598026.25,677452.9,765156.56,878363.1,764016.8,242978.08,89250.21,3378.9807
0.0,0.0,0.0,0.0,0.0,0.0,0.0,0.0
0.0,0.0,0.0,0.0,0.0,0.0,0.0,0.0
0.0,0.0,0.0,0.0,0.0,0.0,0.0,0.0
0.0,0.0,0.0,0.0,0.0,0.0,0.0,0.0
0.0,0.0,0.0,0.0,0.0,0.0,0.0,0.0
446268.0,512485.03,586860.4,688704.94,517236.9,193982.52,63684.164,2728.116
-2.7442877e-12,-4.754791e-12,-1.036797e-12,-1.2486324e-12,-1.514064e-12,-2.0820062e-12,-1.5461385e-12,-8.467551e-14
0.0,0.0,0.0,0.0,0.0,0.0,0.0,0.0
0.0,0.0,0.0,0.0,0.0,0.0,0.0,0.0
0.0,0.0,0.0,0.0,0.0,0.0,0.0,0.0
0.0,0.0,0.0,0.0,0.0,0.0,0.0,0.0
0.0,0.0,0.0,0.0,0.0,0.0,0.0,0.0
0.0,0.0,0.0,0.0,0.0,0.0,0.0,0.0
0.0,0.0,0.0,0.0,0.0,0.0,0.0,0.0
0.0,0.0,0.0,0.0,0.0,0.0,0.0,0.0
0.0,0.0,0.0,0.0,0.0,0.0,0.0,0.0
0.0,0.0,0.0,0.0,0.0,0.0,0.0,0.0
0.0,0.0,0.0,0.0,0.0,0.0,0.0,0.0
0.0,0.0,0.0,0.0,0.0,0.0,0.0,0.0
0.0,0.0,0.0,0.0,0.0,0.0,0.0,0.0
0.0,0.0,0.0,0.0,0.0,0.0,0.0,0.0
0.0,0.0,0.0,0.0,0.0,0.0,0.0,0.0
0.0,0.0,0.0,0.0,0.0,0.0,0.0,0.0
0.0,0.0,0.0,0.0,0.0,0.0,0.0,0.0
0.0,0.0,0.0,0.0,0.0,0.0,0.0,0.0
0.0,0.0,0.0,0.0,0.0,0.0,0.0,0.0
0.0,0.0,0.0,0.0,0.0,0.0,0.0,0.0
0.0,0.0,0.0,0.0,0.0,0.0,0.0,0.0
0.0,0.0,0.0,0.0,0.0,0.0,0.0,0.0
0.0,0.0,0.0,0.0,0.0,0.0,0.0,0.0
0.0,0.0,0.0,0.0,0.0,0.0,0.0,0.0
0.0,0.0,0.0,0.0,0.0,0.0,0.0,0.0
631429.44,722473.8,800827.5,944979.75,803917.44,290834.97,132543.9,8744.486
-1.4822584e-11,-1.633981e-11,-1.9140608e-11,-2.0353906e-11,-1.5556285e-11,-2.7655222e-12,-2.005413e-12,-6.852117e-13
0.0,0.0,0.0,0.0,0.0,0.0,0.0,0.0
0.0,0.0,0.0,0.0,0.0,0.0,0.0,0.0
0.0,0.0,0.0,0.0,0.0,0.0,0.0,0.0
0.0,0.0,0.0,0.0,0.0,0.0,0.0,0.0
0.0,0.0,0.0,0.0,0.0,0.0,0.0,0.0
0.0,0.0,0.0,0.0,0.0,0.0,0.0,0.0
0.0,0.0,0.0,0.0,0.0,0.0,0.0,0.0
0.0,0.0,0.0,0.0,0.0,0.0,0.0,0.0
0.0,0.0,0.0,0.0,0.0,0.0,0.0,0.0
0.0,0.0,0.0,0.0,0.0,0.0,0.0,0.0
0.0,0.0,0.0,0.0,0.0,0.0,0.0,0.0
0.0,0.0,0.0,0.0,0.0,0.0,0.0,0.0
0.0,0.0,0.0,0.0,0.0,0.0,0.0,0.0
0.0,0.0,0.0,0.0,0.0,0.0,0.0,0.0
0.0,0.0,0.0,0.0,0.0,0.0,0.0,0.0
0.0,0.0,0.0,0.0,0.0,0.0,0.0,0.0
0.0,0.0,0.0,0.0,0.0,0.0,0.0,0.0
0.0,0.0,0.0,0.0,0.0,0.0,0.0,0.0
0.0,0.0,0.0,0.0,0.0,0.0,0.0,0.0
0.0,0.0,0.0,0.0,0.0,0.0,0.0,0.0
0.0,0.0,0.0,0.0,0.0,0.0,0.0,0.0
0.0,0.0,0.0,0.0,0.0,0.0,0.0,0.0
0.0,0.0,0.0,0.0,0.0,0.0,0.0,0.0
0.0,0.0,0.0,0.0,0.0,0.0,0.0,0.0
0.0,0.0,0.0,0.0,0.0,0.0,0.0,0.0
0.0,0.0,0.0,0.0,0.0,0.0,0.0,0.0
0.0,0.0,0.0,0.0,0.0,0.0,0.0,0.0
0.0,0.0,0.0,0.0,0.0,0.0,0.0,0.0
0.0,0.0,0.0,0.0,0.0,0.0,0.0,0.0
0.0,0.0,0.0,0.0,0.0,0.0,0.0,0.0
0.0,0.0,0.0,0.0,0.0,0.0,0.0,0.0
588016.75,689891.8,808802.56,824110.25,537961.44,214165.45,29866.33,0.0
-5.6336307e-12,-5.4326764e-12,-7.638003e-12,-8.786234e-12,5.950395e-13,-1.05005735e-11,-4.1916587e-13,0.0
0.0,0.0,0.0,0.0,0.0,0.0,0.0,0.0
0.0,0.0,0.0,0.0,0.0,0.0,0.0,0.0
0.0,0.0,0.0,0.0,0.0,0.0,0.0,0.0
0.0,0.0,0.0,0.0,0.0,0.0,0.0,0.0
0.0,0.0,0.0,0.0,0.0,0.0,0.0,0.0
0.0,0.0,0.0,0.0,0.0,0.0,0.0,0.0
0.0,0.0,0.0,0.0,0.0,0.0,0.0,0.0
616717.1,726280.75,842323.4,843628.06,563574.8,241854.11,33284.258,0.0
-2.282156e-12,-1.3619098e-12,2.412869e-12,-8.2214366e-12,-1.0115891e-11,2.3578463e-12,-6.1470897e-13,0.0
0.0,0.0,0.0,0.0,0.0,0.0,0.0,0.0
0.0,0.0,0.0,0.0,0.0,0.0,0.0,0.0
0.0,0.0,0.0,0.0,0.0,0.0,0.0,0.0
0.0,0.0,0.0,0.0,0.0,0.0,0.0,0.0
0.0,0.0,0.0,0.0,0.0,0.0,0.0,0.0
0.0,0.0,0.0,0.0,0.0,0.0,0.0,0.0
0.0,0.0,0.0,0.0,0.0,0.0,0.0,0.0
673365.0,780964.7,891700.3,930040.56,657606.75,324367.38,73732.055,132.24629
1.2988897e-13,7.943844e-14,-2.1934765e-14,-5.207586e-13,9.504458e-13,0.0,0.0,0.0
0.0,0.0,0.0,0.0,0.0,0.0,0.0,0.0
0.0,0.0,0.0,0.0,0.0,0.0,0.0,0.0
0.0,0.0,0.0,0.0,0.0,0.0,0.0,0.0
0.0,0.0,0.0,0.0,0.0,0.0,0.0,0.0
0.0,0.0,0.0,0.0,0.0,0.0,0.0,0.0
0.0,0.0,0.0,0.0,0.0,0.0,0.0,0.0
0.0,0.0,0.0,0.0,0.0,0.0,0.0,0.0
877335.5,1012859.25,1093624.0,1090254.1,844557.94,506937.1,168898.34,3516.2673
-4.0425384e-12,-4.8860547e-12,3.329781e-12,-1.0316695e-12,-1.6210823e-12,4.738801e-12,-1.3523429e-11,0.0
0.0,0.0,0.0,0.0,0.0,0.0,0.0,0.0
0.0,0.0,0.0,0.0,0.0,0.0,0.0,0.0
0.0,0.0,0.0,0.0,0.0,0.0,0.0,0.0
0.0,0.0,0.0,0.0,0.0,0.0,0.0,0.0
0.0,0.0,0.0,0.0,0.0,0.0,0.0,0.0
0.0,0.0,0.0,0.0,0.0,0.0,0.0,0.0
0.0,0.0,0.0,0.0,0.0,0.0,0.0,0.0
0.0,0.0,0.0,0.0,0.0,0.0,0.0,0.0
0.0,0.0,0.0,0.0,0.0,0.0,0.0,0.0
0.0,0.0,0.0,0.0,0.0,0.0,0.0,0.0
0.0,0.0,0.0,0.0,0.0,0.0,0.0,0.0
0.0,0.0,0.0,0.0,0.0,0.0,0.0,0.0
0.0,0.0,0.0,0.0,0.0,0.0,0.0,0.0
3055359.5,3418630.2,3562441.8,3729645.8,4156195.0,1540250.8,1004879.94,140091.28
0.0,0.0,0.0,0.0,0.0,0.0,0.0,0.0
0.0,0.0,0.0,0.0,0.0,0.0,0.0,0.0
0.0,0.0,0.0,0.0,0.0,0.0,0.0,0.0
0.0,0.0,0.0,0.0,0.0,0.0,0.0,0.0
0.0,0.0,0.0,0.0,0.0,0.0,0.0,0.0
0.0,0.0,0.0,0.0,0.0,0.0,0.0,0.0
0.0,0.0,0.0,0.0,0.0,0.0,0.0,0.0
1216829.6,1382645.8,1510822.4,1612293.1,1687620.0,592575.94,312749.7,21341.754
1212767.6,1377610.2,1483879.9,1547220.2,1712357.6,611108.3,330633.53,20219.53
0.0,0.0,0.0,0.0,0.0,0.0,0.0,0.0
0.0,0.0,0.0,0.0,0.0,0.0,0.0,0.0
0.0,0.0,0.0,0.0,0.0,0.0,0.0,0.0
0.0,0.0,0.0,0.0,0.0,0.0,0.0,0.0
0.0,0.0,0.0,0.0,0.0,0.0,0.0,0.0
0.0,0.0,0.0,0.0,0.0,0.0,0.0,0.0
0.0,0.0,0.0,0.0,0.0,0.0,0.0,0.0
0.0,0.0,0.0,0.0,0.0,0.0,0.0,0.0
0.0,0.0,0.0,0.0,0.0,0.0,0.0,0.0
0.0,0.0,0.0,0.0,0.0,0.0,0.0,0.0
0.0,0.0,0.0,0.0,0.0,0.0,0.0,0.0
0.0,0.0,0.0,0.0,0.0,0.0,0.0,0.0
0.0,0.0,0.0,0.0,0.0,0.0,0.0,0.0
0.0,0.0,0.0,0.0,0.0,0.0,0.0,0.0
1179660.8,1341366.6,1472252.0,1591966.1,1545324.2,709811.2,371380.22,53388.023
3.566347e-12,8.499704e-12,6.3320174e-12,2.7696155e-12,2.3139472e-12,3.4445274e-12,1.4102569e-12,-3.3883148e-12
0.0,0.0,0.0,0.0,0.0,0.0,0.0,0.0
1641452.2,1875327.5,2043263.0,2187380.2,2725135.2,891354.8,525429.56,84172.06
0.0,0.0,0.0,0.0,0.0,0.0,0.0,0.0
0.0,0.0,0.0,0.0,0.0,0.0,0.0,0.0
0.0,0.0,0.0,0.0,0.0,0.0,0.0,0.0
0.0,0.0,0.0,0.0,0.0,0.0,0.0,0.0
0.0,0.0,0.0,0.0,0.0,0.0,0.0,0.0
1158301.8,1310124.2,1393460.8,1473589.8,1466668.6,675202.6,423591.47,74358.15
-1.5169276e-11,-1.7799694e-11,-1.9595912e-11,-1.8097895e-12,-1.0982913e-11,-2.8039105e-12,-5.762365e-12,0.0
0.0,0.0,0.0,0.0,0.0,0.0,0.0,0.0
1551712.6,1770284.4,1855533.8,1814914.6,2320546.2,882508.3,688246.9,144871.61
0.0,0.0,0.0,0.0,0.0,0.0,0.0,0.0
0.0,0.0,0.0,0.0,0.0,0.0,0.0,0.0
0.0,0.0,0.0,0.0,0.0,0.0,0.0,0.0
0.0,0.0,0.0,0.0,0.0,0.0,0.0,0.0
0.0,0.0,0.0,0.0,0.0,0.0,0.0,0.0
1343542.2,1525998.5,1623693.4,1736205.8,1692712.9,750318.0,461158.84,67633.78
2.1946356e-11,2.7708731e-11,2.7359167e-11,2.3311728e-11,1.38283855e-11,2.554991e-11,1.3571748e-11,0.0
0.0,0.0,0.0,0.0,0.0,0.0,0.0,0.0
2290309.0,2623373.5,2894148.8,3051599.5,3804543.2,1269933.6,744807.94,123576.836
0.0,0.0,0.0,0.0,0.0,0.0,0.0,0.0
0.0,0.0,0.0,0.0,0.0,0.0,0.0,0.0
0.0,0.0,0.0,0.0,0.0,0.0,0.0,0.0
0.0,0.0,0.0,0.0,0.0,0.0,0.0,0.0
0.0,0.0,0.0,0.0,0.0,0.0,0.0,0.0
1654440.5,1881346.5,2042700.9,2269854.0,2142039.8,899775.2,474803.94,55968.91
1.5003162e-11,2.1475864e-11,2.1497894e-11,3.4540374e-11,1.0914872e-11,3.4958304e-11,2.1014803e-11,-8.337633e-13
0.0,0.0,0.0,0.0,0.0,0.0,0.0,0.0
0.0,0.0,0.0,0.0,0.0,0.0,0.0,0.0
0.0,0.0,0.0,0.0,0.0,0.0,0.0,0.0
0.0,0.0,0.0,0.0,0.0,0.0,0.0,0.0
767188.5,894890.0,1039018.25,1083643.8,771793.6,349729.12,65308.668,0.0
-2.721448e-12,-3.90772e-12,-4.123354e-12,-1.0721946e-12,-1.012489e-12,-8.710268e-12,-1.2136102e-12,0.0
1240238.4,1414686.4,1545411.6,1719950.5,1400525.5,643545.4,284107.94,10680.875
1.0073721e-11,1.1628275e-11,7.2178795e-12,4.0444284e-12,5.0242098e-12,9.2332305e-12,5.434659e-12,2.2268274e-12
0.0,0.0,0.0,0.0,0.0,0.0,0.0,0.0
0.0,0.0,0.0,0.0,0.0,0.0,0.0,0.0
0.0,0.0,0.0,0.0,0.0,0.0,0.0,0.0
0.0,0.0,0.0,0.0,0.0,0.0,0.0,0.0
779732.7,930291.9,997816.1,875788.1,507833.34,114804.55,0.0,0.0
2.6112774e-13,1.841828e-12,1.8124856e-13,1.379514e-13,1.0187053e-13,-1.1542082e-12,5.3917043e-13,0.0
0.0,0.0,0.0,0.0,0.0,0.0,0.0,0.0
0.0,0.0,0.0,0.0,0.0,0.0,0.0,0.0
0.0,0.0,0.0,0.0,0.0,0.0,0.0,0.0
1112844.1,1265087.2,1435405.0,1682122.4,1485089.9,465431.6,173688.05,5644.525
1043328.44,1187279.6,1312633.5,1453784.8,1458722.0,472372.84,222323.31,9554.685
942454.7,1078029.6,1180572.8,1280444.9,1321823.5,448829.84,211114.12,6734.141
0.0,0.0,0.0,0.0,0.0,0.0,0.0,0.0
0.0,0.0,0.0,0.0,0.0,0.0,0.0,0.0
0.0,0.0,0.0,0.0,0.0,0.0,0.0,0.0
0.0,0.0,0.0,0.0,0.0,0.0,0.0,0.0
0.0,0.0,0.0,0.0,0.0,0.0,0.0,0.0
1170422.9,1325973.1,1425738.8,1559781.8,1584532.1,648316.3,387776.47,63398.9
-8.176831e-12,-1.521919e-11,-4.185911e-12,-1.20622245e-11,-6.5111623e-12,1.2163332e-12,-4.0111057e-12,5.4740326e-15
0.0,0.0,0.0,0.0,0.0,0.0,0.0,0.0
1834132.8,2095779.8,2234863.8,2270261.0,2935900.5,1035894.3,722991.8,141468.05
0.0,0.0,0.0,0.0,0.0,0.0,0.0,0.0
0.0,0.0,0.0,0.0,0.0,0.0,0.0,0.0
0.0,0.0,0.0,0.0,0.0,0.0,0.0,0.0
0.0,0.0,0.0,0.0,0.0,0.0,0.0,0.0
0.0,0.0,0.0,0.0,0.0,0.0,0.0,0.0
910386.9,1042813.9,1182537.4,1349222.0,1161225.8,438006.06,165018.28,7473.002
1092976.0,1238036.0,1313669.6,1393922.8,1452687.6,578578.06,389044.78,61062.76
1270465.0,1445178.1,1557407.2,1575712.4,1893079.6,711451.25,517344.56,107160.03
1414472.9,1606756.2,1709980.9,1689635.6,2227356.5,800689.8,615036.44,147122.12
0.0,0.0,0.0,0.0,0.0,0.0,0.0,0.0
680873.44,808202.0,928966.3,853973.1,512725.62,135678.92,4413.4546,0.0
-1.3550731e-11,-1.6399233e-11,-1.922631e-11,-2.3983072e-11,-2.3967307e-11,-1.5269348e-12,2.1239963e-12,0.0
0.0,0.0,0.0,0.0,0.0,0.0,0.0,0.0
0.0,0.0,0.0,0.0,0.0,0.0,0.0,0.0
0.0,0.0,0.0,0.0,0.0,0.0,0.0,0.0
1382047.8,1550350.2,1692707.5,1781467.5,1965854.6,778234.44,478365.56,98079.35
1450672.0,1644062.5,1785030.9,1796427.2,2118080.8,805775.4,553277.56,97269.65
1481485.0,1677532.6,1834374.5,1860981.2,2317228.5,808295.6,505910.06,76056.11
0.0,0.0,0.0,0.0,0.0,0.0,0.0,0.0
674454.7,798851.7,903210.56,837133.7,517611.9,160904.23,7244.5317,0.0
7.729464e-12,9.645257e-12,1.1502756e-11,-1.0460806e-12,-6.0717065e-12,1.0415871e-12,-4.166895e-12,0.0
0.0,0.0,0.0,0.0,0.0,0.0,0.0,0.0
0.0,0.0,0.0,0.0,0.0,0.0,0.0,0.0
0.0,0.0,0.0,0.0,0.0,0.0,0.0,0.0
1186904.6,1319367.0,1497903.4,1678270.4,1837252.1,602309.7,278235.44,57932.28
1294062.1,1429179.8,1520648.1,1540794.5,1884687.1,714565.75,516191.94,152307.69
1466818.4,1590540.1,1622085.6,1572191.9,2094335.9,791075.4,661950.8,249166.48
0.0,0.0,0.0,0.0,0.0,0.0,0.0,0.0
0.0,0.0,0.0,0.0,0.0,0.0,0.0,0.0
0.0,0.0,0.0,0.0,0.0,0.0,0.0,0.0
0.0,0.0,0.0,0.0,0.0,0.0,0.0,0.0
0.0,0.0,0.0,0.0,0.0,0.0,0.0,0.0
1216972.8,1365822.0,1468116.6,1567409.5,1591277.2,703840.94,426521.12,81296.68
1413387.9,1594199.6,1709389.4,1759743.0,1923101.1,816362.1,548126.25,107821.38
1589684.4,1798788.0,1948390.5,1989088.2,2312016.5,853699.7,574849.25,94883.99
1650573.8,1872941.8,2026021.1,2081554.8,2614770.5,875656.7,576379.7,87256.64
0.0,0.0,0.0,0.0,0.0,0.0,0.0,0.0
727251.25,861522.2,957678.7,856196.9,546386.9,156335.42,3427.544,0.0
-3.3504618e-12,-3.3343322e-12,-4.2897274e-12,-1.0779999e-11,-6.661485e-12,-5.3785535e-13,-1.4925989e-12,0.0
0.0,0.0,0.0,0.0,0.0,0.0,0.0,0.0
0.0,0.0,0.0,0.0,0.0,0.0,0.0,0.0
0.0,0.0,0.0,0.0,0.0,0.0,0.0,0.0
1080434.4,1218419.5,1396428.2,1552529.9,1537276.5,556990.44,234314.52,32130.232
1216540.5,1358994.9,1486325.5,1518589.0,1806227.4,673815.6,437828.1,103620.83
8.287293e-12,3.3295404e-12,2.5145064e-12,1.5051599e-11,3.673164e-12,7.708636e-12,-6.430161e-12,2.5908457e-12
0.0,0.0,0.0,0.0,0.0,0.0,0.0,0.0
0.0,0.0,0.0,0.0,0.0,0.0,0.0,0.0
0.0,0.0,0.0,0.0,0.0,0.0,0.0,0.0
0.0,0.0,0.0,0.0,0.0,0.0,0.0,0.0
0.0,0.0,0.0,0.0,0.0,0.0,0.0,0.0
1547830.5,1744009.2,1858551.2,2052827.8,2070176.0,834578.7,498007.4,84503.15
1787239.2,2020620.1,2174034.8,2333578.5,2506212.8,945601.3,596993.06,100881.78
1869411.4,2123696.2,2270193.0,2309564.2,2656245.5,1000666.9,690149.9,113474.12
2274100.8,2592470.5,2818849.8,2889372.2,3617879.2,1245963.5,793256.4,128409.9
0.0,0.0,0.0,0.0,0.0,0.0,0.0,0.0
748890.75,882790.9,985831.4,886670.94,560481.6,162919.02,4487.3438,0.0
4.5979835e-12,3.939142e-12,-2.642691e-12,1.1374226e-11,7.818119e-12,-3.9564758e-12,-1.5862771e-12,0.0
0.0,0.0,0.0,0.0,0.0,0.0,0.0,0.0
0.0,0.0,0.0,0.0,0.0,0.0,0.0,0.0
0.0,0.0,0.0,0.0,0.0,0.0,0.0,0.0
1056457.6,1194360.6,1373211.2,1524021.8,1503440.9,550959.1,228465.55,29306.125
-1.7747043e-12,-2.526193e-12,-2.6995999e-12,-9.8199105e-12,-3.8723183e-12,4.4660126e-12,6.768257e-13,2.479655e-12
0.0,0.0,0.0,0.0,0.0,0.0,0.0,0.0
0.0,0.0,0.0,0.0,0.0,0.0,0.0,0.0
705563.2,837829.75,948533.06,863704.06,521852.88,139411.27,3007.4849,0.0
-1.0077756e-12,2.1699999e-12,-2.3434288e-12,-5.180142e-12,-5.5296e-12,1.2301931e-11,-1.8789371e-12,0.0
0.0,0.0,0.0,0.0,0.0,0.0,0.0,0.0
0.0,0.0,0.0,0.0,0.0,0.0,0.0,0.0
0.0,0.0,0.0,0.0,0.0,0.0,0.0,0.0
1394937.2,1556209.8,1688646.9,1761754.2,1987624.0,797848.2,503530.94,119110.125
1548743.2,1742388.6,1862567.5,1828292.2,2227373.5,897329.0,669344.2,162814.66
1674054.1,1891526.0,2014894.9,1918263.8,2508339.8,956345.6,752507.1,163447.67
0.0,0.0,0.0,0.0,0.0,0.0,0.0,0.0
0.0,0.0,0.0,0.0,0.0,0.0,0.0,0.0
0.0,0.0,0.0,0.0,0.0,0.0,0.0,0.0
0.0,0.0,0.0,0.0,0.0,0.0,0.0,0.0
0.0,0.0,0.0,0.0,0.0,0.0,0.0,0.0
1207240.6,1353771.1,1477546.8,1635472.9,1590845.5,627104.06,338394.1,50225.19
1357809.9,1529417.2,1612501.6,1690829.5,1806383.0,761239.0,510138.03,96915.62
1495200.6,1693785.2,1845664.6,1876737.5,2207600.8,810719.8,547439.5,94090.03
1522327.5,1729812.9,1900970.5,1917615.0,2435723.2,838533.5,544121.4,84843.42
0.0,0.0,0.0,0.0,0.0,0.0,0.0,0.0
0.0,0.0,0.0,0.0,0.0,0.0,0.0,0.0
0.0,0.0,0.0,0.0,0.0,0.0,0.0,0.0
0.0,0.0,0.0,0.0,0.0,0.0,0.0,0.0
0.0,0.0,0.0,0.0,0.0,0.0,0.0,0.0
1120491.9,1265445.8,1359013.8,1460634.5,1370113.1,606314.1,340201.72,41209.69
1319919.1,1495419.8,1608877.1,1674721.5,1796015.9,744107.7,488028.28,86648.59
1555440.9,1763025.4,1890651.2,1951309.0,2340795.2,841177.0,588368.44,118572.12
1623167.9,1843055.4,1943680.0,1921478.9,2521535.5,905839.9,705675.44,161657.5
0.0,0.0,0.0,0.0,0.0,0.0,0.0,0.0
0.0,0.0,0.0,0.0,0.0,0.0,0.0,0.0
0.0,0.0,0.0,0.0,0.0,0.0,0.0,0.0
0.0,0.0,0.0,0.0,0.0,0.0,0.0,0.0
0.0,0.0,0.0,0.0,0.0,0.0,0.0,0.0
1136305.1,1284135.2,1387450.2,1506491.0,1478230.9,644767.94,370010.62,58137.305
1366822.1,1543194.1,1633885.0,1774300.4,1923419.9,741875.9,483058.4,94396.44
1523434.4,1722502.1,1804287.9,1874085.1,2191000.8,810578.4,593764.44,119962.07
1633528.5,1856372.6,1947207.1,1964570.4,2437901.5,889287.0,652926.44,113665.51
0.0,0.0,0.0,0.0,0.0,0.0,0.0,0.0
732023.94,866848.44,975496.3,909184.06,565857.3,183708.89,8548.373,0.0
-1.6273164e-12,-5.9039e-13,-1.9463257e-12,-5.4841255e-13,3.1173417e-13,-1.4032805e-12,-1.2856842e-12,0.0
0.0,0.0,0.0,0.0,0.0,0.0,0.0,0.0
0.0,0.0,0.0,0.0,0.0,0.0,0.0,0.0
0.0,0.0,0.0,0.0,0.0,0.0,0.0,0.0
1281838.8,1379855.0,1482128.5,1643223.0,1782407.2,625295.0,378870.7,122464.19
1407407.6,1550617.4,1638698.8,1632662.4,2021589.5,777729.6,589406.0,182307.48
1578064.2,1733971.8,1811301.8,1742484.8,2296375.8,877820.6,709287.06,226112.06
0.0,0.0,0.0,0.0,0.0,0.0,0.0,0.0
738993.94,875848.1,980636.44,889523.8,559900.1,164437.27,5232.157,0.0
-3.0766683e-12,-3.2981725e-12,-1.5096512e-12,-9.643293e-12,-5.6345627e-12,-6.2082292e-12,2.3302698e-15,0.0
0.0,0.0,0.0,0.0,0.0,0.0,0.0,0.0
0.0,0.0,0.0,0.0,0.0,0.0,0.0,0.0
0.0,0.0,0.0,0.0,0.0,0.0,0.0,0.0
1375588.8,1543542.6,1716256.5,1825963.9,1998239.2,768443.3,420463.84,79700.76
1479611.6,1654253.6,1780895.1,1751533.9,2049367.8,842001.3,582089.94,132746.45
1677466.4,1893460.5,2051701.9,1956018.8,2493991.0,978577.2,691730.4,141200.52
0.0,0.0,0.0,0.0,0.0,0.0,0.0,0.0
984134.06,1175265.1,1267979.9,1088640.0,742173.56,203284.12,0.0,0.0
2.6039826e-12,8.133073e-13,9.426864e-13,1.0080333e-12,1.2625269e-12,1.9944985e-12,0.0,0.0
0.0,0.0,0.0,0.0,0.0,0.0,0.0,0.0
0.0,0.0,0.0,0.0,0.0,0.0,0.0,0.0
0.0,0.0,0.0,0.0,0.0,0.0,0.0,0.0
1411875.2,1606978.4,1805523.5,2007965.0,1861685.1,663750.75,276273.8,10988.878
-9.9590345e-12,-1.1032479e-11,-1.5799792e-11,-1.8384086e-11,-8.4647645e-12,-3.9874284e-12,0.0,0.0
0.0,0.0,0.0,0.0,0.0,0.0,0.0,0.0
0.0,0.0,0.0,0.0,0.0,0.0,0.0,0.0
794183.1,935268.1,1062098.9,1022916.94,689319.5,300339.03,26556.6,0.0
2.1330635e-12,3.2385713e-12,4.3035684e-12,1.8116219e-12,3.2966086e-12,-4.722196e-13,-8.7887e-13,0.0
0.0,0.0,0.0,0.0,0.0,0.0,0.0,0.0
0.0,0.0,0.0,0.0,0.0,0.0,0.0,0.0
1278011.6,1448968.6,1566950.0,1742215.4,1591640.0,659883.9,352736.4,37104.71
1443087.1,1636804.9,1753641.4,1870614.1,1895681.4,760440.06,477615.12,68611.266
1663931.2,1889710.5,2030630.9,2088098.9,2416918.5,886619.44,616887.5,112452.77
1803240.1,2062671.9,2209567.8,2210109.5,2783742.2,989353.6,712962.3,123988.39
0.0,0.0,0.0,0.0,0.0,0.0,0.0,0.0
752184.25,889422.25,993124.56,945656.94,641684.7,281223.3,22153.977,0.0
1.9997724e-13,-2.3911099e-12,3.867323e-13,-5.102543e-13,-1.403074e-12,-9.200831e-13,4.449948e-12,0.0
0.0,0.0,0.0,0.0,0.0,0.0,0.0,0.0
0.0,0.0,0.0,0.0,0.0,0.0,0.0,0.0
1093493.9,1254733.1,1420753.4,1599796.2,1368788.8,542703.44,212604.62,10727.079
1105067.2,1262011.1,1441454.5,1650554.9,1529838.4,516690.78,214328.94,16268.844
1030408.8,1178388.8,1290162.1,1411055.6,1483284.5,508575.8,299006.72,38100.54
1109775.9,1278968.2,1384760.8,1440136.5,1850411.8,613209.56,415602.0,79562.914
0.0,0.0,0.0,0.0,0.0,0.0,0.0,0.0
0.0,0.0,0.0,0.0,0.0,0.0,0.0,0.0
0.0,0.0,0.0,0.0,0.0,0.0,0.0,0.0
0.0,0.0,0.0,0.0,0.0,0.0,0.0,0.0
0.0,0.0,0.0,0.0,0.0,0.0,0.0,0.0
1968178.8,2205916.2,2298856.5,2505797.2,2133802.0,978892.44,513514.2,16381.261
2064370.8,2322669.5,2420570.2,2670209.2,2237370.8,980791.25,489923.6,5987.507
2333696.5,2644791.5,2806147.8,3156009.0,2468654.0,1051491.4,441314.88,0.0
2465873.0,2799706.5,2990257.5,3308225.0,2609400.2,1108593.5,472977.0,0.0
0.0,0.0,0.0,0.0,0.0,0.0,0.0,0.0
0.0,0.0,0.0,0.0,0.0,0.0,0.0,0.0
0.0,0.0,0.0,0.0,0.0,0.0,0.0,0.0
0.0,0.0,0.0,0.0,0.0,0.0,0.0,0.0
0.0,0.0,0.0,0.0,0.0,0.0,0.0,0.0
1921940.9,2144085.0,2216274.8,2454038.0,2127110.5,945652.8,532755.3,25149.09
-9.102691e-12,-1.5258928e-11,-1.8192245e-11,-2.5869305e-11,-5.1806327e-11,2.736381e-12,4.7434526e-12,0.0
2426138.0,2727466.5,2860321.8,3120089.0,2788044.8,1139273.5,577016.25,11825.959
2521206.2,2867119.0,3063183.2,3277427.2,2906102.0,1209796.1,532560.94,6270.26
0.0,0.0,0.0,0.0,0.0,0.0,0.0,0.0
0.0,0.0,0.0,0.0,0.0,0.0,0.0,0.0
1265020.5,1467080.8,1677523.1,1710279.4,1301792.6,676943.6,156831.19,0.0
4.1760983e-12,-6.8116015e-13,1.555122e-11,1.4243009e-11,1.0945015e-11,-6.1009062e-12,-8.92974e-12,3.4882725e-13
0.0,0.0,0.0,0.0,0.0,0.0,0.0,0.0
1724284.1,1953855.0,2103300.2,2333607.5,2009346.6,859314.0,418972.5,21854.275
1723881.0,1963212.8,2123693.0,2423163.0,2096848.0,778181.56,375351.56,14591.189
1701056.5,1926726.2,2043634.0,2232383.5,2336448.2,808516.6,511868.03,53509.79
1727920.1,1965643.2,2042448.2,2081321.1,2575023.5,917586.94,680456.94,114497.18
0.0,0.0,0.0,0.0,0.0,0.0,0.0,0.0
0.0,0.0,0.0,0.0,0.0,0.0,0.0,0.0
0.0,0.0,0.0,0.0,0.0,0.0,0.0,0.0
0.0,0.0,0.0,0.0,0.0,0.0,0.0,0.0
0.0,0.0,0.0,0.0,0.0,0.0,0.0,0.0
1842383.5,2088144.4,2329984.0,2595843.2,2425998.5,961414.7,452765.34,49959.51
-1.6408501e-11,-1.6058828e-11,-1.8441816e-11,-2.4915263e-11,-2.2842665e-11,-4.7784243e-13,-6.9580154e-13,-2.4670986e-12
1917207.9,2175020.5,2276949.2,2337388.0,2670791.5,1010817.7,750187.4,139825.56
2018517.2,2307554.5,2415813.0,2366867.2,2968615.0,1125296.9,868356.7,166056.38
0.0,0.0,0.0,0.0,0.0,0.0,0.0,0.0
0.0,0.0,0.0,0.0,0.0,0.0,0.0,0.0
0.0,0.0,0.0,0.0,0.0,0.0,0.0,0.0
0.0,0.0,0.0,0.0,0.0,0.0,0.0,0.0
0.0,0.0,0.0,0.0,0.0,0.0,0.0,0.0
1980531.1,2275425.8,2630481.8,2955705.2,2605443.8,1064868.8,391918.78,26817.973
2046521.4,2358478.8,2718464.8,3062688.2,2968332.0,1087647.2,460373.88,36927.84
2068188.8,2387117.2,2745665.8,2994654.5,3202131.0,1192834.4,556771.6,63122.484
1936770.6,2247185.8,2574427.5,2701633.0,2839503.5,1221333.0,548080.44,55720.945
0.0,0.0,0.0,0.0,0.0,0.0,0.0,0.0
0.0,0.0,0.0,0.0,0.0,0.0,0.0,0.0
1399571.6,1618791.4,1833856.1,1728726.5,1461367.0,1002446.3,380456.75,25303.223
-1.8658169e-11,-1.7523328e-11,-3.634938e-11,-3.1311106e-11,-1.984823e-11,-5.1313615e-12,7.589022e-12,0.0
0.0,0.0,0.0,0.0,0.0,0.0,0.0,0.0
2744555.8,3124662.0,3438518.2,3753362.0,3607223.0,1594228.4,835240.4,127054.12
1.0714815e-11,9.932991e-12,4.5593807e-11,1.2518723e-11,9.42763e-12,2.1947385e-11,-2.4699917e-11,2.4175606e-14
3357892.8,3799973.0,4173743.2,4473872.5,5264308.5,1811722.0,1094206.9,260530.84
-5.7494877e-12,-6.6857405e-12,-1.7684332e-12,-1.8606598e-12,-2.1213378e-12,-2.6050557e-12,-3.7050822e-12,-2.9714768e-12
0.0,0.0,0.0,0.0,0.0,0.0,0.0,0.0
0.0,0.0,0.0,0.0,0.0,0.0,0.0,0.0
1298622.8,1499052.4,1668355.2,1594350.9,1312807.5,863429.2,309409.8,15881.783
-1.031555e-11,-1.210751e-11,-9.916814e-12,-1.6244533e-11,-1.2363488e-11,-3.407145e-12,1.4920783e-11,0.0
0.0,0.0,0.0,0.0,0.0,0.0,0.0,0.0
2289932.2,2579404.8,2752478.0,2896325.0,2706190.5,1346993.9,775160.3,125280.984
-8.191307e-12,4.337083e-12,7.295261e-12,-3.1278802e-13,2.3469405e-13,3.9826935e-12,-8.975066e-12,-2.2393493e-12
2637120.0,2982335.5,3238045.8,3497285.8,3782853.5,1298466.5,779502.0,114260.664
2429327.0,2764854.8,3025316.0,3069009.5,3712392.0,1331581.4,826051.6,137275.56
0.0,0.0,0.0,0.0,0.0,0.0,0.0,0.0
0.0,0.0,0.0,0.0,0.0,0.0,0.0,0.0
1395186.4,1609692.2,1833583.6,1781623.8,1465989.0,917969.5,295049.72,9984.036
1.8209061e-11,2.2093565e-11,1.9918565e-11,2.4471071e-11,-2.349453e-12,6.483368e-12,1.6101792e-11,0.0
0.0,0.0,0.0,0.0,0.0,0.0,0.0,0.0
2072696.8,2345960.2,2553196.8,2745022.2,2692673.0,1191501.0,684125.2,118707.49
-4.1561325e-12,-8.587592e-13,-2.2862602e-12,1.5428282e-11,9.1200884e-14,2.2983477e-12,-1.7570243e-12,-5.368492e-12
2191399.0,2478377.8,2637365.5,2658702.0,3227050.0,1246532.0,937525.56,268948.38
2302506.5,2623578.2,2804597.0,2744598.8,3674887.8,1327241.2,1059118.9,320121.28
0.0,0.0,0.0,0.0,0.0,0.0,0.0,0.0
0.0,0.0,0.0,0.0,0.0,0.0,0.0,0.0
0.0,0.0,0.0,0.0,0.0,0.0,0.0,0.0
0.0,0.0,0.0,0.0,0.0,0.0,0.0,0.0
0.0,0.0,0.0,0.0,0.0,0.0,0.0,0.0
1821324.4,2058646.6,2253427.2,2352536.2,2381337.0,1132385.2,672446.5,140061.69
1961341.1,2220454.8,2459256.2,2605020.8,2758515.5,1099643.0,640350.4,117186.38
-9.8468065e-12,-8.823915e-12,-9.345498e-12,1.4034693e-11,2.6282403e-12,-1.7575986e-11,-2.6044416e-12,-4.6473216e-12
1647604.1,1872341.9,2033452.1,2034206.1,2704793.0,924729.25,702029.06,178753.48
0.0,0.0,0.0,0.0,0.0,0.0,0.0,0.0
1121448.2,1318275.9,1359795.8,1235290.9,796960.4,292714.03,4479.278,0.0
6.3548936e-12,1.1135471e-11,8.845089e-12,1.6169732e-11,1.3548824e-12,3.5128521e-12,0.0,0.0
0.0,0.0,0.0,0.0,0.0,0.0,0.0,0.0
0.0,0.0,0.0,0.0,0.0,0.0,0.0,0.0
0.0,0.0,0.0,0.0,0.0,0.0,0.0,0.0
2341203.2,2660400.2,2874814.8,2985896.8,3160276.5,1344821.0,883233.9,171634.67
2507610.5,2843451.5,3060927.0,3179023.2,3828287.8,1357446.8,962147.2,227553.75
-4.161034e-11,-5.4641063e-11,-5.6799614e-11,-4.028121e-11,-7.737808e-11,-2.5993896e-11,-3.9236604e-12,0.0
0.0,0.0,0.0,0.0,0.0,0.0,0.0,0.0
1233567.1,1441819.4,1447769.1,1287558.4,887148.2,344201.25,0.0,0.0
1.2339537e-11,1.4906932e-11,1.2462103e-11,3.3871378e-11,2.731983e-11,2.7368025e-11,-5.915804e-12,0.0
0.0,0.0,0.0,0.0,0.0,0.0,0.0,0.0
0.0,0.0,0.0,0.0,0.0,0.0,0.0,0.0
0.0,0.0,0.0,0.0,0.0,0.0,0.0,0.0
2174431.5,2471768.5,2688391.0,2912588.5,3079120.2,1176188.0,729315.6,123591.375
2068181.8,2351776.5,2557312.8,2704694.0,3167215.5,1093504.8,737485.1,141339.94
-3.424417e-11,-3.401937e-11,-4.2546838e-11,-5.8129432e-11,-3.5177267e-11,-2.6119384e-11,-1.985646e-12,-7.9858125e-12
0.0,0.0,0.0,0.0,0.0,0.0,0.0,0.0
0.0,0.0,0.0,0.0,0.0,0.0,0.0,0.0
1175936.2,1357734.1,1564037.1,1612627.9,1098471.2,503185.78,86350.63,0.0
9.746559e-12,1.1384976e-11,2.2866382e-11,3.4026587e-11,1.06903306e-11,6.03945e-12,9.348823e-13,0.0
0.0,0.0,0.0,0.0,0.0,0.0,0.0,0.0
1458846.0,1663533.1,1820630.0,2096897.2,1675212.5,641999.94,243058.17,1788.6447
9.343479e-12,-2.6836543e-12,9.270612e-12,2.6726933e-11,4.6467418e-12,-1.0926332e-11,-5.1359663e-12,5.735676e-13
0.0,0.0,0.0,0.0,0.0,0.0,0.0,0.0
0.0,0.0,0.0,0.0,0.0,0.0,0.0,0.0
0.0,0.0,0.0,0.0,0.0,0.0,0.0,0.0
0.0,0.0,0.0,0.0,0.0,0.0,0.0,0.0
0.0,0.0,0.0,0.0,0.0,0.0,0.0,0.0
0.0,0.0,0.0,0.0,0.0,0.0,0.0,0.0
0.0,0.0,0.0,0.0,0.0,0.0,0.0,0.0
0.0,0.0,0.0,0.0,0.0,0.0,0.0,0.0
1540813.4,1757574.8,1950824.5,2169302.5,2045176.1,717027.56,322893.25,12131.917
1494273.5,1703847.0,1898125.5,2051317.1,2108403.8,711452.75,329008.34,14903.438
1380589.0,1567926.6,1713206.2,1820563.6,1944355.6,676657.44,331000.6,14890.7705
0.0,0.0,0.0,0.0,0.0,0.0,0.0,0.0
0.0,0.0,0.0,0.0,0.0,0.0,0.0,0.0
1224051.0,1414629.9,1618512.1,1658846.4,1321367.6,721405.8,203299.98,5021.743
2.6755015e-11,2.401232e-11,3.1974666e-11,4.130188e-11,5.536238e-11,2.2315875e-12,-2.1114336e-12,0.0
1401048.0,1593876.0,1763878.8,1949235.6,1680098.8,749782.5,327332.47,25215.258
-2.6511971e-11,-2.43705e-11,-2.9980473e-11,-3.3915322e-11,-6.647382e-11,-6.4532993e-12,-3.165485e-12,-4.5094386e-13
0.0,0.0,0.0,0.0,0.0,0.0,0.0,0.0
1540712.4,1753868.9,1925085.0,2092391.2,2197691.5,758432.75,427310.3,46203.734
1498422.2,1705084.8,1807678.5,1900593.5,2290013.0,791263.5,524556.94,86325.625
0.0,0.0,0.0,0.0,0.0,0.0,0.0,0.0
931045.8,1094704.1,1141770.9,1037237.75,630098.75,251966.28,6438.659,0.0
-3.3909741e-12,-3.9059324e-12,-7.143046e-12,-2.129925e-12,-3.5279134e-12,0.0,0.0,0.0
0.0,0.0,0.0,0.0,0.0,0.0,0.0,0.0
0.0,0.0,0.0,0.0,0.0,0.0,0.0,0.0
0.0,0.0,0.0,0.0,0.0,0.0,0.0,0.0
0.0,0.0,0.0,0.0,0.0,0.0,0.0,0.0
1855719.5,2062223.0,2194037.2,2746635.8,1185193.2,643420.8,178304.45,0.0
5.6005296e-12,1.2186455e-11,9.553582e-12,5.0296403e-12,2.0123682e-11,2.7081922e-12,2.6803809e-12,0.0
0.0,0.0,0.0,0.0,0.0,0.0,0.0,0.0
910564.9,1077338.0,1125594.1,1024982.6,622568.2,253803.45,6046.609,0.0
-1.2705772e-11,-2.0174178e-11,-8.227849e-12,-7.3302284e-12,-1.1266035e-11,-2.3638074e-11,-3.5199328e-13,0.0
0.0,0.0,0.0,0.0,0.0,0.0,0.0,0.0
0.0,0.0,0.0,0.0,0.0,0.0,0.0,0.0
0.0,0.0,0.0,0.0,0.0,0.0,0.0,0.0
0.0,0.0,0.0,0.0,0.0,0.0,0.0,0.0
1880051.4,2148647.8,2301041.2,2873970.5,1228820.2,642624.8,123506.75,0.0
-1.3493993e-12,-6.235823e-13,-6.933512e-13,-7.4971057e-13,-9.145193e-13,-1.2486457e-12,-5.554975e-12,0.0
0.0,0.0,0.0,0.0,0.0,0.0,0.0,0.0
0.0,0.0,0.0,0.0,0.0,0.0,0.0,0.0
0.0,0.0,0.0,0.0,0.0,0.0,0.0,0.0
0.0,0.0,0.0,0.0,0.0,0.0,0.0,0.0
0.0,0.0,0.0,0.0,0.0,0.0,0.0,0.0
0.0,0.0,0.0,0.0,0.0,0.0,0.0,0.0
1621076.6,1839035.2,1903105.8,2233008.0,1255052.9,699227.56,208355.14,0.0
1.777673e-11,5.6166695e-12,1.3619497e-11,2.95559e-11,-1.08418205e-11,3.7170458e-12,1.22617255e-11,0.0
0.0,0.0,0.0,0.0,0.0,0.0,0.0,0.0
0.0,0.0,0.0,0.0,0.0,0.0,0.0,0.0
0.0,0.0,0.0,0.0,0.0,0.0,0.0,0.0
0.0,0.0,0.0,0.0,0.0,0.0,0.0,0.0
0.0,0.0,0.0,0.0,0.0,0.0,0.0,0.0
0.0,0.0,0.0,0.0,0.0,0.0,0.0,0.0
0.0,0.0,0.0,0.0,0.0,0.0,0.0,0.0
0.0,0.0,0.0,0.0,0.0,0.0,0.0,0.0
0.0,0.0,0.0,0.0,0.0,0.0,0.0,0.0
2338951.0,2643648.8,2729907.5,2765632.5,3315045.8,1231178.4,912292.75,147378.6
0.0,0.0,0.0,0.0,0.0,0.0,0.0,0.0
0.0,0.0,0.0,0.0,0.0,0.0,0.0,0.0
0.0,0.0,0.0,0.0,0.0,0.0,0.0,0.0
0.0,0.0,0.0,0.0,0.0,0.0,0.0,0.0
0.0,0.0,0.0,0.0,0.0,0.0,0.0,0.0
0.0,0.0,0.0,0.0,0.0,0.0,0.0,0.0
1722281.8,1955839.6,2086533.5,2294073.2,2154891.8,860369.3,482128.1,41381.887
1779205.1,2020154.2,2111628.8,2298585.2,2431177.0,865305.2,560818.06,62393.156
1722640.5,1941458.5,1970559.0,2033518.0,2541269.8,895867.5,676143.6,132031.64
0.0,0.0,0.0,0.0,0.0,0.0,0.0,0.0
0.0,0.0,0.0,0.0,0.0,0.0,0.0,0.0
0.0,0.0,0.0,0.0,0.0,0.0,0.0,0.0
0.0,0.0,0.0,0.0,0.0,0.0,0.0,0.0
0.0,0.0,0.0,0.0,0.0,0.0,0.0,0.0
0.0,0.0,0.0,0.0,0.0,0.0,0.0,0.0
0.0,0.0,0.0,0.0,0.0,0.0,0.0,0.0
0.0,0.0,0.0,0.0,0.0,0.0,0.0,0.0
2192881.2,2526909.5,2783419.8,2936483.5,2848442.0,1186997.0,567542.3,39466.42
0.0,0.0,0.0,0.0,0.0,0.0,0.0,0.0
0.0,0.0,0.0,0.0,0.0,0.0,0.0,0.0
0.0,0.0,0.0,0.0,0.0,0.0,0.0,0.0
0.0,0.0,0.0,0.0,0.0,0.0,0.0,0.0
0.0,0.0,0.0,0.0,0.0,0.0,0.0,0.0
0.0,0.0,0.0,0.0,0.0,0.0,0.0,0.0
518382.0,592961.2,670300.56,797782.0,613034.4,208159.42,71687.82,1706.981
607562.0,691078.5,793910.56,931728.3,788352.25,239096.61,80244.484,2962.9607
536387.4,610595.44,698353.2,797305.8,744265.25,224497.11,80844.31,3521.6558
0.0,0.0,0.0,0.0,0.0,0.0,0.0,0.0
0.0,0.0,0.0,0.0,0.0,0.0,0.0,0.0
0.0,0.0,0.0,0.0,0.0,0.0,0.0,0.0
0.0,0.0,0.0,0.0,0.0,0.0,0.0,0.0
0.0,0.0,0.0,0.0,0.0,0.0,0.0,0.0
0.0,0.0,0.0,0.0,0.0,0.0,0.0,0.0
0.0,0.0,0.0,0.0,0.0,0.0,0.0,0.0
1071860.5,1226770.2,1368573.8,1499264.1,1495949.4,499536.9,226920.27,9888.174
979121.9,1120111.6,1229809.2,1313892.5,1378855.2,478602.62,229758.52,9839.305
0.0,0.0,0.0,0.0,0.0,0.0,0.0,0.0
0.0,0.0,0.0,0.0,0.0,0.0,0.0,0.0
0.0,0.0,0.0,0.0,0.0,0.0,0.0,0.0
0.0,0.0,0.0,0.0,0.0,0.0,0.0,0.0
0.0,0.0,0.0,0.0,0.0,0.0,0.0,0.0
0.0,0.0,0.0,0.0,0.0,0.0,0.0,0.0
0.0,0.0,0.0,0.0,0.0,0.0,0.0,0.0
2457748.5,2818264.8,3015088.5,3145526.0,2945000.5,1270473.0,564894.56,0.0
-2.2580167e-12,-4.994297e-12,1.1930923e-11,-1.697553e-11,-9.878101e-12,2.4946163e-11,-1.157603e-11,0.0
0.0,0.0,0.0,0.0,0.0,0.0,0.0,0.0
0.0,0.0,0.0,0.0,0.0,0.0,0.0,0.0
0.0,0.0,0.0,0.0,0.0,0.0,0.0,0.0
0.0,0.0,0.0,0.0,0.0,0.0,0.0,0.0
0.0,0.0,0.0,0.0,0.0,0.0,0.0,0.0
2020063.8,2321669.8,2483092.8,2558773.2,2284684.0,1169886.8,577132.44,10505.876
-2.6210163e-11,-2.3181847e-11,-3.4307786e-11,-3.5619944e-11,-6.5683604e-11,-1.3225512e-11,5.029476e-12,0.0
2399328.8,2743285.0,2908517.8,2980518.8,2915493.0,1275404.8,634293.7,2544.8599
2411135.0,2759323.8,2949014.8,2957111.5,2723066.5,1305864.4,527112.4,0.0
0.0,0.0,0.0,0.0,0.0,0.0,0.0,0.0
0.0,0.0,0.0,0.0,0.0,0.0,0.0,0.0
0.0,0.0,0.0,0.0,0.0,0.0,0.0,0.0
0.0,0.0,0.0,0.0,0.0,0.0,0.0,0.0
0.0,0.0,0.0,0.0,0.0,0.0,0.0,0.0
2119812.5,2446404.8,2671703.0,2733046.2,2486515.2,1257860.5,593821.4,14226.597
-2.42214e-11,-3.8636618e-11,-1.6222888e-11,-1.9130458e-11,-7.4215675e-11,-1.38562625e-11,-4.8854167e-12,0.0
2553751.5,2925381.2,3168077.2,3195830.2,3161443.8,1420867.6,679813.56,9557.281
2582418.2,2952960.8,3182465.2,3120217.8,3247579.5,1480820.1,698856.6,7837.429
0.0,0.0,0.0,0.0,0.0,0.0,0.0,0.0
0.0,0.0,0.0,0.0,0.0,0.0,0.0,0.0
938106.0,1089474.5,1264856.5,1282357.0,1130054.2,774334.6,373114.66,60960.53
5.914572e-12,8.910234e-12,1.22396485e-11,3.3111799e-12,4.0769887e-12,6.272264e-12,1.2967157e-12,4.811341e-13
0.0,0.0,0.0,0.0,0.0,0.0,0.0,0.0
1840457.5,2135888.2,2306015.5,2320732.2,2177891.5,1124758.1,615835.6,31861.754
-1.885272e-11,-2.1762677e-11,-2.88593e-11,-3.7911455e-11,-1.539164e-11,-2.8150843e-11,0.0,0.0
0.0,0.0,0.0,0.0,0.0,0.0,0.0,0.0
0.0,0.0,0.0,0.0,0.0,0.0,0.0,0.0
0.0,0.0,0.0,0.0,0.0,0.0,0.0,0.0
0.0,0.0,0.0,0.0,0.0,0.0,0.0,0.0
0.0,0.0,0.0,0.0,0.0,0.0,0.0,0.0
0.0,0.0,0.0,0.0,0.0,0.0,0.0,0.0
0.0,0.0,0.0,0.0,0.0,0.0,0.0,0.0
2069646.1,2402309.8,2857389.0,3466124.5,2015140.0,656211.94,130040.1,0.0
-2.1698013e-11,-2.9433494e-11,-3.9501187e-11,-3.372478e-11,-2.6212088e-11,-3.7237588e-11,-2.7633826e-12,0.0
0.0,0.0,0.0,0.0,0.0,0.0,0.0,0.0
0.0,0.0,0.0,0.0,0.0,0.0,0.0,0.0
0.0,0.0,0.0,0.0,0.0,0.0,0.0,0.0
0.0,0.0,0.0,0.0,0.0,0.0,0.0,0.0
0.0,0.0,0.0,0.0,0.0,0.0,0.0,0.0
0.0,0.0,0.0,0.0,0.0,0.0,0.0,0.0
0.0,0.0,0.0,0.0,0.0,0.0,0.0,0.0
0.0,0.0,0.0,0.0,0.0,0.0,0.0,0.0
0.0,0.0,0.0,0.0,0.0,0.0,0.0,0.0
0.0,0.0,0.0,0.0,0.0,0.0,0.0,0.0
0.0,0.0,0.0,0.0,0.0,0.0,0.0,0.0
0.0,0.0,0.0,0.0,0.0,0.0,0.0,0.0
0.0,0.0,0.0,0.0,0.0,0.0,0.0,0.0
0.0,0.0,0.0,0.0,0.0,0.0,0.0,0.0
0.0,0.0,0.0,0.0,0.0,0.0,0.0,0.0
0.0,0.0,0.0,0.0,0.0,0.0,0.0,0.0
774752.6,884190.0,1014302.3,1194342.2,874473.2,317931.2,91987.625,1764.8083
825565.25,932995.8,1074903.8,1288972.8,1100761.8,319959.12,109428.23,6304.824
762466.0,862587.4,981181.5,1140436.6,1066405.5,306543.2,118171.82,6686.7515
641044.06,731239.6,807238.2,907479.5,897168.7,281139.34,127222.59,5203.6377
0.0,0.0,0.0,0.0,0.0,0.0,0.0,0.0
0.0,0.0,0.0,0.0,0.0,0.0,0.0,0.0
0.0,0.0,0.0,0.0,0.0,0.0,0.0,0.0
0.0,0.0,0.0,0.0,0.0,0.0,0.0,0.0
0.0,0.0,0.0,0.0,0.0,0.0,0.0,0.0
810394.25,924700.94,1059755.8,1251730.0,921546.5,329410.47,96351.586,1946.7426
828775.9,939167.4,1076196.4,1270995.5,1117288.6,339429.22,122668.484,7570.1895
741460.0,846324.75,944808.3,1081982.8,1028740.2,316921.7,137007.9,6108.3354
758923.3,858773.3,990610.44,1130317.4,1218589.2,315762.97,115893.15,7275.6934
0.0,0.0,0.0,0.0,0.0,0.0,0.0,0.0
600516.2,716490.44,747308.94,641447.5,373813.12,81535.23,0.0,0.0
-8.876801e-12,-1.0414339e-11,-1.4190662e-11,-7.045826e-12,-1.8416456e-11,-1.374337e-13,0.0,0.0
0.0,0.0,0.0,0.0,0.0,0.0,0.0,0.0
0.0,0.0,0.0,0.0,0.0,0.0,0.0,0.0
0.0,0.0,0.0,0.0,0.0,0.0,0.0,0.0
0.0,0.0,0.0,0.0,0.0,0.0,0.0,0.0
0.0,0.0,0.0,0.0,0.0,0.0,0.0,0.0
0.0,0.0,0.0,0.0,0.0,0.0,0.0,0.0
0.0,0.0,0.0,0.0,0.0,0.0,0.0,0.0
900442.3,997361.94,879758.3,625077.06,186750.17,0.0,0.0,0.0
3.5428323e-12,2.5603703e-12,7.2546705e-13,1.3517293e-12,0.0,0.0,0.0,0.0
0.0,0.0,0.0,0.0,0.0,0.0,0.0,0.0
0.0,0.0,0.0,0.0,0.0,0.0,0.0,0.0
0.0,0.0,0.0,0.0,0.0,0.0,0.0,0.0
0.0,0.0,0.0,0.0,0.0,0.0,0.0,0.0
0.0,0.0,0.0,0.0,0.0,0.0,0.0,0.0
0.0,0.0,0.0,0.0,0.0,0.0,0.0,0.0
0.0,0.0,0.0,0.0,0.0,0.0,0.0,0.0
0.0,0.0,0.0,0.0,0.0,0.0,0.0,0.0
0.0,0.0,0.0,0.0,0.0,0.0,0.0,0.0
0.0,0.0,0.0,0.0,0.0,0.0,0.0,0.0
0.0,0.0,0.0,0.0,0.0,0.0,0.0,0.0
1667556.8,1859364.6,1821752.2,2024983.4,1551952.0,821321.56,487076.1,4932.4575
-3.6249936e-13,-4.5577366e-12,-1.0875402e-11,-6.6126314e-12,-1.6352589e-12,-5.304357e-12,8.217228e-14,0.0
1663071.4,1916191.1,2014395.1,2498905.2,1068594.8,608268.6,105937.29,0.0
1.2295043e-12,-6.4531575e-12,6.9434723e-12,3.178437e-12,-2.1921982e-12,-4.635754e-12,1.5510015e-12,0.0
0.0,0.0,0.0,0.0,0.0,0.0,0.0,0.0
446925.72,528574.7,584528.5,529901.2,333891.12,102190.83,3034.439,0.0
694336.5,803803.9,958221.06,1004653.94,703959.8,295836.44,48877.227,0.0
4.7328556e-12,6.2979144e-12,5.942921e-12,2.8157917e-12,3.8290642e-12,1.16799626e-11,-2.7543695e-13,0.0
0.0,0.0,0.0,0.0,0.0,0.0,0.0,0.0
940031.2,1059547.2,1204191.2,1370175.0,1307027.2,477070.22,206942.67,28286.656
1125012.2,1241116.9,1305401.4,1377405.8,1428308.8,603287.1,409340.94,98140.23
1328683.1,1487297.2,1599558.8,1606045.6,1850041.4,728319.0,512912.53,112811.69
-1.2456449e-11,-1.3445139e-11,-7.251288e-12,-2.9438316e-11,-1.25146985e-11,-8.906405e-12,7.87007e-12,0.0
0.0,0.0,0.0,0.0,0.0,0.0,0.0,0.0
471977.56,561187.2,625277.8,553410.75,301567.94,71176.6,0.0,0.0
-3.8334106e-12,-3.4581424e-12,-9.358621e-12,-6.4226497e-12,-1.0898268e-12,4.9262434e-12,-2.0658148e-12,0.0
0.0,0.0,0.0,0.0,0.0,0.0,0.0,0.0
0.0,0.0,0.0,0.0,0.0,0.0,0.0,0.0
914772.9,1028960.4,1149507.1,1300583.6,1166369.0,458834.84,210166.1,28629.676
1093982.6,1237404.0,1333254.5,1354953.4,1477595.4,650072.44,441569.25,99778.336
1217911.1,1410586.1,1537825.4,1436679.8,1698642.2,756345.1,594789.3,108146.61
-3.4417267e-12,-3.900549e-12,-5.239092e-12,-1.8026402e-12,-2.312448e-12,-3.698245e-12,0.0,0.0
0.0,0.0,0.0,0.0,0.0,0.0,0.0,0.0
0.0,0.0,0.0,0.0,0.0,0.0,0.0,0.0
0.0,0.0,0.0,0.0,0.0,0.0,0.0,0.0
0.0,0.0,0.0,0.0,0.0,0.0,0.0,0.0
0.0,0.0,0.0,0.0,0.0,0.0,0.0,0.0
0.0,0.0,0.0,0.0,0.0,0.0,0.0,0.0
0.0,0.0,0.0,0.0,0.0,0.0,0.0,0.0
1854367.2,2129191.2,2302511.5,2939397.5,1122553.4,586532.25,91304.7,0.0
1.7947773e-11,2.0377722e-11,2.8030987e-11,1.4375616e-11,1.2518853e-11,-4.284433e-13,-2.0730193e-12,0.0
0.0,0.0,0.0,0.0,0.0,0.0,0.0,0.0
0.0,0.0,0.0,0.0,0.0,0.0,0.0,0.0
0.0,0.0,0.0,0.0,0.0,0.0,0.0,0.0
0.0,0.0,0.0,0.0,0.0,0.0,0.0,0.0
0.0,0.0,0.0,0.0,0.0,0.0,0.0,0.0
1014566.2,1139901.4,1286288.2,1451728.5,1346327.9,521655.94,228025.55,32290.695
1231272.4,1383440.4,1495927.0,1535418.1,1672371.4,710542.3,461533.78,97138.83
1390358.1,1570786.8,1695513.6,1702604.5,2051411.2,761994.7,547484.0,107855.25
1433140.6,1630033.4,1767280.1,1730020.9,2232119.5,808710.8,580188.0,98961.414
0.0,0.0,0.0,0.0,0.0,0.0,0.0,0.0
0.0,0.0,0.0,0.0,0.0,0.0,0.0,0.0
0.0,0.0,0.0,0.0,0.0,0.0,0.0,0.0
0.0,0.0,0.0,0.0,0.0,0.0,0.0,0.0
0.0,0.0,0.0,0.0,0.0,0.0,0.0,0.0
762433.8,873161.06,1002201.2,1150781.6,877926.7,341694.53,101264.72,1790.2014
745155.4,849064.56,969722.25,1097856.9,962747.2,347123.22,129903.15,7162.395
664976.06,761433.8,859167.0,923407.2,892372.94,347451.25,149002.06,8755.522
576875.8,666100.5,751997.8,753868.3,753514.94,357156.25,160253.36,9943.082
0.0,0.0,0.0,0.0,0.0,0.0,0.0,0.0
0.0,0.0,0.0,0.0,0.0,0.0,0.0,0.0
0.0,0.0,0.0,0.0,0.0,0.0,0.0,0.0
0.0,0.0,0.0,0.0,0.0,0.0,0.0,0.0
0.0,0.0,0.0,0.0,0.0,0.0,0.0,0.0
783945.7,897086.44,1045739.8,1161331.1,1069158.1,438217.53,159152.48,12552.136
744941.06,855868.25,997634.2,1087179.0,984391.6,411498.75,145739.98,9182.517
712930.8,823505.06,952791.1,971399.3,1049276.2,462700.47,240162.02,30262.512
645135.44,750555.56,880099.6,857847.9,848916.7,516081.38,280049.6,36936.227
0.0,0.0,0.0,0.0,0.0,0.0,0.0,0.0
0.0,0.0,0.0,0.0,0.0,0.0,0.0,0.0
624284.56,728193.4,871724.25,891517.6,603461.25,234695.2,32335.404,0.0
3.8475104e-12,3.653657e-12,4.813197e-12,9.785908e-12,4.6747367e-12,2.65008e-14,-4.141092e-12,-1.4623964e-13
0.0,0.0,0.0,0.0,0.0,0.0,0.0,0.0
733193.4,838652.06,980571.2,1088314.6,1020157.06,419694.12,155963.86,13457.132
752407.9,858906.4,993851.5,1086959.1,1144542.9,444318.66,197363.28,26334.516
623062.3,720990.9,827260.9,835628.94,906710.44,404366.4,226588.08,29460.113
616946.25,719091.2,837183.75,805801.9,811272.9,481940.47,273971.4,36299.984
0.0,0.0,0.0,0.0,0.0,0.0,0.0,0.0
0.0,0.0,0.0,0.0,0.0,0.0,0.0,0.0
750822.8,877133.94,1036087.06,1034429.1,732081.7,320663.34,48542.402,0.0
-3.2059993e-12,-2.8135439e-12,-7.7622474e-12,1.293162e-11,-1.5887303e-12,-1.5624247e-11,2.2058778e-12,0.0
0.0,0.0,0.0,0.0,0.0,0.0,0.0,0.0
862479.6,984639.25,1147552.6,1273138.5,1193277.0,487154.34,178925.48,16393.318
778667.75,888270.06,1017920.0,1101012.1,1140228.2,461874.78,216012.33,33136.902
697573.9,811421.06,928176.3,910786.06,979518.25,470852.84,278778.88,35238.254
741818.94,865961.3,1008187.56,962167.5,949494.4,590766.7,331460.8,44041.53
0.0,0.0,0.0,0.0,0.0,0.0,0.0,0.0
0.0,0.0,0.0,0.0,0.0,0.0,0.0,0.0
993441.1,1164776.1,1392971.6,1393458.4,892280.1,313342.38,32654.166,0.0
1.4778322e-12,4.629216e-12,-4.659745e-12,5.9286217e-12,-8.409081e-12,-1.1231508e-11,3.9949576e-12,0.0
0.0,0.0,0.0,0.0,0.0,0.0,0.0,0.0
0.0,0.0,0.0,0.0,0.0,0.0,0.0,0.0
0.0,0.0,0.0,0.0,0.0,0.0,0.0,0.0
1451565.6,1595941.6,1615032.1,1677122.1,1825008.9,701693.6,506966.53,58204.637
1720197.8,1921662.6,1970506.5,1925962.2,2320918.2,906700.2,638124.44,65939.5
0.0,0.0,0.0,0.0,0.0,0.0,0.0,0.0
0.0,0.0,0.0,0.0,0.0,0.0,0.0,0.0
0.0,0.0,0.0,0.0,0.0,0.0,0.0,0.0
0.0,0.0,0.0,0.0,0.0,0.0,0.0,0.0
0.0,0.0,0.0,0.0,0.0,0.0,0.0,0.0
0.0,0.0,0.0,0.0,0.0,0.0,0.0,0.0
1351084.8,1509714.9,1587300.5,1754243.9,1656920.4,630746.7,352843.16,23066.162
1600113.5,1790306.8,1841690.1,1867425.5,2051450.6,813045.2,565175.1,62567.258
-7.793171e-12,-1.0294657e-11,-5.1361675e-12,-1.5716825e-11,-6.338298e-12,4.706071e-13,-6.1131894e-12,0.0
0.0,0.0,0.0,0.0,0.0,0.0,0.0,0.0
0.0,0.0,0.0,0.0,0.0,0.0,0.0,0.0
0.0,0.0,0.0,0.0,0.0,0.0,0.0,0.0
0.0,0.0,0.0,0.0,0.0,0.0,0.0,0.0
0.0,0.0,0.0,0.0,0.0,0.0,0.0,0.0
0.0,0.0,0.0,0.0,0.0,0.0,0.0,0.0
0.0,0.0,0.0,0.0,0.0,0.0,0.0,0.0
1707157.1,1906681.4,1949961.9,1984785.1,2155471.0,864772.25,592146.56,54950.66
1880287.2,2102558.8,2158133.5,2109773.0,2461967.8,981903.06,652667.44,57177.035
0.0,0.0,0.0,0.0,0.0,0.0,0.0,0.0
0.0,0.0,0.0,0.0,0.0,0.0,0.0,0.0
1021795.75,1207259.9,1414319.1,1344957.1,856062.44,294417.78,25519.5,0.0
1.7605199e-11,1.9728602e-11,3.3419784e-11,4.547791e-11,1.1849581e-11,5.9518493e-12,2.9387964e-13,0.0
0.0,0.0,0.0,0.0,0.0,0.0,0.0,0.0
0.0,0.0,0.0,0.0,0.0,0.0,0.0,0.0
1587733.6,1746698.6,1829477.8,2003653.0,1952319.8,754351.3,449374.5,42482.605
1703304.5,1899786.1,1944892.2,1929800.1,2101703.0,894412.2,620836.75,66664.2
2003735.5,2237508.8,2295718.8,2294169.2,2637386.0,1025517.2,666059.56,46457.84
0.0,0.0,0.0,0.0,0.0,0.0,0.0,0.0
0.0,0.0,0.0,0.0,0.0,0.0,0.0,0.0
0.0,0.0,0.0,0.0,0.0,0.0,0.0,0.0
0.0,0.0,0.0,0.0,0.0,0.0,0.0,0.0
0.0,0.0,0.0,0.0,0.0,0.0,0.0,0.0
0.0,0.0,0.0,0.0,0.0,0.0,0.0,0.0
1333440.5,1483903.6,1545349.1,1699647.5,1619069.0,623439.8,368103.88,25909.885
1723887.1,1922463.2,1967654.9,2028221.8,2225745.2,857337.06,597854.56,61783.125
-1.3075616e-11,-1.4254328e-11,-1.6420058e-11,-2.6110317e-11,-6.0170736e-11,5.843403e-12,0.0,0.0
0.0,0.0,0.0,0.0,0.0,0.0,0.0,0.0
0.0,0.0,0.0,0.0,0.0,0.0,0.0,0.0
0.0,0.0,0.0,0.0,0.0,0.0,0.0,0.0
0.0,0.0,0.0,0.0,0.0,0.0,0.0,0.0
0.0,0.0,0.0,0.0,0.0,0.0,0.0,0.0
0.0,0.0,0.0,0.0,0.0,0.0,0.0,0.0
1153072.1,1310121.5,1406772.6,1597812.6,1445766.0,516472.06,253179.42,11509.261
1504632.1,1675553.5,1736796.5,1781296.5,1920178.6,763966.94,505121.03,59464.363
-1.4680892e-11,-1.37418766e-11,-2.609001e-11,-3.3937197e-11,-8.217328e-11,-1.156912e-11,4.0125386e-12,-1.4293189e-12
0.0,0.0,0.0,0.0,0.0,0.0,0.0,0.0
0.0,0.0,0.0,0.0,0.0,0.0,0.0,0.0
0.0,0.0,0.0,0.0,0.0,0.0,0.0,0.0
0.0,0.0,0.0,0.0,0.0,0.0,0.0,0.0
0.0,0.0,0.0,0.0,0.0,0.0,0.0,0.0
0.0,0.0,0.0,0.0,0.0,0.0,0.0,0.0
1174321.2,1310921.2,1392439.1,1555668.1,1475777.8,538455.6,295718.25,22108.58
1613446.0,1797979.0,1838262.9,1886540.8,2099406.2,810905.56,575557.25,66049.805
3.0051328e-12,1.4394133e-11,-8.8581295e-12,2.8352785e-12,-6.622744e-13,8.511818e-12,1.10939e-11,6.219454e-14
0.0,0.0,0.0,0.0,0.0,0.0,0.0,0.0
0.0,0.0,0.0,0.0,0.0,0.0,0.0,0.0
0.0,0.0,0.0,0.0,0.0,0.0,0.0,0.0
0.0,0.0,0.0,0.0,0.0,0.0,0.0,0.0
0.0,0.0,0.0,0.0,0.0,0.0,0.0,0.0
0.0,0.0,0.0,0.0,0.0,0.0,0.0,0.0
0.0,0.0,0.0,0.0,0.0,0.0,0.0,0.0
1577653.0,1759903.4,1796595.5,1849672.2,2023044.5,788232.94,552327.3,56609.78
1.3915983e-12,3.9926396e-12,-3.2698484e-12,-8.1300236e-12,-7.1600587e-13,3.1843811e-12,6.107521e-12,0.0
0.0,0.0,0.0,0.0,0.0,0.0,0.0,0.0
0.0,0.0,0.0,0.0,0.0,0.0,0.0,0.0
0.0,0.0,0.0,0.0,0.0,0.0,0.0,0.0
0.0,0.0,0.0,0.0,0.0,0.0,0.0,0.0
0.0,0.0,0.0,0.0,0.0,0.0,0.0,0.0
1215089.5,1389662.5,1575691.4,1817207.2,1419377.6,535818.44,168950.66,2821.416
1175206.9,1336558.1,1516780.0,1750450.6,1538643.2,512153.62,190068.66,7684.366
1071286.9,1224966.4,1343320.0,1519570.0,1463053.9,468954.06,221189.48,7744.8125
994017.0,1132271.1,1270605.1,1395386.5,1483653.2,456266.0,195071.6,8749.321
0.0,0.0,0.0,0.0,0.0,0.0,0.0,0.0
0.0,0.0,0.0,0.0,0.0,0.0,0.0,0.0
902402.2,1049573.9,1235127.5,1242614.2,893252.25,411854.8,68474.03,0.0
-9.8077605e-12,-1.0670429e-11,-1.2645235e-11,-1.7906976e-11,0.0,0.0,0.0,0.0
0.0,0.0,0.0,0.0,0.0,0.0,0.0,0.0
0.0,0.0,0.0,0.0,0.0,0.0,0.0,0.0
0.0,0.0,0.0,0.0,0.0,0.0,0.0,0.0
1771344.4,1988467.1,2119824.2,2085740.4,2424703.5,984813.2,703714.6,142520.42
1979088.5,2229424.5,2384828.5,2290181.0,2844590.5,1121235.1,779845.7,144931.48
0.0,0.0,0.0,0.0,0.0,0.0,0.0,0.0
0.0,0.0,0.0,0.0,0.0,0.0,0.0,0.0
0.0,0.0,0.0,0.0,0.0,0.0,0.0,0.0
0.0,0.0,0.0,0.0,0.0,0.0,0.0,0.0
0.0,0.0,0.0,0.0,0.0,0.0,0.0,0.0
0.0,0.0,0.0,0.0,0.0,0.0,0.0,0.0
1224007.6,1386455.1,1506166.4,1563798.9,1610975.5,688482.06,416386.2,63921.75
1427464.2,1626155.6,1777035.5,1829781.6,2103758.5,755018.8,483110.53,64752.19
1493535.2,1692847.2,1830265.6,1850310.8,2270047.8,799316.3,516005.38,76110.08
0.0,0.0,0.0,0.0,0.0,0.0,0.0,0.0
0.0,0.0,0.0,0.0,0.0,0.0,0.0,0.0
0.0,0.0,0.0,0.0,0.0,0.0,0.0,0.0
0.0,0.0,0.0,0.0,0.0,0.0,0.0,0.0
0.0,0.0,0.0,0.0,0.0,0.0,0.0,0.0
0.0,0.0,0.0,0.0,0.0,0.0,0.0,0.0
1307764.9,1475085.5,1607524.5,1662725.4,1779763.9,735422.2,450385.16,77890.375
1447244.8,1644215.0,1788951.5,1841152.1,2106893.8,763040.9,494238.53,70217.8
1455952.9,1648397.4,1795763.4,1827460.8,2262946.8,773846.7,489556.84,73621.69
0.0,0.0,0.0,0.0,0.0,0.0,0.0,0.0
0.0,0.0,0.0,0.0,0.0,0.0,0.0,0.0
0.0,0.0,0.0,0.0,0.0,0.0,0.0,0.0
0.0,0.0,0.0,0.0,0.0,0.0,0.0,0.0
0.0,0.0,0.0,0.0,0.0,0.0,0.0,0.0
890562.7,1099578.6,1253867.9,543824.25,55466.242,0.0,0.0,0.0
-4.8913044e-13,-4.032105e-12,-6.049788e-13,-2.308595e-12,1.5126901e-12,0.0,0.0,0.0
711688.7,859529.8,1004691.4,349428.22,8179.2314,0.0,0.0,0.0
637693.0,768974.56,845664.25,332939.28,2319.595,0.0,0.0,0.0
0.0,0.0,0.0,0.0,0.0,0.0,0.0,0.0
0.0,0.0,0.0,0.0,0.0,0.0,0.0,0.0
0.0,0.0,0.0,0.0,0.0,0.0,0.0,0.0
0.0,0.0,0.0,0.0,0.0,0.0,0.0,0.0
0.0,0.0,0.0,0.0,0.0,0.0,0.0,0.0
1184822.2,1341304.6,1417604.8,1611501.8,1033552.6,521196.8,197047.69,0.0
1296265.0,1481212.6,1538371.0,1795923.2,1056812.5,562323.75,194178.66,0.0
1427728.5,1625153.6,1695286.4,2010934.1,1128872.8,632869.6,228107.8,0.0
1417515.6,1619335.9,1667259.1,1912618.9,1011482.56,658011.6,246764.78,0.0
0.0,0.0,0.0,0.0,0.0,0.0,0.0,0.0
0.0,0.0,0.0,0.0,0.0,0.0,0.0,0.0
0.0,0.0,0.0,0.0,0.0,0.0,0.0,0.0
0.0,0.0,0.0,0.0,0.0,0.0,0.0,0.0
0.0,0.0,0.0,0.0,0.0,0.0,0.0,0.0
0.0,0.0,0.0,0.0,0.0,0.0,0.0,0.0
1278026.8,1443027.1,1559763.8,1619571.8,1649688.6,709099.94,427160.75,64158.918
1461943.8,1655576.0,1799066.1,1892011.8,2088856.4,742490.44,452708.75,57843.92
1479308.5,1681292.0,1827544.8,1855486.4,2212577.8,782585.4,481023.5,60092.96
0.0,0.0,0.0,0.0,0.0,0.0,0.0,0.0
0.0,0.0,0.0,0.0,0.0,0.0,0.0,0.0
0.0,0.0,0.0,0.0,0.0,0.0,0.0,0.0
0.0,0.0,0.0,0.0,0.0,0.0,0.0,0.0
0.0,0.0,0.0,0.0,0.0,0.0,0.0,0.0
0.0,0.0,0.0,0.0,0.0,0.0,0.0,0.0
1357417.4,1534870.8,1657985.4,1735736.1,1764594.5,748804.5,449164.25,63951.31
1465979.0,1659510.0,1797605.2,1881336.4,2009296.5,757187.2,449715.6,54275.535
1508637.6,1712007.5,1847116.2,1885164.1,2312407.8,785622.94,506487.4,66179.48
0.0,0.0,0.0,0.0,0.0,0.0,0.0,0.0
0.0,0.0,0.0,0.0,0.0,0.0,0.0,0.0
0.0,0.0,0.0,0.0,0.0,0.0,0.0,0.0
0.0,0.0,0.0,0.0,0.0,0.0,0.0,0.0
0.0,0.0,0.0,0.0,0.0,0.0,0.0,0.0
0.0,0.0,0.0,0.0,0.0,0.0,0.0,0.0
1453652.8,1643219.1,1784380.9,1848656.9,1903100.4,809293.06,478172.0,67451.92
1587510.2,1801192.4,1964055.8,2063756.8,2280045.8,802613.2,479605.25,54605.68
1553676.5,1757867.9,1884777.5,1977789.6,2341277.2,802492.06,490146.72,63395.855
0.0,0.0,0.0,0.0,0.0,0.0,0.0,0.0
0.0,0.0,0.0,0.0,0.0,0.0,0.0,0.0
0.0,0.0,0.0,0.0,0.0,0.0,0.0,0.0
0.0,0.0,0.0,0.0,0.0,0.0,0.0,0.0
0.0,0.0,0.0,0.0,0.0,0.0,0.0,0.0
0.0,0.0,0.0,0.0,0.0,0.0,0.0,0.0
1442554.1,1626341.5,1740117.6,1831603.0,1967381.6,784951.44,510706.22,82886.72
1632520.0,1844355.6,1994269.0,2088912.0,2352911.5,830248.3,522685.0,69653.78
1599135.8,1806100.2,1965127.6,2014273.2,2447322.8,824920.75,501179.2,65437.54
0.0,0.0,0.0,0.0,0.0,0.0,0.0,0.0
0.0,0.0,0.0,0.0,0.0,0.0,0.0,0.0
0.0,0.0,0.0,0.0,0.0,0.0,0.0,0.0
0.0,0.0,0.0,0.0,0.0,0.0,0.0,0.0
0.0,0.0,0.0,0.0,0.0,0.0,0.0,0.0
0.0,0.0,0.0,0.0,0.0,0.0,0.0,0.0
1332066.4,1505230.5,1622914.6,1675739.5,1731329.8,753120.1,463787.03,69453.266
1556929.8,1763838.2,1908628.8,2008773.1,2219370.2,781828.2,480743.5,56562.418
1565998.0,1775029.0,1917762.0,1956687.5,2427144.5,816385.4,527117.56,70768.41
0.0,0.0,0.0,0.0,0.0,0.0,0.0,0.0
0.0,0.0,0.0,0.0,0.0,0.0,0.0,0.0
0.0,0.0,0.0,0.0,0.0,0.0,0.0,0.0
0.0,0.0,0.0,0.0,0.0,0.0,0.0,0.0
0.0,0.0,0.0,0.0,0.0,0.0,0.0,0.0
0.0,0.0,0.0,0.0,0.0,0.0,0.0,0.0
1350339.1,1519108.2,1645706.0,1713594.5,1810935.2,755316.94,463860.1,81294.88
1450243.1,1644122.1,1763089.5,1855825.2,2025194.0,761788.6,477897.12,62563.215
1522263.0,1719648.0,1862009.6,1878988.4,2285983.2,811824.75,510946.16,73778.46
0.0,0.0,0.0,0.0,0.0,0.0,0.0,0.0
0.0,0.0,0.0,0.0,0.0,0.0,0.0,0.0
0.0,0.0,0.0,0.0,0.0,0.0,0.0,0.0
0.0,0.0,0.0,0.0,0.0,0.0,0.0,0.0
0.0,0.0,0.0,0.0,0.0,0.0,0.0,0.0
0.0,0.0,0.0,0.0,0.0,0.0,0.0,0.0
1275884.6,1436439.1,1566873.5,1630654.4,1716295.9,711293.4,421645.94,68698.19
1490547.1,1683816.8,1808818.1,1912325.2,2103036.8,773174.44,480817.8,65544.51
1474026.2,1667817.6,1827069.0,1873046.2,2230778.5,766244.4,442289.78,53846.953
0.0,0.0,0.0,0.0,0.0,0.0,0.0,0.0
0.0,0.0,0.0,0.0,0.0,0.0,0.0,0.0
0.0,0.0,0.0,0.0,0.0,0.0,0.0,0.0
0.0,0.0,0.0,0.0,0.0,0.0,0.0,0.0
0.0,0.0,0.0,0.0,0.0,0.0,0.0,0.0
0.0,0.0,0.0,0.0,0.0,0.0,0.0,0.0
0.0,0.0,0.0,0.0,0.0,0.0,0.0,0.0
1446873.4,1640193.2,1814841.5,1903731.0,2079201.0,740049.9,406397.78,45253.26
1446722.0,1640609.6,1812495.6,1891876.6,2280964.2,726620.3,420964.75,49644.957
