710434.5,829478.6,840931.94,775969.25,543629.75,265901.8,13403.451,0.0
1376469.0,1570240.6,1654585.8,1775189.8,1257474.6,641607.3,176859.7,0.0
1541191.2,1776877.8,1917259.4,2016654.6,529226.1,5964.903,0.0,0.0
703155.44,814205.56,889643.7,936857.6,728710.8,374343.06,124408.27,1370.288
721307.56,825107.5,927820.1,1029345.1,841864.1,383614.7,137689.72,5678.0815
773220.25,883909.3,996030.56,1118135.4,922240.75,387318.8,137762.5,4348.466
798608.06,909960.94,1029649.2,1193858.6,1045588.94,385734.03,147116.84,6822.1943
735239.75,842760.2,929897.4,1072101.0,979926.94,350682.44,163114.25,6761.1035
707160.75,810552.75,887100.6,1029151.9,906609.5,311411.94,145537.25,4174.531
602491.1,694068.94,749500.3,874344.6,684266.75,257510.42,108155.13,763.8632
599029.3,692640.56,744089.0,839656.25,687563.3,271903.1,122892.74,1661.1992
589701.1,685407.75,727827.1,785393.25,695977.5,291139.22,149239.4,3930.7327
411110.0,483087.8,517468.28,499715.62,370228.88,212771.6,42746.27,0.0
581895.75,666115.1,749970.0,824649.06,657289.94,299343.78,101571.414,3870.3357
737518.25,841026.6,943861.94,1057511.2,881211.3,375947.47,142034.73,6978.1104
758941.75,863776.25,974541.56,1128517.4,958048.8,358081.7,134825.62,5833.976
670791.8,763911.6,848857.8,993346.75,870234.56,301656.88,130077.875,5163.835
696388.25,798750.56,873285.0,1018916.2,859874.3,301893.62,135388.8,2571.9263
419698.84,490660.53,517579.44,494303.78,372380.03,224851.53,49603.637,0.0
596788.94,688861.44,774323.75,807777.06,621826.44,318471.7,91928.49,1353.6783
707411.44,804622.4,913386.3,1023676.7,833526.3,362378.28,124654.53,6979.4893
782778.4,883604.4,998735.56,1151274.2,971855.4,379958.66,142585.14,9428.748
791603.75,898774.9,1020713.7,1203229.6,1018934.6,354729.72,128141.68,5425.702
736552.1,838567.2,938454.1,1104208.9,971438.0,326179.6,136067.52,5758.644
643790.25,737759.6,813826.25,954550.7,802713.3,276507.9,117653.64,2697.4275
535123.94,617943.0,659938.8,756816.75,549326.56,235300.4,99917.08,711.91595
485370.72,562164.0,593030.8,650592.25,529122.8,233555.66,116606.766,2728.0356
2468752.5,2819137.5,2931871.5,3394552.8,1765861.4,926155.06,125985.2,0.0
602697.8,696351.94,780216.5,807546.4,617206.44,322424.7,90921.95,805.68567
643993.8,737571.9,823350.5,918346.9,734813.7,328139.84,119199.91,3775.4548
679000.44,771873.06,892874.5,1061510.8,872164.94,298671.0,90714.26,2927.0103
705804.0,802871.0,916131.2,1087106.8,909963.8,310928.72,106691.305,3240.9507
667186.1,761629.4,854954.6,1009103.94,877947.56,293905.12,117962.24,3481.168
551820.5,634195.3,704063.75,830629.8,699393.1,233279.42,95187.66,1472.8867
529918.25,610324.94,650997.0,762956.9,582393.44,225379.92,99790.25,355.67938
571105.56,660776.56,708543.7,793720.6,649932.9,263725.88,119702.67,1419.657
539975.0,627605.2,666890.4,710571.1,658826.4,275257.28,147275.42,4927.5337
903500.3,1066047.4,1138483.5,983432.94,855139.94,743375.3,569102.2,155935.1
827020.4,960136.75,1116804.5,1154413.5,997281.8,618367.0,246123.6,33608.195
1124374.4,1304195.2,1544028.5,1631110.2,1243580.5,609714.3,149210.12,810.515
1007760.7,1174258.4,1398575.2,1480486.6,1015278.4,428919.44,79006.16,0.0
604453.7,717701.4,783173.6,985954.25,464708.62,229990.27,50933.93,0.0
603641.75,720947.56,778045.9,867716.1,555413.8,288062.1,106839.25,0.0
903798.6,1042421.75,1205993.2,1256224.2,1090296.4,724805.4,304056.75,54668.27
1264412.0,1461533.1,1710438.5,1784827.8,1438746.8,775597.9,219238.56,5402.204
571445.44,649207.5,724441.2,657627.4,535291.0,353246.56,111513.27,0.0
778130.5,901661.56,1074298.2,1088735.0,874333.0,483341.06,97652.74,0.0
1126460.5,1253086.9,1426681.5,1627282.8,1618662.1,558950.7,209397.9,16071.479
915058.9,1039754.06,1194451.4,1285017.4,1411813.5,470216.38,192522.7,9085.804
830366.9,946856.8,1088580.5,1144413.9,1355704.6,443375.94,195084.16,10359.927
774343.3,883896.8,1021347.6,1066006.1,1311444.5,438647.5,182271.48,9420.842
881390.2,1006832.8,1169058.6,1269576.5,1454133.5,472787.72,192831.78,7798.7573
597972.25,688158.75,793977.3,825363.6,1036967.2,324041.72,163082.89,6856.7837
519412.06,614112.3,673693.44,590811.7,417451.94,155591.3,13475.588,0.0
915079.2,1050971.8,1196478.8,1238916.1,978624.4,514831.53,147912.16,2671.5286
1047451.75,1188670.0,1303348.4,1378109.6,1193208.5,604640.8,272966.34,19153.822
1048422.1,1189075.9,1302320.0,1409233.2,1258452.4,602261.3,281121.78,20908.682
1264041.0,1430367.6,1557824.5,1724506.9,1590962.6,678712.9,329806.16,22221.67
1348906.5,1524478.0,1618685.1,1782390.2,1727791.1,688584.3,394305.4,28760.814
1436853.1,1631707.8,1706940.4,1831389.8,1807690.8,733729.0,450049.94,27382.027
1257287.4,1445799.6,1617453.8,1965568.1,1124065.6,449050.84,113224.06,0.0
883753.9,1026121.6,1117817.9,1282430.6,753220.06,367628.9,109519.78,0.0
1343903.4,1550972.9,1852390.4,2037632.9,1561257.0,682497.4,136192.4,0.0
1418190.1,1618041.0,1911670.6,2230774.0,2029363.5,861968.75,214776.02,4663.7915
1236650.1,1406842.4,1655654.1,1921921.0,1816937.4,791786.6,213461.6,9139.03
1077488.5,1226551.5,1434416.2,1649599.9,1664906.8,541973.0,162563.31,1544.8612
939490.5,1075130.9,1249843.6,1377837.4,1501183.9,494628.5,188817.08,3884.4795
806891.1,926666.4,1079930.0,1151161.2,1410796.0,446515.7,191760.75,6142.2705
753857.25,868141.4,1015343.1,1052523.4,1395737.8,441902.53,213031.64,9047.479
1129413.8,1303557.8,1557470.4,1640517.1,1273546.4,623288.25,122847.94,0.0
1098738.6,1254123.1,1483391.0,1702088.4,1548586.8,748284.25,198874.33,8571.649
1056441.4,1200102.2,1408831.4,1607093.8,1544745.9,717525.4,212671.97,14267.667
1021383.4,1162223.0,1364543.9,1547925.0,1507278.8,590966.3,171549.77,3762.775
915972.7,1044993.94,1214709.0,1365899.0,1360408.8,485035.1,160763.53,2089.3855
853248.94,977286.7,1129946.6,1238937.0,1354231.4,449573.56,185938.11,4161.2637
796786.3,914275.0,1061189.1,1125277.9,1443457.0,429311.84,213712.73,9468.568
455681.34,531089.44,616399.1,581987.0,465353.84,290287.78,74263.75,1001.98926
598747.94,694495.0,822063.3,823364.3,649282.2,374980.1,85920.7,280.1896
718210.1,834639.8,995503.25,1010987.2,758435.94,368136.78,66812.38,0.0
787775.0,901281.1,1064777.1,1214361.6,1103671.0,514535.5,140150.95,5058.2637
814561.9,930510.25,1091750.9,1210031.8,1169009.5,560338.75,195076.86,12938.823
803827.44,916110.5,1078837.8,1207344.1,1216640.9,470895.03,148830.67,4354.29
755889.5,865792.6,1004037.5,1105986.9,1171496.9,421139.1,169014.9,4392.0645
741576.7,848945.94,985200.6,1069106.5,1215231.6,422524.94,188210.12,8320.685
715332.94,820103.2,947664.5,1006687.1,1300130.0,408851.44,211045.42,14707.563
650890.4,748218.8,872508.6,904640.75,1231510.2,389325.88,214459.2,13740.287
314769.7,366458.47,421340.7,373250.0,303780.22,194236.0,47238.273,265.17188
384939.53,449062.97,527115.5,497999.34,405863.03,268393.06,68191.69,840.66003
469418.16,549032.6,637481.06,629017.44,470268.9,250398.0,47597.676,0.0
571687.25,657386.4,778736.5,850571.56,751887.4,373340.22,108203.63,3270.0403
615368.2,700076.2,829200.56,931210.7,912536.75,425016.44,137660.23,9609.833
657606.94,748953.94,880612.44,988676.25,999772.6,390361.1,130367.55,5322.1455
697446.9,794913.9,924059.94,1033180.0,1076360.8,372369.22,134198.83,3943.3062
678353.7,775061.75,891649.5,982293.44,1113999.8,370796.06,168344.48,8583.078
590402.5,674495.7,781353.3,843800.1,1031575.7,326672.5,158698.95,9845.04
637661.75,729403.06,848316.06,902882.1,1161047.0,367042.75,183169.94,12434.454
606952.8,698721.6,805400.9,841143.2,1152400.9,348566.84,193630.5,12124.557
613586.75,717813.9,834092.6,822888.3,652182.1,382365.06,102368.61,0.0
1077457.0,1243531.5,1470350.9,1596499.9,1325008.5,778472.7,219967.48,9683.067
1258005.2,1458182.8,1733462.1,1855548.2,1414102.9,648571.2,129708.78,0.0
1339475.8,1528845.5,1796103.0,2075682.2,1895495.8,931170.44,257428.58,14502.446
1463873.0,1655927.6,1909226.9,2197375.2,2238890.5,930414.2,302514.6,32662.889
1443578.2,1644325.0,1906931.2,2108589.5,2113688.5,853918.25,290477.94,10062.0
1263275.2,1433792.9,1617001.5,1784329.9,1762687.8,677962.25,270818.2,5211.225
1365102.8,1564769.5,1720247.6,1759598.8,2022666.1,852538.94,491931.56,66513.94
1781361.6,2057411.4,2278542.2,2258934.8,2790921.5,1092418.6,679322.2,77788.836
645530.56,754008.8,881963.6,895304.3,711133.9,405025.78,109430.51,0.0
1153187.0,1325499.8,1552718.6,1743766.8,1477726.2,812562.25,237239.11,15076.038
1356836.5,1570787.4,1867423.8,2058773.9,1582118.6,690296.44,144499.7,0.0
1602978.0,1820546.6,2103595.2,2410761.2,2445661.5,1092204.2,355903.6,37584.133
1614162.6,1844071.2,2131473.2,2330251.2,2335242.2,1032263.4,370500.84,17182.523
1462860.4,1672171.1,1868154.8,1997691.2,2085046.5,866367.4,394203.84,20146.982
1650863.6,1897165.5,2082969.6,2124388.8,2427965.8,1023307.2,588411.1,73141.8
1973074.8,2281574.5,2562337.0,2576144.8,3202847.0,1198812.5,702006.4,59550.383
648257.0,755986.75,884056.1,900498.6,707433.0,388239.03,102809.59,0.0
1070311.1,1235991.6,1452571.2,1590937.6,1307510.6,765696.2,219752.28,9637.822
1240387.8,1434520.9,1710759.2,1861642.4,1449044.2,699351.0,145861.53,0.0
1348173.6,1543479.9,1814109.4,2057730.5,1866150.2,993724.7,293257.97,17757.83
1438467.5,1642185.0,1895114.1,2108279.0,2006025.0,1001843.1,338630.1,26160.338
1519834.1,1738306.2,1996184.9,2167755.0,2102874.2,961707.9,342479.66,10829.094
1586559.1,1818334.5,2013199.2,2069301.1,2201388.5,1047709.2,548345.0,60957.03
1838243.0,2111711.8,2347530.5,2384224.2,2696094.5,1182847.8,662951.7,75576.54
2124440.5,2447256.2,2727601.8,2783215.2,3380407.5,1303029.9,703954.1,59005.895
974624.75,1126672.1,1335818.6,1453657.2,1275261.0,865884.25,349374.78,35031.758
1127307.6,1314277.1,1545035.4,1642254.8,1351895.2,742262.9,201830.25,0.0
1183420.0,1395382.4,1637541.0,1715395.9,1206450.5,508610.6,79945.36,0.0
2955497.8,3392707.2,3902670.2,4248328.0,5306363.0,1955192.5,950004.0,86697.46
582130.75,684099.06,792145.8,791481.25,648768.8,427945.1,135768.5,0.0
839722.94,970260.56,1137189.9,1220986.4,1076689.8,759943.75,348445.1,59016.227
1235618.0,1435891.6,1684673.2,1815081.5,1546378.2,883361.0,277397.28,3965.7722
1288254.6,1511246.2,1765239.1,1867463.6,1343967.2,582110.5,107934.7,0.0
1589072.1,1828624.0,2123486.0,2386231.5,2147769.8,1107422.1,366372.38,14021.133
1692668.4,1947186.4,2241520.5,2464534.0,2277561.2,998526.6,325580.38,798.0554
1574637.9,1812611.0,2073843.9,2292643.0,2345206.5,898740.25,354360.25,5238.1816
1431140.4,1658825.8,1901626.0,2043597.2,2003614.0,789189.1,284155.3,0.0
1269748.6,1469154.2,1708526.6,1791320.8,2076654.0,794182.56,334612.3,8150.699
855706.5,988174.8,1162300.1,1228733.1,1096735.0,756167.6,350738.97,58223.402
961829.75,1118415.6,1317453.2,1377509.8,1174646.9,687253.1,224210.12,8185.916
1342110.6,1543513.2,1786698.1,1959727.2,1917988.0,914861.0,363767.38,25795.217
1167054.1,1342294.0,1527616.4,1672767.9,1697067.2,654314.1,275971.6,7817.992
1111066.2,1280121.8,1474885.0,1572189.6,1827182.2,605728.2,282829.38,12569.21
921384.56,1070009.6,1225577.9,1250679.1,1601284.6,563655.75,304047.6,20753.895
913757.2,1057738.9,1238250.4,1369378.0,1197989.5,801773.8,317128.5,47451.945
1091854.9,1266827.8,1488972.0,1608424.9,1361449.1,768433.4,230953.4,5687.1274
1249573.6,1465882.6,1727269.2,1832247.5,1344420.8,594519.06,113632.99,0.0
1496097.9,1717190.9,2002794.0,2218549.5,2190552.5,1129366.0,421912.47,36123.824
1696539.5,1952100.6,2244595.2,2503971.5,2437023.8,1026735.9,377262.5,8608.834
1474946.9,1702935.9,1961791.9,2155805.5,2242463.8,786347.4,310307.03,3416.537
1276624.6,1473960.5,1708371.0,1810758.8,2197340.0,747300.44,338550.44,15514.398
971366.06,1120002.5,1306355.4,1393234.2,1252637.5,858441.6,399668.84,76018.125
900073.7,1045641.3,1207310.4,1257616.6,1039652.75,603161.4,195479.44,5203.0503
1197251.0,1393988.6,1613754.9,1696957.6,1315201.5,657997.3,170861.47,0.0
1228455.5,1413422.8,1607071.4,1736078.1,1820657.2,712795.4,316901.97,19847.037
1391538.8,1600353.9,1836640.9,1987179.8,2436860.8,761423.6,374565.75,27965.104
951701.94,1090979.5,1282311.0,1421019.1,1285757.2,942232.56,467469.22,107321.09
1025640.94,1188600.2,1380286.5,1488880.6,1290905.5,762185.5,275758.03,23699.428
1365324.2,1575460.1,1802821.8,1945374.6,2034544.9,835092.0,361382.94,21998.799
1371032.8,1580318.0,1825206.8,1942020.6,2398071.2,800742.06,391675.25,29976.719
999904.4,1149448.4,1343844.5,1459116.6,1307155.5,935841.4,452638.53,95749.14
927915.7,1084179.9,1257038.1,1312873.8,1093899.8,634350.75,207789.83,1732.5111
1205899.0,1410412.8,1643307.2,1737084.1,1335170.5,651498.75,157729.98,0.0
1253451.0,1445437.8,1641923.5,1770331.2,1913236.4,736187.3,339867.44,24021.125
1554683.8,1791718.4,2059431.6,2209178.2,2719366.5,875090.2,424120.12,30321.648
771867.8,902661.1,983353.06,904072.0,699428.94,427660.03,81894.98,0.0
906921.3,1034977.75,1113697.8,1144722.0,998640.8,555077.3,269977.22,18144.71
1266795.1,1448235.6,1596563.1,1709015.9,1527846.1,748207.0,340993.84,21478.047
1118403.0,1273319.2,1387327.5,1522152.1,1391630.1,618293.06,301450.72,19718.098
932830.9,1059043.1,1121131.6,1238715.0,1194863.5,479929.3,277163.5,20558.576
1268210.4,1446598.2,1544705.6,1719528.5,1579534.9,604781.06,318941.62,9988.383
988825.3,1142570.8,1245688.1,1172135.5,1032595.4,822328.3,568270.44,161523.55
2743747.2,3133998.8,3555000.8,3841152.2,3418697.2,1712142.6,592782.5,9594.74
2454058.5,2799306.0,3271118.5,3783696.8,3182479.2,1161440.5,286425.3,0.0
2063190.8,2354551.8,2727184.5,3165797.8,2823844.0,927944.75,273674.7,0.0
1974901.2,2251938.0,2601742.8,2968408.8,2964587.8,968696.1,335097.9,6535.7275
1565988.5,1805873.8,2067955.6,2197120.2,2346129.8,853305.7,330428.1,6246.2295
1008957.75,1168061.5,1323945.6,1311460.6,1142521.8,878163.56,494265.72,102153.94
892811.8,1037346.3,1177308.1,1194951.8,1020090.1,600390.8,219883.06,3389.9685
939463.25,1089797.6,1255111.8,1331487.8,1200326.0,624164.8,235963.25,7074.3633
1155320.5,1330664.1,1543050.5,1660449.9,1480680.0,743477.94,248227.95,7021.8994
1142589.8,1313350.0,1502927.9,1624923.4,1517688.1,666805.6,250675.36,7276.8804
1056659.9,1215309.2,1387856.1,1505436.0,1433941.5,596147.94,234926.98,6871.687
1040065.25,1198739.5,1372093.0,1473952.1,1535364.9,574261.9,258129.39,12501.671
778442.5,896295.25,1029047.44,1095387.5,1234927.4,434529.2,210058.11,15336.729
1021359.9,1177718.5,1356482.5,1416208.0,1744853.8,588817.6,307808.25,26690.668
789477.56,913153.1,1040904.94,1078859.6,1459333.6,442357.0,259789.72,25385.176
941594.8,1085814.9,1236997.9,1222981.8,1033248.94,818244.0,415420.9,74553.086
866197.94,1006296.75,1155547.5,1128590.6,939267.1,597847.6,187708.33,1700.5266
723858.4,841427.2,974104.44,972801.7,822507.0,476100.0,140299.27,0.0
912412.75,1060082.6,1227188.8,1273839.4,1118827.1,605625.1,208088.88,2867.9568
1094467.1,1257627.9,1459206.8,1572244.0,1400602.1,683068.25,222790.66,5931.8594
1079792.2,1239534.1,1418493.6,1528383.0,1392472.0,616093.4,220456.83,4233.489
1087881.5,1250337.0,1410648.9,1587368.2,1492589.2,556713.56,225512.72,4310.3657
1025753.56,1179402.8,1347501.2,1452373.4,1483574.8,557169.5,241712.08,11097.869
847020.4,972983.94,1110167.9,1213266.6,1376888.6,433236.6,211961.58,12834.546
1011106.7,1164068.0,1341649.8,1404292.8,1702501.8,566740.1,284503.4,22082.715
736251.5,853097.1,974629.25,991961.25,1281338.2,425296.1,234656.62,18697.598
1015469.1,1169934.0,1281037.9,1227937.4,1084589.6,848598.4,557880.3,156508.42
2751896.0,3144519.5,3575323.8,3878617.5,3546218.5,1746761.4,618371.25,17563.438
2699069.8,3085613.0,3660090.0,4344460.0,3482388.8,1141939.1,227533.47,0.0
1698827.6,1951506.5,2275657.8,2725058.8,1991543.2,633812.6,137464.7,0.0
1193967.4,1370618.9,1586398.0,1795273.2,1617065.0,585871.9,187405.9,863.79315
875064.2,1007579.9,1162088.4,1245610.5,1331040.1,485278.06,203427.28,9226.253
1163810.8,1336246.8,1542379.4,1652158.0,2061091.0,625534.75,306089.5,22264.316
881510.56,1022542.75,1167180.0,1182460.0,1480333.8,511326.47,262287.0,16004.456
1023965.9,1188691.4,1313727.2,1230589.9,1054999.1,872838.8,582149.7,144499.28
2391573.8,2732890.0,3066033.5,3226032.5,3038825.8,1607985.4,673370.06,42301.742
2657131.5,3018529.0,3370673.2,3620301.0,3554461.8,1642411.4,693493.94,33440.668
2839012.2,3232344.8,3611855.2,3943942.0,3950105.8,1630084.6,688024.3,18445.387
2935976.8,3349764.8,3753475.0,4084266.2,4293501.5,1610206.6,697787.3,17580.803
3403033.5,3896817.5,4430421.5,4809040.5,5697319.0,1870490.1,793872.75,24732.469
823285.75,966020.06,1116721.4,1148995.1,956597.56,592779.3,203621.0,2086.486
722026.0,848492.25,982088.0,1026829.25,809608.94,420826.75,110397.664,0.0
863424.5,996785.94,1170743.2,1401567.0,1165621.1,379937.6,104947.37,0.0
702007.1,814391.6,947259.75,1148216.6,893590.4,278236.6,84676.555,0.0
685789.6,797667.5,930590.06,1116914.1,840163.56,271506.72,77963.92,0.0
628015.7,737567.3,842939.2,960449.75,769311.8,280724.34,97145.15,0.0
557639.25,661517.25,746076.6,779296.5,760986.1,309225.22,133429.52,0.0
749525.1,870606.56,1023878.9,1215317.4,963127.2,309924.38,73669.54,0.0
744224.6,871265.75,1010631.25,1166302.8,922800.75,325427.8,92228.83,0.0
748308.75,874709.4,995407.9,1065122.8,1233729.0,399251.25,196061.64,996.03735
770524.25,903118.94,1048145.06,1171363.0,896150.06,348161.72,94221.04,0.0
720350.44,841027.06,986452.6,1030810.75,862205.25,553009.25,209837.06,17469.479
621553.3,729505.75,854083.7,896813.9,717502.8,392682.66,117764.26,806.84894
579699.44,677332.1,786856.2,852498.6,717288.1,377534.5,134921.92,3424.1272
562454.94,652687.0,759605.7,849352.75,750266.06,372012.7,140604.08,9129.077
825764.25,961305.7,1109474.4,1252311.1,1060256.6,466583.22,170925.88,3549.471
768685.56,889699.8,1027575.2,1188076.9,1029573.94,412218.38,151662.06,5100.548
758307.5,875042.3,1006875.4,1183128.6,1107970.8,394254.78,161678.95,9364.5
737797.3,851239.5,981532.8,1126109.0,1147414.6,382051.72,174179.23,13589.749
653739.9,757612.7,873451.25,1003439.7,960658.7,307101.8,128610.086,2280.6838
641842.4,747971.5,862102.56,991832.56,800452.0,284025.3,97166.945,0.0
594184.56,708657.5,797190.0,1046887.4,337811.28,145287.23,1933.1818,0.0
553655.4,657558.06,742431.9,709847.56,569523.4,358151.94,95213.71,0.0
1658382.2,1905798.5,2236885.5,2653474.5,2504874.2,843482.2,250057.94,0.0
879698.1,1015623.6,1197263.0,1382630.0,1301009.1,437443.78,130714.72,0.0
687905.0,807765.75,946144.9,1129004.0,699602.8,259744.4,51184.97,0.0
542048.9,644011.6,752897.1,875808.8,441438.84,195804.48,24037.252,0.0
395355.28,479473.53,555230.44,576538.94,330944.78,148983.77,4979.528,0.0
664708.44,770292.3,866081.2,840297.3,720859.56,577251.3,335100.56,83633.37
761304.75,882844.6,996233.9,960349.56,833513.1,647160.7,366397.94,76865.08
2316725.0,2654601.5,2931323.5,3031490.0,2622861.0,1392748.5,513479.34,0.0
2478748.0,2835858.0,3088695.0,3264253.5,3051643.8,1325625.8,550338.4,0.0
2685965.5,3092054.2,3408860.0,3487218.8,3653828.8,1519101.8,641674.75,0.0
675210.2,783315.2,886831.6,917917.3,706936.06,365092.16,95175.086,848.14246
790996.8,903817.1,1037203.5,1165036.8,965115.56,394834.66,125357.82,5017.533
737039.2,841643.25,945736.0,1104703.1,918776.06,335074.44,123382.03,4197.6084
752898.56,856580.3,964264.8,1132820.9,981907.4,329454.22,127961.945,5351.1274
685255.94,784496.9,866754.9,1016136.0,831065.7,291074.66,115626.23,2304.7598
516432.06,595909.44,691637.9,725461.7,543611.5,264822.78,60016.13,774.1514
453932.2,513582.38,592209.5,690241.8,535511.06,196639.84,59679.055,1946.0
626231.1,709691.7,815329.1,973379.94,790424.3,262276.03,84835.484,3208.4546
602687.75,680938.9,774715.7,939840.7,802838.7,240759.9,89384.36,4239.6353
425154.9,491213.12,527987.8,611495.6,422591.3,183242.75,69889.0,253.18839
351829.0,407732.7,465586.2,487762.9,380152.22,197458.88,60033.31,2527.9573
443581.44,508936.06,585848.1,648262.8,798803.06,224244.72,127223.8,17416.447
498768.97,575835.75,633999.25,682074.0,565092.56,292900.6,125809.77,8075.4326
334373.47,386282.78,444114.12,478162.94,539288.44,174917.95,89385.195,8613.92
508619.1,590162.06,670647.6,733661.25,809229.4,247745.62,122971.64,5019.285
449831.97,516706.34,598994.06,677554.0,751734.25,222237.33,100487.375,6899.9663
377064.53,436636.94,498240.7,544571.2,611455.2,191528.3,96603.125,6743.5806
433379.8,499805.7,572634.0,656125.94,671573.5,203870.53,97446.62,6359.425
292893.62,346040.6,385374.25,356557.78,264693.6,137135.1,21280.262,0.0
311894.0,370253.28,406853.62,369168.06,280775.06,155722.11,23752.314,0.0
341397.03,397886.47,431692.47,407782.62,314834.6,200595.47,52098.81,93.53086
463838.88,536378.9,543808.06,491339.03,408053.94,309708.4,118783.3,2557.1626
1164575.1,1327161.4,1471555.9,1563348.2,1395849.6,680074.25,298780.56,20109.008
1267039.8,1438711.1,1580109.6,1729148.9,1578955.5,684251.0,315261.0,19214.664
1333135.6,1510125.2,1575959.0,1734000.8,1630645.5,647995.06,378479.8,15995.45
966737.0,1107578.8,1214524.9,1211763.8,1073771.8,693956.6,357706.38,49328.316
1767119.8,2013270.6,2230977.5,2525508.0,2472810.5,1082067.1,503857.72,79982.445
2026320.4,2309944.2,2679670.8,3047660.5,3520776.0,1090367.0,485602.97,52916.9
1521551.1,1746865.4,2036610.8,2261609.2,2572305.8,790744.06,347970.1,22698.227
1099842.4,1267703.4,1467658.2,1586854.4,1937121.4,612021.94,293448.1,22252.64
954201.8,1086926.5,1150314.9,1115777.2,1016778.6,656265.8,408803.28,68785.766
1637126.1,1863738.0,1991591.4,2065604.6,2072381.8,1072983.1,662698.25,137742.12
2687003.8,3078234.0,3435002.2,3642402.0,4278230.5,1579395.6,921921.0,157096.19
2828519.5,3249076.8,3663650.8,3854924.5,4795297.0,1670563.6,983818.6,158225.58
2980539.8,3432804.0,3901938.0,4101102.5,5315865.5,1842177.9,1059499.5,159119.38
1103830.5,1262832.6,1336043.1,1308028.0,1181333.5,738314.44,441986.78,62678.7
2455808.2,2804525.5,3140720.5,3503052.5,3433231.5,1532765.8,714455.2,117597.484
3142007.8,3596472.8,4098666.2,4622530.0,5056711.0,1874805.4,849026.3,132470.61
3412314.5,3896051.5,4503134.0,5190250.0,5915707.5,1825635.6,753969.44,80569.086
2984659.2,3414416.8,3968661.5,4491231.5,5359899.0,1605273.0,668210.25,51620.594
2381554.8,2751220.0,3239816.2,3737788.2,2965531.8,1005682.44,264816.38,0.0
1341137.1,1536421.2,1660086.0,1693802.5,1489962.0,890767.0,453539.97,51970.316
3478494.8,4000883.0,4567223.0,5195112.5,5672160.5,1865336.8,804850.6,58409.18
3317173.5,3848059.8,4472974.0,5168602.5,4182692.5,1425745.9,393240.12,0.0
391110.5,460250.34,511661.88,479183.56,372367.53,221335.19,46503.906,0.0
911184.25,1047236.25,1114638.9,1110580.0,918060.75,573312.9,260150.62,9862.515
2859660.0,3322548.8,3930795.5,4619220.5,3405335.0,1179588.1,259654.42,0.0
463877.56,508548.9,434184.0,234035.2,14390.344,0.0,0.0,0.0
960688.06,1098780.0,1257447.4,1384432.0,1146697.0,512887.2,165099.67,5288.9546
991490.56,1131680.6,1268336.0,1395092.8,1222733.5,535706.06,211705.12,9006.043
988546.0,1129585.4,1259902.2,1433066.5,1259633.4,494960.16,200971.94,6398.1074
924579.7,1055582.2,1173197.2,1354066.4,1248976.2,432808.25,193032.5,7117.117
891576.3,1023081.25,1136004.6,1318701.8,1122155.6,387177.47,152957.08,1818.5074
707461.3,818227.3,895493.4,1012401.1,767631.44,312625.34,115484.9,381.79797
642731.9,748276.1,812738.1,868306.3,731951.0,318621.66,136257.19,1608.9949
946305.75,1080259.6,1154776.5,1164259.4,1078597.0,630856.25,373845.66,58617.79
1939815.1,2211444.8,2400164.0,2575922.5,2591973.8,1284888.0,696658.2,134482.69
2546954.5,2922364.0,3261955.8,3484511.5,3823093.0,1528322.1,849288.25,126554.64
2825147.5,3240442.2,3642358.0,3920268.0,4541771.5,1647342.8,908278.7,133452.42
2990606.2,3440220.8,3911529.8,4177895.8,5167082.0,1751833.1,972651.2,130905.42
3089915.2,3555155.2,4072943.0,4333170.5,5669705.0,1842871.0,987216.44,122406.03
724753.1,837700.2,949292.9,981245.1,819442.7,442388.4,156519.44,6919.217
969966.75,1104743.1,1180175.5,1189568.4,1088769.4,633885.9,376994.47,57064.652
1227426.5,1399004.8,1528163.1,1564321.6,1517486.2,857198.7,504217.1,100989.234
1489107.0,1688459.4,1827767.8,1909193.5,1969445.5,1001219.8,594094.2,139785.61
1776517.6,2022448.9,2193170.2,2292070.5,2468847.2,1160007.2,700369.94,157781.83
1977590.9,2262662.0,2478213.2,2561442.8,2879017.0,1219736.9,771643.06,148449.92
2172126.5,2492505.5,2767257.0,2839945.0,3381131.8,1318748.4,839254.2,151920.78
2317693.5,2662618.0,2990615.0,3097799.8,3914499.2,1336681.5,837188.94,130313.82
1223419.9,1379421.8,1519582.4,1529124.8,1442363.2,850994.0,469074.9,91716.984
1402891.5,1593762.5,1755820.0,1780566.9,1697844.9,969493.5,538109.2,91680.81
1562405.9,1767705.8,1965471.5,2104383.5,2045433.9,972032.06,485619.28,72243.016
1662472.4,1880920.5,2086173.1,2296122.2,2336078.2,920111.06,481536.4,67200.06
1673215.5,1896754.5,2069886.1,2185678.0,2462230.2,989416.9,609320.7,124364.734
1735489.2,1979272.8,2166463.2,2215396.5,2674873.0,1029217.8,689231.44,144644.12
1814143.4,2077676.6,2301816.5,2307544.2,2924358.2,1059779.0,733660.2,137861.38
1029519.25,1149585.0,1317960.4,1414420.5,1333567.8,671400.3,270825.2,54108.344
1247514.0,1381626.2,1490454.8,1525917.9,1501538.2,862166.2,504768.62,143649.19
1518285.8,1650298.6,1716637.4,1752671.6,1833998.0,987634.56,640783.2,237014.31
1701125.9,1902498.5,2048662.9,2086153.6,2221544.8,1106302.5,695232.6,171470.53
1864460.5,2091051.0,2265983.5,2303221.2,2565042.0,1149959.0,736157.3,166851.69
997004.56,1126092.8,1205471.8,1185676.4,1091931.4,681253.5,412467.66,75208.91
1264980.1,1434179.9,1550957.9,1530445.1,1430491.6,889363.2,537302.4,100839.26
1534964.9,1741373.4,1913813.5,1964427.2,1862994.0,1019541.06,557131.94,89439.91
1737816.6,1969947.4,2168471.2,2347070.0,2305004.0,1052804.4,553627.94,82877.76
1825572.5,2066102.2,2274810.0,2454273.5,2482371.8,1044864.3,570795.5,87307.88
1940744.2,2188693.2,2402413.8,2564818.0,2842767.5,1102810.5,658404.56,133928.8
1979032.5,2247459.2,2461012.8,2557604.2,3037189.8,1100580.6,722189.4,144272.64
1993496.8,2273631.0,2505494.2,2538821.2,3181730.8,1115658.6,758408.7,146637.53
950972.6,1078293.1,1250714.5,1317244.1,1155800.2,625413.7,226920.31,29972.49
1177287.5,1318889.0,1463579.5,1505503.5,1445852.6,818001.25,427393.28,97625.95
1800553.0,2024379.1,2193372.8,2204699.0,2394427.0,1130608.2,717701.0,153243.17
1251240.2,1419430.5,1500470.1,1528470.8,1411281.8,813795.1,479226.22,78273.38
1575167.6,1790479.5,1939449.5,1985146.4,1851710.5,1038086.44,580500.06,94444.97
1805485.0,2055628.5,2229863.5,2278616.5,2158120.2,1180230.9,666301.2,107154.87
2410182.5,2742580.0,3032768.8,3282729.8,3222035.0,1503626.5,761844.94,122208.02
2879942.2,3280787.8,3679868.8,4091893.2,4183482.2,1707919.8,805730.75,122038.5
3252809.8,3714857.5,4206231.0,4711451.5,5072382.0,1861101.5,857199.44,118167.98
3525795.5,4033913.2,4591136.5,5147920.0,5890552.0,1949216.2,904173.25,115305.67
3587312.8,4112374.5,4694790.0,5221706.0,6369946.0,1968216.1,926669.3,111003.14
932351.7,1059863.4,1233558.4,1298880.1,1134411.0,618983.94,221242.03,27341.717
1728077.5,1945373.2,2084965.2,2141409.5,2303920.5,1075260.4,680739.56,140859.06
1886425.6,2128291.8,2324946.8,2323654.8,2699829.5,1125015.0,737779.75,143806.33
1906428.8,2202597.2,2440508.5,2455139.5,2929160.8,1124675.1,708308.9,71777.766
1237175.8,1386840.9,1517741.4,1517844.2,1454930.6,867111.56,495559.5,111432.72
1500089.2,1691628.9,1834076.1,1822240.6,1783419.0,1080881.6,657018.9,153578.94
1751197.4,1976907.2,2142276.0,2156734.5,2200377.8,1194662.9,728020.94,155345.81
2001325.5,2265256.5,2473851.5,2517963.2,2668041.0,1297833.0,782235.94,147946.83
2191697.0,2484368.0,2734238.5,2794924.2,3094581.8,1353502.0,812780.3,143962.34
2341982.2,2662977.2,2951699.2,3028400.0,3586326.0,1356084.2,836964.6,135050.64
2381492.2,2713654.0,3037324.5,3102434.2,3881165.2,1350193.8,827358.6,123361.22
973114.94,1098041.2,1192889.6,1209811.1,1090743.5,617854.25,324506.06,46459.13
1213124.0,1373556.4,1458436.4,1462106.8,1347428.1,831527.8,497567.66,90652.72
1441856.9,1637361.2,1809611.6,1851890.4,1769424.1,971318.56,531180.56,88684.164
1607845.6,1824570.0,2036925.5,2169105.5,2145399.8,1019742.4,523292.56,80560.836
1763502.4,1996118.9,2150869.5,2280370.0,2424476.5,1100815.0,659559.6,140508.11
1970794.4,2240702.8,2440983.8,2504842.2,2836450.5,1230942.4,786342.06,170607.17
2112654.0,2412757.8,2655700.0,2681378.8,3204624.5,1271807.0,846682.94,165638.11
919965.94,1046139.6,1117490.0,1091706.5,964014.4,601472.1,325040.1,38136.797
1176434.8,1340117.9,1454039.6,1444962.0,1336924.0,814490.75,476328.03,81008.98
1496999.2,1700641.2,1848258.0,1924659.4,1868624.2,1013407.0,572191.1,111808.16
1704372.4,1932207.2,2074538.6,2166802.8,2218998.8,1126030.2,681351.9,153650.19
1944600.6,2209062.8,2394192.8,2487546.2,2662524.0,1242190.9,765707.8,165441.72
2307865.5,2634401.2,2896709.8,3045225.5,3454869.8,1425167.1,851370.2,164985.34
2408383.8,2759817.0,3056401.8,3139289.0,3760370.0,1445335.2,924669.44,170147.75
927256.44,1055342.1,1135410.8,1133842.2,1020286.0,630065.7,356357.12,53742.402
1205855.8,1368739.8,1456389.1,1520624.6,1415834.9,811294.5,471288.88,88271.445
1467503.8,1663172.8,1766677.6,1851476.4,1761368.4,967103.6,575448.75,113158.46
1722612.2,1955077.2,2093088.8,2233476.8,2176052.2,1062938.1,627152.25,108074.62
1953977.4,2228108.2,2443274.5,2610625.5,2660509.0,1129371.5,644311.1,90645.664
2086528.0,2385765.2,2744156.5,3236154.2,2949601.8,946797.56,344233.53,14194.491
1250639.9,1432744.6,1654641.1,1957210.9,1763619.8,512804.12,183296.77,4959.5825
866361.0,995656.4,1135579.8,1255115.0,1440357.1,438181.38,223535.36,20752.938
807890.94,930915.6,1051454.0,1145585.6,1448670.2,451538.2,242803.16,33699.332
1121785.1,1210380.8,1306692.6,1382872.9,1304015.2,686377.3,367188.9,114654.79
1355354.5,1497530.9,1604533.1,1613605.9,1609303.1,933186.6,577302.75,171999.53
1644066.8,1809244.6,1925250.9,1954878.6,2018099.4,1098820.1,687009.0,214980.6
1938716.9,2158092.8,2337194.5,2428628.5,2603323.8,1212053.8,733442.3,181545.4
1843231.8,2090948.9,2376797.5,2633655.5,2755735.0,959535.4,442916.44,44300.15
1357833.5,1536350.2,1782570.0,1965805.5,2342454.2,659409.7,293727.4,32334.934
1107030.0,1261206.9,1448083.2,1530717.4,2057566.5,586244.06,337397.78,41936.086
1215224.1,1370786.9,1539610.4,1563220.5,1465463.8,846928.1,412044.03,74476.0
1439458.9,1613744.5,1764637.1,1749091.1,1656222.4,1008711.75,566495.75,125181.18
1765207.1,1991171.6,2194114.8,2214206.2,2197257.0,1199987.5,667319.44,134152.72
2061953.8,2340627.5,2622825.8,2710194.8,2790637.2,1349799.5,693157.1,113583.04
1996252.2,2263711.8,2609576.8,2895311.2,3076418.5,1073114.4,452793.78,47861.49
1329457.5,1511538.8,1744721.0,1865202.5,2327934.2,713716.06,369170.53,48066.62
1240311.2,1420092.6,1611366.0,1684548.0,1436016.9,731133.06,263214.44,10294.9795
1329006.6,1519706.1,1664144.1,1860562.6,1777005.5,663873.06,335550.75,15726.634
1243493.5,1429539.6,1562708.5,1762659.9,1518897.6,568829.5,240392.19,2071.0427
1199306.6,1383020.4,1543871.8,1784553.8,1346003.9,503301.97,158869.98,0.0
1065257.9,1233465.6,1371103.4,1538184.2,1196533.0,472614.78,160472.66,341.65417
1036597.75,1184034.2,1271797.2,1286822.1,1117872.8,657377.0,336624.03,34347.86
1282427.9,1462639.2,1579145.4,1592721.1,1436374.6,835619.0,461663.8,64170.24
1603587.4,1825425.0,1989511.6,2056148.9,1954237.1,1052632.5,597105.4,106075.85
1902333.5,2171502.0,2368519.2,2502416.5,2484116.2,1182640.4,685342.75,117878.01
2193542.0,2513941.8,2776370.2,2976982.8,3068450.8,1306644.9,734098.7,110372.3
2457998.8,2819245.0,3146664.8,3381400.5,3679953.0,1420486.1,790641.5,116790.61
2567600.8,2946615.5,3293593.5,3519177.0,4096751.2,1447442.2,844185.6,132385.64
2780505.2,3201774.2,3615612.5,3818906.2,4744588.5,1587705.2,931022.9,137012.0
2844135.8,3286591.5,3735595.0,3921972.8,5044439.5,1673887.5,937000.1,114647.58
876975.75,1015327.5,1149415.2,1169289.6,976258.44,548229.7,201620.89,9928.562
961021.25,1104241.6,1274177.1,1374569.4,1173419.5,575260.8,205269.05,15181.683
989483.2,1134182.5,1259076.5,1377031.6,1238208.6,589958.2,286594.66,35879.21
1174351.9,1349209.9,1484503.4,1627914.6,1636097.6,746384.6,399559.22,75508.195
1257906.8,1445896.2,1576319.1,1730199.5,1797156.5,775057.9,452064.53,91717.23
1386846.0,1599691.4,1752098.0,1874237.0,2092778.0,834550.5,522993.5,105464.336
1459949.4,1683446.1,1882661.1,2013548.2,2346335.0,819088.94,512043.53,80981.38
1116134.2,1289003.1,1470355.2,1656158.5,1706580.1,529956.2,245038.33,12183.714
783406.94,910949.2,1030970.1,1093084.0,1258820.2,445148.56,237253.36,20814.531
1625297.9,1832327.5,1884713.1,1838348.5,1554478.5,983070.06,485175.2,15668.536
1838187.8,2080057.1,2179120.2,2201260.5,1813619.2,1055864.0,464718.28,5769.8945
2223290.5,2529932.0,2731175.5,2936289.5,2305785.2,1134093.2,418444.25,0.0
2568580.8,2918882.5,3194385.2,3645160.8,2842256.5,1170959.4,450086.0,0.0
2501426.5,2859434.8,3156350.5,3562610.2,2819037.5,1159534.2,421074.03,435.74973
2499225.0,2840855.5,3077030.2,3534190.8,3120537.8,1141721.0,554083.44,12345.766
2433790.5,2776846.8,2968401.5,3234603.5,3208214.2,1168462.6,657859.56,25730.32
2536066.8,2900567.5,3077370.0,3331048.8,3266989.2,1215589.6,661621.1,11112.125
2615525.8,3009856.8,3211183.2,3392784.2,3687365.0,1337395.9,745857.6,21282.08
1583307.1,1775659.5,1808590.8,1806409.5,1531846.9,947317.56,504149.22,23853.162
2318993.2,2616956.8,2790698.5,2958311.2,2465058.2,1254978.5,548698.56,11338.918
2626112.2,2988064.8,3267889.5,3624520.2,2977218.2,1300372.5,507149.53,6051.4727
2560757.5,2921201.8,3210545.8,3611756.5,2947942.8,1216290.6,463640.28,3856.813
2579360.8,2927089.8,3160139.0,3617485.2,3220582.8,1181506.8,576827.2,11305.551
2492739.5,2829777.0,3002343.8,3283162.8,3316238.5,1190142.2,695706.9,33756.562
2487743.2,2836459.5,2990299.2,3155184.5,3411918.5,1243215.9,765860.25,41427.42
2556228.8,2920740.2,3074299.8,3214904.8,3758826.0,1328321.1,807420.4,53663.184
658952.44,769238.7,842232.0,774707.2,624689.5,417437.6,111197.72,0.0
1402559.4,1601141.8,1708173.0,1703624.0,1437217.1,862605.75,397551.84,20384.756
1506471.6,1726920.9,1878409.8,1982081.9,1643945.5,850692.2,357775.4,13703.113
1615828.9,1835887.6,1974311.6,2139394.2,1918063.2,932070.94,490476.7,50510.926
1795083.4,2040238.6,2163657.0,2317397.0,2251473.5,1084799.5,653071.7,108910.76
2216577.5,2552352.8,2734249.8,2849641.8,3083680.8,1298671.5,854347.75,129223.89
2382738.8,2752634.5,2964133.5,3054366.0,3533040.2,1350280.1,906551.44,130978.97
2531043.8,2927189.2,3177287.0,3235510.8,3985063.0,1402191.9,959261.7,133956.47
2757999.0,3191032.5,3514792.5,3555882.0,4606305.0,1546235.9,1017376.7,129354.18
1475369.5,1685072.2,1877116.8,1904054.5,1673667.6,952783.75,433974.66,46258.844
1839109.2,2091779.6,2222023.8,2282868.0,2149579.8,1192396.8,725937.3,132090.39
2105550.5,2403348.8,2565976.8,2651997.2,2600409.0,1348784.8,835762.56,158048.06
2363489.0,2708854.8,2930851.0,3059806.2,3164568.2,1445688.5,893924.4,157326.58
2769902.0,3171248.0,3480383.2,3669364.5,4093439.5,1626391.8,1007322.44,191726.61
3105205.5,3575031.2,3997927.2,4207877.0,5230028.0,1752011.8,1070145.9,180702.39
3133178.8,3616251.0,4050092.5,4225688.5,5593761.0,1805327.0,1114804.8,188945.1
1619073.1,1874541.6,2177880.2,2254029.0,1899577.6,1076567.8,372045.66,24856.83
1852190.6,2143777.0,2497790.0,2727931.8,2371927.5,1214257.8,441931.12,34484.87
2136374.2,2461152.5,2864028.2,3222550.2,2938674.8,1413958.8,534675.4,59474.453
2327218.2,2675180.0,3104230.5,3548630.0,3265679.0,1388442.9,523301.62,52962.656
2385430.8,2745592.5,3183464.5,3650792.2,3346117.2,1293597.6,485441.84,34046.598
2453699.2,2827922.0,3272962.5,3781170.8,3368307.8,1199931.5,433379.28,14333.815
2280125.5,2662178.5,3053243.5,3597730.2,1899980.9,831786.6,143440.38,0.0
2092644.9,2429470.8,2787837.8,3222519.8,1855368.8,813988.7,187721.78,0.0
763681.2,889330.75,970870.9,821588.1,705122.3,595100.2,266134.9,18566.346
2233248.2,2562367.2,2814507.5,2821543.2,2503433.5,1564187.9,805000.4,117861.01
3226402.2,3658761.2,4068785.5,4401767.5,4203664.5,2196928.8,1062771.2,246462.19
3628240.0,4118941.5,4674951.0,5340830.5,5716708.0,2030380.1,929911.2,179596.98
3231215.5,3683734.0,4182697.5,4663332.0,5253973.0,1703586.8,840882.9,130812.03
2994715.8,3416164.2,3874260.5,4255070.5,5000320.0,1539948.2,773350.75,105323.65
3009326.2,3433689.2,3849057.8,4314473.5,3235950.0,1313234.2,463519.22,0.0
699058.2,810393.7,860118.0,740036.75,631252.2,515258.7,216584.67,11623.316
1900043.6,2154206.5,2286776.2,2181249.8,1914849.8,1322333.4,746825.8,116286.93
2505888.8,2842926.2,3130641.0,3349875.2,3060668.2,1531111.2,751165.7,107924.58
2534143.2,2882120.2,3208427.2,3410956.0,3259768.2,1591209.4,794027.4,130548.0
2589553.8,2957387.0,3332048.8,3648521.8,3767872.8,1448695.2,745034.8,109218.44
2438585.5,2790051.8,3049731.5,3179629.2,3813197.2,1390712.5,936368.6,221775.88
2536805.8,2933417.8,3194918.8,3118783.2,4152624.2,1535307.4,1206903.8,345848.56
743111.9,862208.06,944033.8,825381.7,697795.1,545559.7,206665.12,7294.873
1687207.0,1923951.4,2086776.9,2048760.8,1854198.4,1159462.0,662361.94,109972.625
2105448.0,2386695.0,2574140.0,2613976.0,2561689.2,1499889.4,921401.56,254058.56
2400092.2,2729928.0,2963865.0,3052130.2,3197240.5,1703421.8,1031559.9,304493.3
3592614.0,4040539.8,4328244.5,4739308.0,5549125.5,2312125.8,1292980.1,519459.34
3666181.2,4200914.0,4830273.5,5157298.0,6150289.5,2486376.2,1370651.9,250434.39
3757308.5,4306776.0,4965931.0,5260775.0,6581191.0,2420944.8,1416325.9,248527.64
3973370.0,4560949.5,5123917.5,5428229.0,7123258.5,2446705.2,1442709.6,318367.72
1494761.8,1701987.9,1862388.0,1780754.6,1634934.6,1083011.1,656586.1,129748.59
1733789.0,1974137.0,2208653.2,2217234.8,2040932.5,1211604.6,627880.8,109612.836
1718407.1,1950378.2,2150027.5,2261672.5,2326061.5,1171871.8,681314.25,169760.28
1914549.1,2176980.0,2348982.8,2419919.2,2689452.2,1368321.8,845345.2,292278.9
2127560.8,2425817.2,2632982.0,2625707.5,3065509.8,1483752.0,1002898.7,344217.9
2446086.2,2800951.2,3104505.8,3119431.5,3790463.5,1677580.5,1124852.1,343687.66
2459196.2,2801929.0,3216157.2,3461192.2,4479586.5,1453831.9,843851.56,165194.83
1929317.1,2204063.2,2542579.2,2659687.8,3588207.0,1185542.6,756971.7,152934.73
2086352.5,2383963.0,2598599.5,2565588.0,2357782.5,1470861.4,864900.06,160790.9
2390958.8,2718103.2,2962707.5,3090290.8,3011754.0,1631679.2,938778.3,214919.8
2501273.0,2839833.2,3088504.0,3402456.0,3203796.8,1328117.1,709449.44,77666.39
2402619.5,2778006.5,3011033.5,3832899.5,1255360.0,538474.56,0.0,0.0
1910566.4,2184786.8,2393082.5,2469845.2,2270279.0,1293548.8,712598.44,115633.22
1971238.0,2247504.0,2475104.8,2627237.0,2502596.2,1315141.8,717371.75,133283.58
2251260.8,2558144.5,2798320.8,3133503.0,2947392.0,1161673.6,604024.7,61255.99
2125952.5,2387990.8,2519588.0,2943897.0,2386949.5,876293.06,411027.78,0.0
611991.25,708370.6,778597.06,722625.9,546255.3,324700.66,61997.508,0.0
1169268.4,1344384.9,1457524.2,1506617.2,1212672.4,649797.06,228409.75,1713.742
1933366.4,2193839.8,2382045.5,2726187.8,2300838.5,841664.1,352594.88,3177.1104
1831554.6,2080193.6,2276135.2,2596009.2,2235586.5,794677.75,328039.38,3427.7659
1707856.6,1947694.6,2092559.8,2325489.0,2170773.0,762385.8,364889.62,5151.9443
1688100.8,1895881.0,1990772.4,2183291.8,1862660.2,748169.5,348212.62,1254.535
1348623.8,1547901.0,1732506.6,1811578.4,1564159.6,788040.56,307926.9,11362.641
1429347.5,1634409.9,1846880.6,1987593.8,1756897.1,813027.56,313778.94,14053.651
1450004.6,1645945.5,1831477.1,2046212.8,1829816.5,749678.75,315327.75,14170.504
1377963.8,1570185.0,1730382.4,1927351.1,1827678.5,702386.9,334937.75,17358.156
1337442.1,1525431.2,1665624.5,1873336.6,1633093.8,618262.56,271502.28,4580.318
1296400.1,1497737.2,1659484.6,1928755.1,1439167.4,540962.2,173972.12,0.0
1228201.8,1423777.4,1578588.5,1782308.9,1386914.9,539673.75,184859.53,443.60846
1150204.4,1335346.1,1472951.1,1568952.4,1470400.6,579305.06,256085.84,5654.111
641619.44,746780.9,822423.25,760570.7,625889.4,435808.3,142968.77,3655.865
1026596.25,1177152.2,1276566.0,1268417.9,1077675.2,658477.8,300916.4,22910.299
1476549.9,1685522.1,1876733.1,2034204.1,1815023.9,884870.25,410114.7,43530.938
1576140.8,1791300.2,1936798.5,2144098.5,2045115.8,934404.7,502855.53,82019.414
1677969.8,1909534.2,2020334.1,2187304.5,2282830.0,1048464.2,629273.8,149540.12
1849881.5,2112763.0,2251411.2,2394887.0,2719139.5,1136682.5,722286.2,183006.84
1957346.4,2244520.8,2410389.0,2489679.8,2990327.8,1152982.6,796845.9,185459.44
1764714.2,1971765.0,2140072.0,2329190.2,1412775.4,635156.8,168294.45,0.0
1787786.0,2054242.0,2244586.8,2433374.0,1469469.4,636618.5,116427.51,0.0
1441253.5,1646877.0,1702232.4,1712288.5,1214292.9,715154.0,195502.34,0.0
2415341.2,2729921.5,2878256.8,3058598.8,2911917.2,1426617.0,874950.1,140391.86
2783336.2,3156235.0,3348012.0,4018540.5,2186682.8,1000794.94,177970.4,0.0
2978467.0,3427664.5,4203080.5,2593670.5,734726.4,25260.053,0.0,0.0
1819551.6,2110584.2,1839018.9,696575.1,0.0,0.0,0.0,0.0
1527909.5,1745599.1,1874129.9,1931136.9,1663497.6,945703.1,462868.5,38694.777
1698803.2,1934709.1,2051115.5,2221209.0,1997725.5,1000070.4,538122.5,58831.457
1784129.1,2010573.1,2085883.2,2258040.8,2215381.0,1055742.6,648940.9,125574.68
1980497.8,2220118.0,2271393.5,2493487.8,2307566.2,990869.25,598657.7,32629.521
1503512.2,1828197.0,1876144.0,1505221.2,446104.0,0.0,0.0,0.0
2463499.8,2826270.8,3180327.5,3595538.2,3112488.8,1297478.4,541134.94,37549.344
2468937.8,2807922.8,3072051.8,3485683.5,2780751.5,1144116.4,471276.06,9697.89
447489.72,515333.88,587321.94,642157.5,498206.03,226214.48,67875.31,1598.4336
570929.5,651700.56,759395.06,871434.94,698518.3,266432.88,76162.516,2789.5085
561506.1,639024.8,741706.6,883185.7,740648.25,245621.61,76888.27,3339.8157
581624.6,661902.94,759553.5,907561.5,803363.25,249746.55,91478.055,4569.6523
495781.78,569000.4,634098.75,743433.6,626899.9,213546.61,88686.055,2515.0632
434919.84,502929.84,543781.7,643978.8,495293.2,180317.7,77798.93,722.2281
418749.97,485245.72,518426.12,583029.4,466314.78,193611.86,90398.08,1512.0563
396751.47,461504.38,490940.28,529572.4,485423.53,197721.83,108478.5,4836.547
1023054.0,1174275.9,1328788.0,1445040.2,1261010.2,568184.3,216290.3,9311.233
1029052.8,1175892.1,1314497.6,1474692.1,1310202.9,529837.1,218827.8,9344.202
1031677.75,1175146.8,1326659.1,1531788.4,1371707.2,477617.8,189324.28,7377.1133
918750.94,1056342.4,1183956.1,1344886.1,1164329.8,420330.66,162379.58,3082.9253
838226.3,967499.2,1071312.1,1244844.2,907150.0,353802.06,115561.19,50.2002
778252.4,902120.44,987671.3,1120808.2,812340.9,344699.7,121948.09,264.7459
718942.5,835884.94,915478.8,976883.5,849299.6,358342.8,156525.83,3336.5776
2384229.8,2740623.5,2983414.5,3077528.0,2593986.0,1402064.6,536366.0,0.0
2708265.8,3113700.0,3466205.0,3931783.0,3672060.2,1198239.2,461571.97,0.0
1698938.6,1966638.0,2098560.5,1959278.6,1673138.6,1173937.9,545273.56,10155.008
2335346.5,2676001.0,2886864.0,2944471.5,2532575.5,1419470.5,603171.6,2450.6968
2543205.0,2908414.5,3182306.5,3355792.2,2801983.0,1389121.1,501699.5,0.0
2893327.0,3326420.2,3700013.8,4152311.5,3852235.0,1327511.4,507063.06,0.0
2749318.8,3166954.2,3538037.5,3917808.8,4004659.8,1288696.0,523563.7,628.2348
1776341.2,2065554.1,2257050.5,2093980.9,1810506.6,1262667.5,561513.75,13577.923
2497409.5,2866102.5,3157634.0,3182808.8,2742642.0,1594711.1,646934.1,9178.461
2732807.5,3120465.0,3433602.8,3569434.5,3133527.5,1624517.4,666144.9,7572.8145
496419.16,585058.4,665250.1,609541.3,520579.6,429462.06,251889.36,44061.54
1554291.1,1817675.6,1963748.4,1808829.8,1581354.8,1120771.0,584667.94,29978.568
2874508.5,3296692.0,3615624.8,3849600.0,3686500.8,1512636.5,678828.8,3472.9558
1665170.4,1948007.6,2323348.0,2509669.0,1683305.5,655639.9,120528.52,0.0
946381.2,1097513.8,1282618.2,1428989.9,1262778.0,449321.1,146784.31,406.42715
611530.2,703607.0,804899.1,845224.1,647172.0,323664.0,86263.875,1660.1246
705734.75,802118.94,932816.44,1048147.8,854187.5,353224.4,103980.01,5893.8936
720411.9,817580.6,942314.75,1084014.4,916238.75,346163.22,112352.16,6295.703
677745.94,772375.56,868107.75,1021518.0,887198.75,308283.6,121060.35,4936.565
785963.1,887867.3,1022455.7,1242087.6,1134536.0,317639.66,111956.39,6003.1426
619677.3,710130.3,795250.0,928699.06,786125.5,264334.0,101340.95,2163.343
530836.9,609577.75,667166.25,783470.9,572068.25,220469.45,79272.76,420.90897
479630.66,551364.06,597825.6,679369.6,504779.03,212365.62,83204.14,863.0144
422363.16,489056.75,520600.06,565119.8,446655.44,205895.12,92883.09,1902.7404
639619.4,735756.94,840747.9,887603.0,680727.7,335263.94,90369.85,1832.4333
714884.2,814829.25,942535.94,1046572.9,866070.7,375262.6,116781.12,7068.5337
707157.44,809496.94,916171.1,1041445.06,885413.5,358441.56,130424.96,5746.608
804468.75,909923.75,1062553.4,1268649.2,1155943.5,355894.34,110387.12,6898.9614
770405.06,872696.4,998493.06,1192687.5,1095410.6,328022.16,122348.336,6815.089
618957.5,708813.3,785422.9,919772.75,791460.44,260067.62,108798.39,2877.01
533066.3,613598.2,659962.56,778443.2,555676.06,222072.08,83932.48,290.19934
467503.16,538850.9,576006.94,659681.1,476637.22,206181.67,83274.375,662.75824
416157.84,481503.78,510627.3,546175.56,455976.62,207798.16,99638.336,3134.236
534733.25,613196.75,686271.25,810359.44,680345.9,223932.75,86593.31,1935.3181
494721.47,569076.4,621979.8,729841.06,542124.0,206915.34,76622.13,527.34937
333624.66,385422.0,409135.34,472351.78,348770.53,145535.17,63050.098,544.3891
371402.1,430502.06,457510.06,489267.0,412135.06,187785.25,90941.055,2874.2402
1395149.8,1563734.2,1492457.9,1468519.2,1201998.6,823444.9,457890.4,4792.0674
1586666.2,1837939.5,1972414.6,2115478.0,1282262.5,601130.44,99816.85,0.0
349654.38,407379.0,469347.0,442918.03,337458.16,185989.19,34722.703,0.0
746514.3,847259.7,964196.7,1009775.1,894182.44,473675.4,198372.75,26118.16
1007983.44,1116657.4,1182970.6,1187625.0,1081822.2,659820.0,396876.97,91817.68
1290501.9,1448292.8,1581584.0,1600698.0,1508967.4,865161.56,497112.7,106367.984
1619825.9,1856348.8,2064648.1,2116567.5,2282418.2,1110896.2,662899.3,121534.35
1881945.2,2136238.2,2326304.8,2313170.2,2795507.2,1159870.9,817320.3,201179.9
1952509.9,2231084.2,2450920.2,2410115.2,3036722.8,1176938.5,857414.06,189079.5
731831.1,828482.9,923145.5,948604.44,813943.7,458386.6,200506.38,26458.512
980445.25,1114790.8,1212870.2,1177855.1,1100281.1,706571.56,434373.9,93292.18
1193661.5,1383987.4,1531725.9,1452771.5,1384815.6,906509.94,584839.5,101889.45
1672423.1,1931094.6,2130758.8,2091751.4,2174597.0,1159365.8,740232.7,120094.63
1879086.0,2151437.2,2354416.0,2340037.2,2610310.2,1216885.1,803681.75,159390.69
2029406.5,2322983.2,2536686.0,2573146.5,3045682.5,1258932.4,832837.44,169223.11
2095014.5,2404440.2,2654855.8,2674134.2,3299825.5,1278784.2,854597.2,160194.0
2069257.2,2386011.2,2673910.0,2654551.2,3466499.5,1280551.8,880138.7,158092.36
1756079.8,2028100.0,2236981.0,2422383.2,1373617.4,576939.3,86031.26,0.0
809477.9,915348.0,1032798.4,1064361.5,926647.0,517995.62,218374.73,29828.068
1099954.0,1242338.1,1356370.9,1326605.6,1239821.0,775018.1,453097.66,90820.98
1339258.5,1516941.6,1660691.5,1678628.0,1634374.1,916362.9,533702.5,101650.57
1508847.2,1713770.9,1889219.5,1955351.9,1960032.2,996039.06,559414.06,93965.945
1710958.5,1934842.5,2103487.0,2156238.0,2315616.8,1113340.6,684868.2,146336.53
1890278.6,2139156.0,2298029.5,2361230.8,2651290.5,1158441.4,751978.7,160430.45
1987872.9,2266027.5,2481251.8,2468413.8,2929164.5,1204217.1,823215.6,154807.6
2070894.4,2368232.5,2607878.5,2599026.8,3279377.5,1197845.6,831348.06,142265.2
624414.0,720389.0,827717.9,860302.2,672599.94,347811.0,95010.945,1688.2036
683324.7,781821.44,903566.56,979346.5,812088.4,380327.62,123415.29,6697.136
702377.3,803259.8,921578.7,1022210.3,889800.5,390368.0,141779.69,8243.12
713915.6,816767.3,938614.7,1044377.5,958373.3,393375.28,152607.22,9432.999
724378.0,831391.0,951941.5,1051352.0,1014129.6,392909.06,169269.44,10339.42
657568.4,760903.44,844275.3,925266.56,876157.6,358860.66,175185.47,8645.915
585986.7,682237.0,748822.56,800372.44,703831.94,311436.12,137940.38,2452.6191
512907.12,602098.44,654221.2,673566.56,580144.7,291587.78,129305.336,2014.8661
444939.88,526530.1,571184.56,553121.6,502072.25,288575.66,146661.36,5661.298
655590.2,755099.75,886648.1,919990.0,797135.7,441972.06,151675.5,11592.698
714667.3,822724.7,971439.3,1035297.8,874407.6,454447.3,138722.42,8577.089
780104.25,896701.7,1048621.5,1124470.5,1071994.0,549665.44,231429.58,28468.15
831150.6,953052.9,1121258.5,1215580.1,1197839.1,615710.44,268891.03,35018.137
824814.3,946779.0,1110035.1,1186433.4,1253767.4,593469.94,292287.7,40751.902
825253.2,944275.56,1114722.8,1187342.8,1371913.4,580246.06,310078.8,42374.82
693121.5,798899.94,945089.2,973402.1,1046425.06,512252.53,278047.1,35134.035
316849.44,372110.62,429022.03,397096.47,298769.88,150585.77,23057.059,0.0
614332.94,707179.25,833361.75,868596.9,758620.56,422035.25,148992.34,12417.485
719397.3,822580.1,961844.8,1047203.3,978144.25,498272.06,190759.81,24563.512
689147.0,792842.9,919914.06,982915.9,954821.75,475509.4,218011.38,27713.223
796825.9,914798.8,1070320.0,1149862.1,1162080.4,571561.3,262895.2,34417.69
809638.5,927432.1,1093106.4,1175899.2,1226458.6,611976.4,292391.62,39577.473
767506.25,880126.0,1038085.8,1096297.9,1191491.8,577451.06,305367.6,45042.168
706269.44,813248.4,966662.6,994601.3,1055405.2,540260.5,296349.03,36326.723
386288.9,454420.28,515333.7,465701.28,362631.3,204169.31,34602.867,0.0
721696.2,829059.56,973386.7,1012414.8,886069.75,490551.16,170607.62,15137.006
742200.4,848279.2,982958.75,1055297.1,969743.9,516235.56,208490.36,30925.428
769176.7,889040.06,1028835.25,1070925.1,1030870.8,554012.0,268608.9,33155.043
951080.1,1093515.6,1279448.9,1363723.1,1359766.9,695812.44,317979.5,41766.664
948963.44,1089535.1,1278425.4,1374748.8,1400392.4,708632.94,332518.7,46098.438
877439.0,1007497.56,1189156.8,1251773.0,1345524.1,655233.9,345169.84,47915.188
825111.2,951208.75,1122955.4,1162131.5,1267194.8,597467.3,322887.12,39905.88
502323.53,592825.2,678661.9,613566.94,450429.6,205237.27,23411.14,0.0
1385541.6,1528740.4,1570536.1,1617643.2,1490540.8,798177.56,485186.66,55086.414
1767610.5,1977103.5,2071944.1,2124479.5,2019392.1,1042321.1,610511.25,62840.9
2104794.2,2298289.2,2356170.8,2491608.5,2452646.0,1096510.4,696463.8,72224.29
2174081.5,2432698.5,2568618.5,2747918.0,2595175.5,1076817.6,567456.2,14242.3955
2040309.9,2314354.8,2474446.5,2780386.2,2687787.2,900327.9,459851.5,6111.8564
1188274.2,1335004.2,1409323.5,1452242.8,1262943.8,688949.75,336644.53,21771.371
1532081.4,1719794.6,1796675.6,1811100.8,1670201.4,929467.56,541541.4,59173.133
2098577.0,2356924.5,2493697.5,2573914.0,2486049.2,1172771.8,656888.0,47253.33
2341916.0,2650705.0,2846825.0,3030908.0,3139569.5,1148030.4,622427.5,24450.6
2294267.5,2603339.8,2776073.2,2914652.0,3241973.0,1122149.9,654750.4,28549.955
1637766.6,1835432.6,1907627.6,1928051.0,1763068.6,989532.44,567123.5,52019.562
1923846.5,2154140.2,2259518.2,2309768.0,2170461.2,1103956.2,623536.5,54627.605
2163018.2,2420446.5,2534119.0,2625844.5,2480890.5,1175542.2,658798.56,40977.01
2342677.2,2641979.2,2800946.5,2996683.2,2954803.8,1173796.6,648640.5,23186.682
2359254.5,2668512.2,2854296.5,3084027.0,3121408.0,1117029.4,596214.6,16155.552
526384.94,625263.56,692796.8,597915.3,450075.12,197095.23,18363.928,0.0
1400494.1,1547563.9,1627903.0,1668456.4,1472887.2,825499.1,430141.44,39960.332
1641312.1,1836721.6,1912223.8,1889048.1,1723748.4,1023137.1,594993.6,63051.746
2057628.6,2300945.2,2413563.5,2524804.0,2343971.2,1151396.6,636111.5,44355.03
2324868.2,2614198.8,2782575.8,2900511.8,2769564.8,1267276.8,678463.2,37715.91
2400315.0,2708422.8,2895326.8,3031006.5,3020860.5,1251057.4,681243.94,32739.63
2567144.5,2906844.5,3127847.5,3290561.0,3444454.2,1274677.6,683118.5,21749.4
1172910.4,1312216.4,1371170.9,1402822.8,1228990.5,680633.5,351654.53,24428.15
1646275.4,1842439.4,1914814.8,1958767.6,1796973.1,988726.9,573480.8,58441.402
2203379.8,2473861.0,2613117.2,2723213.0,2605484.2,1200307.0,658495.75,39456.105
2465287.2,2785533.8,2972018.5,3139247.0,3267434.0,1210009.5,671162.8,24465.953
1005095.25,1149221.0,1239195.2,1314469.1,1112584.1,563163.75,240829.92,10834.479
1444770.5,1614543.4,1700867.2,1733518.6,1570993.0,879200.56,484012.78,56230.4
2070018.2,2313052.0,2429971.8,2522635.2,2483552.5,1137118.5,677166.7,67831.33
2237746.2,2512727.8,2660214.5,2787638.0,2796995.2,1158065.2,659842.4,42446.543
1027377.6,1153047.2,1229951.0,1282614.1,1117207.8,590261.9,282372.56,20797.945
1545886.6,1728786.9,1795531.6,1833782.0,1693344.2,942060.3,552929.4,62450.492
2148168.8,2410887.8,2539571.2,2610749.5,2504152.5,1205839.0,682585.6,51415.727
2213907.8,2517654.2,2712628.8,2893688.0,2673998.8,1107017.4,515466.8,11645.47
2052718.2,2329180.2,2543032.0,2928039.2,2564747.0,848318.06,345393.62,2008.6605
1510579.5,1691137.1,1753941.2,1792631.0,1641972.0,909585.56,529847.2,53512.473
2137593.8,2392436.8,2500155.0,2616071.2,2527379.5,1159120.9,669698.4,43795.0
964693.25,1113001.4,1257613.2,1295792.8,1029992.6,544800.94,159012.75,2650.6057
1022307.5,1169884.9,1340622.9,1445724.0,1195312.5,566156.25,181010.58,7189.2656
1013242.9,1162528.9,1292489.2,1443248.5,1232499.0,531832.5,210733.6,7293.894
1039959.8,1184058.0,1349729.5,1550508.9,1383038.2,511910.03,185838.78,8303.597
993131.3,1129576.0,1278874.2,1481354.2,1367956.5,468752.16,187563.36,9338.394
909855.4,1044063.94,1145307.0,1325701.1,1180920.2,399707.22,181750.83,4169.885
826856.06,954822.75,1048833.6,1214557.8,943249.1,350392.0,127386.22,516.79694
783353.3,906702.44,981608.06,1125243.2,823691.94,339490.6,127895.83,394.49997
703646.75,816175.9,886533.06,954004.75,809695.3,342049.78,150252.69,3174.3372
459571.25,537956.4,607769.0,551153.94,431616.84,257806.61,48665.703,0.0
1714170.1,1929970.2,2091139.9,2061234.6,1945913.2,1177331.9,685069.1,134492.84
2068666.5,2330536.5,2541284.5,2573407.2,2481264.8,1358305.1,750963.75,137851.77
2184163.5,2486427.2,2797750.8,2973787.8,2815178.8,1259782.4,554902.7,50972.305
1987288.9,2257233.2,2552348.0,2867478.0,2839299.2,980129.94,432907.22,36995.598
1605236.6,1825220.2,2085106.9,2365044.8,2408755.5,748370.4,324657.16,28030.197
1092316.2,1244563.5,1366274.4,1336277.6,1207784.1,758013.75,405990.44,59726.68
1371321.9,1566537.0,1737579.8,1788512.6,1685752.8,904171.6,467846.75,61003.76
1563839.1,1771581.1,1950715.9,2074796.1,1999084.9,953007.2,495128.78,72320.56
1658799.8,1885597.8,2089916.1,2227350.5,2267896.2,1011002.2,544147.3,82747.055
1691732.9,1917205.5,2123430.0,2307512.2,2442577.5,924660.4,509601.16,78052.086
1683813.2,1920438.0,2080154.1,2162418.5,2584633.5,979449.5,652756.25,144383.8
1164973.5,1321362.1,1454868.2,1424085.2,1322246.8,807707.94,440139.84,72806.164
1389369.0,1583020.4,1748497.6,1797308.6,1687360.0,912767.56,478617.44,66167.664
1521576.9,1722113.4,1909080.4,2041296.9,1973550.2,931345.6,470076.8,69934.06
1581449.8,1792983.2,1964171.0,2142996.8,2086425.1,889466.4,473876.7,61850.938
1665714.5,1888086.1,2053560.4,2149203.0,2399802.2,990537.4,623764.06,131422.1
1743182.1,1993739.5,2158617.2,2185615.5,2596183.2,1035967.7,720763.06,150977.42
738107.6,919927.1,891993.25,528852.75,51442.258,0.0,0.0,0.0
744623.0,923938.5,943839.2,381921.6,7698.342,0.0,0.0,0.0
787495.5,981424.9,1084005.0,343679.06,2206.5208,0.0,0.0,0.0
945169.1,1185037.8,1263371.9,295494.53,0.0,0.0,0.0,0.0
781595.75,973451.44,1042928.06,280865.97,0.0,0.0,0.0,0.0
683139.4,849746.75,812606.6,212836.17,0.0,0.0,0.0,0.0
608235.1,730829.0,531655.44,95109.86,0.0,0.0,0.0,0.0
525730.0,629942.25,445059.97,62201.29,0.0,0.0,0.0,0.0
966602.0,1102056.0,1130726.4,1121738.0,838950.75,526502.5,184182.67,0.0
1159592.6,1336034.6,1384729.5,1388314.5,1006674.56,589443.94,182674.06,0.0
1391380.8,1592682.5,1703597.2,1788306.2,1250099.2,662998.44,215629.86,0.0
1536767.6,1758904.4,1892610.5,2102023.8,1392162.4,670272.1,234426.86,0.0
1617980.6,1848888.5,1949663.0,2251248.0,1556751.1,721669.3,320048.0,0.0
1740754.4,1992215.1,2075497.4,2366985.0,1766032.2,825592.2,417320.84,3160.8813
1792153.1,2075801.8,2165116.0,2425242.2,1817873.6,883131.5,426193.03,1787.7946
1141698.9,1296586.5,1415851.2,1381343.1,1241530.6,780948.3,415430.72,59957.94
1395500.1,1585639.1,1749455.0,1826431.5,1675520.0,882812.56,436847.56,54504.324
1544880.2,1755184.5,1943842.1,2070630.5,1952427.0,928591.9,461348.62,57068.832
1601312.5,1816842.5,2017530.5,2173311.0,2177902.8,935181.75,486721.78,68572.305
1648397.1,1869552.1,2038563.0,2144524.0,2399751.2,976996.3,608258.06,123307.4
1706964.5,1948457.9,2107093.2,2143990.8,2557489.5,1006722.3,696239.5,149131.52
1208590.2,1374728.9,1499552.8,1475463.1,1321345.6,824639.6,437003.56,59772.902
1407899.2,1599019.5,1760712.2,1826848.2,1636676.0,895931.5,433118.2,51166.06
1560497.8,1770814.8,1945739.5,2077339.6,1991883.4,940918.1,486181.0,62867.61
1703327.6,1932980.4,2082584.9,2173651.8,2261180.2,1067621.9,646504.9,122065.13
1847392.4,2101679.5,2253203.2,2361584.2,2564731.2,1101562.9,696637.75,127539.78
1929331.6,2210302.5,2443219.2,2466136.2,2875877.0,1134899.9,733196.5,111538.19
1296876.9,1474715.4,1618356.9,1575569.8,1423604.9,891560.7,465687.47,63044.277
1515246.4,1725085.6,1910061.1,1990748.8,1828022.8,955366.1,462884.06,51449.387
1617646.9,1830432.6,2001536.6,2200001.0,2045815.5,957952.4,469907.97,60228.617
1695693.2,1915448.1,2100801.2,2261619.5,2269314.5,992062.2,535449.06,82842.11
1707505.8,1936249.4,2104543.8,2203400.2,2408983.0,996777.5,621328.06,109659.34
1847398.5,2104276.2,2279415.5,2326987.5,2757696.0,1073823.0,728898.06,141974.39
1275025.8,1446010.0,1558914.5,1552820.9,1444458.9,858746.1,499908.97,77482.24
1558727.1,1767000.5,1939798.9,2019517.0,1873694.5,993077.4,505719.12,65640.805
1657748.2,1873093.1,2075078.0,2224667.8,2116091.0,985962.6,480906.66,62149.047
1689883.2,1910842.5,2113208.0,2304856.8,2219205.2,925467.9,459945.12,54136.875
1573084.6,1786248.9,1980155.8,2167126.8,2236512.5,832567.6,444905.62,51494.18
1648610.0,1870285.2,2040558.6,2122496.8,2456586.5,912807.44,593339.2,104664.61
1190509.8,1353188.6,1473794.8,1434089.6,1293712.4,827573.6,452531.1,64911.37
1483805.5,1686821.5,1853203.2,1933328.5,1777689.2,928235.75,463777.44,53306.46
1621020.0,1837266.2,2020532.9,2158483.8,2082701.1,980163.8,506131.53,67219.42
1688362.2,1910426.0,2093544.8,2246806.0,2221799.5,968143.3,519315.62,70407.125
1763804.4,1997940.1,2148261.8,2267256.2,2505629.0,1045862.44,652965.6,130658.516
1837054.6,2094182.6,2286978.5,2310948.2,2694969.2,1066528.5,714302.1,123999.42
1199388.2,1356992.4,1484411.2,1458820.0,1338383.8,828492.5,453743.25,76000.83
1394022.6,1585409.4,1727405.6,1812344.1,1631716.0,911944.9,461820.7,58958.19
1581510.1,1787058.0,1971079.1,2085652.1,1978501.1,975244.94,490564.7,70097.29
1686640.8,1904382.1,2082334.4,2211977.8,2224206.8,1004540.7,555528.6,89634.23
1832992.5,2081107.1,2263406.0,2315944.8,2622660.0,1109469.8,721269.3,141983.89
1925142.0,2200749.2,2405343.0,2430004.2,2811155.0,1104097.2,733746.7,113276.98
1133969.2,1283975.0,1415046.9,1389362.8,1271813.5,782574.1,411627.3,64198.867
1431962.5,1622766.6,1770529.0,1868068.1,1692945.9,924981.44,464378.28,61776.75
1536901.1,1739123.0,1939331.8,2083708.1,1966798.4,904329.25,423670.34,51149.0
1547802.0,1759056.2,1967315.2,2155605.8,2078510.6,845576.5,407766.44,43231.938
1443268.6,1639993.2,1880359.0,2121044.8,2143000.8,717373.6,308703.28,27910.834
1179123.6,1340339.9,1538260.9,1721316.4,1871772.8,564845.0,264823.72,26622.55
1388224.9,1578587.0,1773735.6,1851113.1,1685968.1,877353.94,391045.72,42632.94
1503148.2,1704345.9,1913756.9,2090579.0,1993268.9,859853.8,403315.9,47145.383
1478260.4,1690055.9,1941654.2,2180001.8,1898023.8,734895.44,263420.1,12156.758
1264526.4,1438711.5,1658690.9,1860811.8,1917354.2,660811.5,289742.56,30710.219
1100820.8,1251727.8,1444156.9,1574311.4,1837323.2,604667.94,303979.22,43185.766
1083114.5,1249309.8,1424550.2,1455003.1,1169384.6,629177.75,180040.42,3700.2322
1092533.5,1256045.8,1416557.1,1499191.4,1271280.1,627841.5,226328.39,8448.826
1125170.6,1286400.0,1456539.6,1581858.5,1389435.8,638431.56,241907.05,12202.044
1118797.9,1276023.5,1453208.6,1622631.0,1461638.4,591651.44,220971.2,10147.205
1099467.2,1253631.2,1412433.5,1595308.5,1511179.9,556016.75,237219.66,12276.493
1012625.3,1164613.6,1289641.9,1460110.0,1320309.4,462252.3,197360.22,3582.542
967357.7,1115155.1,1226396.4,1415281.1,1097336.0,412127.75,146123.05,317.4033
925514.5,1069658.6,1166111.4,1331730.6,1012719.1,399522.03,149507.61,426.6364
835034.1,970217.9,1065040.9,1142056.5,1010784.06,405638.16,174697.17,2933.3242
1372860.0,1535545.2,1477123.6,1459711.8,1206862.8,810316.9,476021.88,7742.868
1734009.5,1912290.0,1852470.5,1859354.6,1550282.0,1001538.94,602261.56,24505.36
1319855.6,1518015.9,1620989.0,1779489.0,1140383.2,516696.53,123011.76,0.0
1349468.8,1556864.9,1716502.4,1943040.4,902283.0,381357.72,31706.428,0.0
1228665.5,1415559.2,1576906.9,1757211.2,608051.0,239555.77,0.0,0.0
1691818.1,1892485.1,1810667.5,1769958.9,1452437.5,1001619.2,540550.4,4028.4543
1793688.5,2069007.4,2210879.2,2372626.0,1470111.1,699045.25,128486.9,0.0
1659357.6,1916478.4,2177879.8,2597726.8,806697.9,298205.03,0.0,0.0
1707160.1,1909635.5,1813026.1,1747388.5,1432218.0,1013642.9,518822.3,1509.0021
1683898.9,1940797.4,2089320.1,2224441.0,1337713.6,621280.56,102655.72,0.0
1783290.5,2057293.5,2309432.5,2672326.2,1134677.6,448005.44,31831.809,0.0
1768698.2,2038639.2,2328401.2,2804723.8,858542.3,314875.6,0.0,0.0
1599492.0,1790890.6,1709435.4,1647273.9,1337567.2,936231.5,443892.47,65.61025
1724583.6,1994587.9,2149419.2,2284827.5,1442486.6,676065.4,119249.23,0.0
1707750.6,1962007.9,2190473.5,2513354.5,1181161.5,466679.5,47324.637,0.0
1354556.8,1565421.2,1874849.9,2066531.9,1148238.5,337474.7,44495.027,0.0
1377172.0,1596998.5,1924991.4,2178871.8,964524.5,247305.02,16630.137,0.0
1152034.9,1340129.6,1566143.1,1797182.9,620428.75,170527.81,0.0,0.0
1086593.6,1281239.0,1516343.2,1545232.5,365582.94,40924.945,0.0,0.0
298494.4,352149.28,397788.94,389564.6,289647.16,141555.53,25917.928,0.0
747900.94,862783.75,937369.0,888968.5,727174.1,478124.16,164544.9,2357.8577
584512.8,664301.5,752532.7,796315.3,658460.06,372884.62,130762.914,9278.021
970599.9,1098300.9,1269711.2,1450748.6,1202559.9,535277.1,163432.31,10586.28
1585890.8,1806659.9,2014374.9,2207789.5,1913895.5,905060.1,373221.8,28199.273
1778651.9,2018081.2,2242837.2,2536277.2,2337971.0,998537.2,455062.97,53200.82
1744282.5,1982713.5,2161827.8,2360770.8,2386707.2,1007349.7,561320.25,89583.664
1791102.2,2051130.4,2218945.5,2335792.2,2540776.5,1078679.5,672303.44,123984.84
1311842.0,1488305.0,1679788.8,1905153.0,2197418.2,734107.1,335424.56,52456.383
1396482.8,1591395.5,1790497.2,2000701.8,1808673.0,915236.2,354190.4,35701.938
2763710.0,3163087.2,3508133.5,3843036.5,3654335.8,1735712.4,810456.9,87534.21
3251136.8,3720948.8,4180255.2,4657512.0,4666949.0,1971329.4,885466.06,98632.06
1789381.0,2050246.8,2326954.2,2691075.5,2780443.5,976240.44,401539.4,32463.184
855416.1,966686.7,1101942.2,1237817.1,1052127.0,510255.9,176060.27,16633.424
1449086.5,1647218.8,1795358.9,1954166.2,1749257.9,829289.25,403658.62,38128.87
1589133.5,1811508.9,1979603.4,2159947.2,2016318.5,922973.0,475687.06,55060.914
1737115.2,1979303.2,2140294.5,2332774.8,2386646.5,1022362.9,576306.75,96691.95
1874715.8,2141104.2,2304940.0,2474672.5,2744156.5,1084671.6,665756.1,128317.32
1322555.5,1498741.1,1686329.4,1933148.2,2187909.8,697792.25,315966.38,48445.566
560902.4,663412.5,710456.75,608421.7,466181.56,212030.89,21053.572,0.0
988913.6,1135642.8,1276617.5,1356066.5,1066552.4,524094.56,160326.19,2670.438
1090630.2,1248946.4,1422428.9,1508898.0,1253283.0,618896.1,207065.12,7770.3213
1097267.9,1258959.8,1407890.8,1560831.6,1368462.1,600252.2,245307.94,10655.049
1097529.8,1255953.9,1406870.4,1570849.4,1417982.5,578808.25,242829.77,11389.779
1093668.5,1250767.4,1408901.9,1590559.8,1490291.9,553725.6,236638.97,11192.173
1046979.3,1201496.1,1341502.2,1510350.4,1357665.6,491696.53,204130.69,5219.114
955186.06,1100724.8,1215601.0,1403003.1,1100895.1,408178.03,147085.12,505.62695
962273.0,1114547.5,1227482.9,1369293.8,1109864.4,435950.75,165973.89,1301.8821
862464.8,998796.7,1090186.6,1189203.0,1054479.1,410854.56,185628.92,3958.159
1589889.8,1844979.2,2210931.5,2384799.5,1944440.6,932295.06,182391.17,0.0
1170074.4,1353968.6,1582055.9,1703918.2,1535393.6,842935.25,285825.72,6070.7637
1288565.8,1481802.5,1719527.9,1846157.4,1765611.6,919905.44,337988.4,17980.186
1578133.8,1804255.0,2096002.0,2285629.8,2218868.2,1030590.2,351614.25,13364.115
1549088.5,1773381.2,2055800.1,2235793.5,2254703.8,943352.25,335247.94,9286.284
1542321.4,1768950.0,2051836.1,2223002.0,2371824.2,912998.9,344997.38,9649.611
1404686.1,1612631.8,1891042.6,2036964.2,2264069.2,822725.9,303389.2,6532.959
1285088.4,1483118.9,1719920.4,1800956.1,2097813.0,783154.06,338604.44,10688.81
1091573.0,1259739.0,1482018.6,1530938.5,1854700.2,714621.44,293648.78,9041.662
1620519.5,1880169.5,2253069.0,2466871.2,2036154.6,981862.94,194411.05,0.0
1485104.5,1708656.2,2018162.1,2218394.8,2022909.9,1062557.0,314702.88,6236.241
1354520.5,1556073.9,1806791.9,1950468.4,1843621.8,950668.0,333369.62,15196.152
1604879.9,1835897.1,2129093.0,2314116.8,2232699.0,1062700.6,364908.84,14487.693
1596835.4,1830762.9,2119549.2,2297590.0,2290062.8,977353.3,339600.88,7338.724
1411233.9,1621176.6,1880706.9,2037683.1,2107553.5,835948.7,302129.6,5510.7646
1444455.0,1659294.1,1932974.4,2088880.8,2269276.5,851043.44,309306.97,6414.7227
1312324.4,1511312.2,1767193.1,1871829.2,2131469.0,801360.2,300739.12,6767.0005
1945177.8,2255332.2,2704894.8,3052469.5,2558615.0,1160955.6,230170.38,0.0
1549358.4,1775563.1,2052134.6,2247073.8,2305879.0,963541.4,351256.22,12453.146
1489545.5,1711357.5,1984088.1,2146651.8,2404373.8,917156.7,365705.94,15982.279
1501695.1,1725902.8,2016239.1,2146056.2,2596710.2,936252.44,410360.7,20130.12
1013507.7,1169216.5,1366906.5,1479221.6,1349154.0,727758.9,232039.75,5422.9404
1676273.4,1916929.0,2218975.5,2431623.2,2344022.8,1127520.9,380495.44,14912.641
1665574.0,1907840.6,2207986.8,2423076.2,2399065.2,1038840.9,358588.34,8498.609
1276045.1,1464048.1,1695273.9,1836881.8,1925122.5,770051.94,286931.9,7715.9414
1518190.9,1746982.6,2019214.6,2168692.0,2358382.0,878982.75,338939.9,6188.355
1372132.6,1579285.9,1841326.4,1953582.2,2250754.8,851637.7,331573.0,10005.996
1492618.5,1715752.4,1994556.4,2169955.0,2072941.6,1092992.5,399134.38,23692.0
1898390.0,2169816.8,2528815.5,2823217.5,2848386.0,1274202.4,436646.12,21189.016
1723052.9,1979605.9,2289953.5,2503915.5,2575171.5,1075728.1,396915.75,12009.836
1567903.5,1803024.0,2084495.6,2254217.0,2441631.8,974294.7,393051.78,17162.197
1631149.0,1872921.8,2186307.0,2369349.8,2661913.0,1011307.0,394333.3,15751.944
1559696.9,1790323.4,2100165.5,2251092.2,2729011.2,952282.75,394638.44,15906.939
1874518.5,2143656.2,2495348.0,2772526.0,2658483.0,1253899.6,408287.06,16653.947
1774068.2,2034466.6,2357850.5,2606149.8,2561003.0,1127886.9,385813.4,11091.984
1651963.9,1895864.0,2201927.8,2401921.5,2750269.2,958286.9,381400.97,14116.161
1593880.4,1835512.1,2137454.5,2285219.8,2644968.5,993878.94,403747.97,15736.979
1880248.4,2154781.5,2498536.2,2794513.0,2873326.8,1148651.0,407942.16,13588.924
1795326.2,2058583.9,2411145.0,2621616.8,3176394.2,1105114.6,454685.9,21236.633
853969.8,1022724.4,1191172.1,1103163.5,827448.1,404143.78,40170.582,0.0
1587358.6,1836075.1,2200048.8,2393476.8,2002763.5,981767.44,214824.83,0.0
1506985.0,1723065.0,2048550.4,2306357.2,2192946.8,1112263.2,333337.06,13836.051
1443644.6,1652825.6,1939933.2,2141649.0,2076811.1,1077648.8,374414.78,25277.195
1393280.9,1592860.2,1872569.9,2074493.8,2058787.6,932794.8,303958.78,11267.345
1415954.8,1624265.5,1893907.9,2070291.1,2138651.8,897052.94,325591.03,10101.802
1379591.8,1582942.9,1845111.9,1999590.6,2196149.2,830633.8,327564.66,11511.856
1330882.2,1527212.5,1782671.5,1905817.8,2239083.5,803200.9,350111.25,16397.117
1247818.5,1435225.0,1677837.9,1767191.4,2169798.2,764612.06,350928.06,15850.617
2251193.2,2597817.5,3125911.8,3658701.2,3150612.0,1446972.0,287052.4,0.0
1946864.0,2229408.2,2589493.5,2869866.2,2808631.5,1305347.6,436308.22,16592.53
1596565.6,1833585.0,2143717.5,2316581.5,2728022.5,1016480.0,412317.5,18411.719
1434742.0,1651027.9,1940136.1,2069668.5,2525842.8,968498.75,399493.4,16984.828
2534602.5,2923663.8,3517496.8,4105545.5,3561918.8,1635487.2,335882.34,0.0
2209906.8,2523968.0,2948111.0,3336282.5,3348839.8,1417467.8,463389.44,16996.06
1659095.1,1903296.8,2212821.0,2453603.8,2520484.5,1040477.94,367255.25,11377.995
1773433.4,2030802.5,2378111.2,2599985.5,3200245.2,1078007.0,440809.22,20425.725
1498370.4,1723546.1,2024342.1,2162184.0,2629834.8,1027606.5,439204.62,23955.283
1814010.5,2106624.0,2523565.5,2798952.0,2329327.5,1106560.6,220799.25,0.0
1523332.1,1762746.4,2075879.9,2301623.0,1926621.9,890954.1,223866.06,0.0
1766472.6,2041779.8,2422465.5,2780909.0,2444805.5,995440.75,231243.55,0.0
2330221.8,2681971.2,3181943.2,3755407.5,3345528.0,1187825.2,269429.56,0.0
2076183.6,2383618.8,2826234.5,3344257.5,3169952.8,1030226.7,252416.55,0.0
2018927.0,2311810.2,2734269.0,3211329.0,3358125.2,1026704.3,285172.16,0.0
2267670.5,2587175.0,3065859.5,3561072.5,3990612.5,1162369.2,336662.06,0.0
2102644.5,2400804.8,2852016.0,3255463.5,3874530.8,1116629.0,336309.06,0.0
719249.44,850168.94,1010956.6,1043782.0,830114.4,551510.9,138704.16,0.0
1707972.0,1978045.6,2351273.8,2674950.0,2308702.2,984348.06,220502.81,0.0
2314035.5,2663227.2,3170042.8,3735386.5,3309621.2,1188945.5,257375.52,0.0
1729930.6,1979886.4,2350649.0,2775606.8,2747555.8,944664.75,240256.27,0.0
2249311.0,2560223.0,2991815.8,3443343.2,4055995.8,1269311.9,455397.0,25649.723
2259333.0,2586921.8,3060404.5,3529661.2,3946533.2,1062438.5,296717.62,0.0
1306256.8,1510771.2,1714435.5,1758275.4,1442779.2,774051.3,236160.97,3004.8762
1346135.9,1545268.6,1755814.1,1853853.5,1568794.4,791201.75,273702.62,8634.941
1342609.1,1538406.4,1739641.2,1882735.1,1663318.9,765080.44,294093.75,11783.868
1306097.9,1492035.6,1685103.6,1857487.2,1686306.4,716605.44,287422.97,13195.103
1278926.4,1464631.5,1640228.8,1827049.4,1784378.2,670106.56,313007.78,16219.998
1218650.8,1398333.5,1561929.5,1730924.0,1608990.0,590413.4,254682.62,7126.3354
1220132.0,1408390.2,1564653.6,1772049.5,1428472.8,538048.1,189462.94,399.6913
1184714.6,1371457.5,1495488.6,1673045.9,1432629.2,540276.56,231723.64,1952.5242
1114327.9,1296145.9,1435970.8,1532027.8,1443670.4,551272.9,239848.44,3811.2065
501860.44,586756.8,669453.5,603314.06,478045.25,291567.03,55642.78,0.0
1449879.5,1626248.4,1777273.0,1767941.8,1612453.9,990163.8,526950.9,95475.19
1685400.4,1904320.0,2118320.5,2212558.2,2018252.1,1077632.8,503510.94,67789.82
1772798.2,2011874.2,2253988.5,2430886.0,2318552.8,1075833.2,507896.28,62380.902
1821313.9,2066226.9,2313756.0,2487756.0,2506460.5,1073920.9,533254.44,72947.16
1701419.0,1930179.0,2207568.8,2481427.8,2459250.5,848796.5,360733.75,34107.758
1408770.9,1602080.6,1847978.5,2028224.1,2238595.8,717366.75,326270.1,34946.01
661840.5,788382.06,936506.0,915266.4,747820.7,528370.8,133297.86,0.0
1692347.9,1960736.6,2346152.0,2580954.8,2165313.2,1041848.0,213452.64,0.0
1174827.9,1350349.5,1592837.2,1709490.2,1623681.0,903284.9,339560.34,16565.518
1621059.8,1850342.2,2132524.5,2341272.5,2361908.2,1137449.0,433869.9,33514.156
1712605.4,1950439.5,2217550.5,2453178.5,2558320.2,1098926.2,431400.72,34039.57
1681571.4,1920149.0,2195915.8,2415483.5,2656983.0,1034957.4,426395.78,31453.008
1566569.9,1793884.4,2087039.4,2275422.8,2590517.2,939894.7,363353.2,14571.417
1439764.6,1657262.2,1942927.1,2049760.0,2445497.8,893329.2,392979.84,12934.266
1240734.5,1427406.9,1674476.8,1762152.1,2216665.8,800568.25,342863.7,14775.545
2138730.0,2475523.0,2975705.2,3353838.0,2767067.0,1255754.5,235151.38,0.0
1314288.2,1512363.4,1773664.1,1978193.4,1849834.8,948516.44,298369.03,6648.903
1219370.6,1402466.2,1626555.9,1774138.1,1704949.4,927946.6,344600.47,24489.58
1820850.2,2083178.0,2412573.8,2650833.5,2702461.2,1242402.2,461719.22,27911.533
2005046.2,2290718.2,2658578.8,2972287.0,3173421.8,1246096.4,458121.38,21342.467
1892924.1,2164967.8,2515689.8,2791340.5,3109593.8,1174159.4,451296.47,23579.33
1752992.1,2007137.0,2344396.8,2568614.0,2924902.0,1106186.8,441055.16,23379.088
1608616.9,1845367.5,2159687.8,2340239.5,2788165.5,1021767.56,419939.03,20660.643
1400543.1,1607042.4,1890868.4,2021807.4,2557876.0,926407.56,411794.84,22955.729
2455279.5,2860800.0,3442801.8,3966940.8,3206038.2,1303061.5,203502.55,0.0
1966382.1,2262650.5,2635188.5,2907939.2,2590180.8,1151673.4,314379.62,0.0
1641878.8,1896166.9,2220429.0,2378532.2,2559956.2,952579.25,287732.5,0.0
1486349.2,1721427.5,2024133.0,2127244.5,2423557.5,883536.4,271631.06,0.0
827567.75,945610.6,1183243.5,1251006.6,1000438.7,760268.44,244892.81,0.0
2470275.8,2873311.5,3466605.2,4011029.5,3249742.5,1324824.9,200464.73,0.0
2157250.5,2476136.0,2896918.0,3262498.0,3053417.2,1210682.9,326369.6,0.0
1459723.5,1682193.1,1961679.6,2151506.2,2091017.4,848033.2,253818.38,0.0
1732771.2,2007960.5,2349543.0,2517584.8,2546556.8,960666.5,261701.39,0.0
844138.56,962524.9,1207390.6,1287688.4,1043719.9,757149.56,227732.34,0.0
2509493.5,2910963.0,3467756.2,3946930.2,3009274.0,1129061.4,183470.61,0.0
1730182.2,2002854.9,2353907.8,2549335.5,2139560.2,958149.7,199837.89,0.0
2032003.0,2335311.2,2720329.0,3039487.5,2574301.5,1068245.9,246523.02,0.0
1584590.6,1832591.0,2137892.8,2344651.0,1941742.6,784834.7,156122.77,0.0
1640100.9,1912967.6,2229033.8,2367108.2,1880531.8,792410.7,135250.64,0.0
1428693.4,1664964.8,1956013.1,2012642.6,1988787.2,858819.94,201074.47,0.0
1844699.9,2148669.8,2583657.0,2859765.5,2309129.2,1046738.94,181730.4,0.0
1524411.1,1745947.2,2064120.9,2311465.5,2181543.8,1159750.5,361790.03,15796.697
1849005.5,2116807.5,2466558.2,2749207.0,2573432.8,1445241.4,491787.62,37812.426
2064037.1,2355994.5,2744949.0,3092498.0,3096546.8,1310155.6,427765.6,14191.256
2035066.2,2328846.8,2697242.8,3004629.5,3111391.2,1253003.9,446771.12,14197.654
1968614.0,2253868.0,2609817.0,2887413.5,3128462.2,1212745.0,456809.47,19904.15
1792444.6,2053933.8,2390240.0,2619740.2,2927522.0,1126966.6,434668.28,20471.986
1703010.8,1952559.4,2281672.2,2472271.0,3033940.5,1005683.5,409703.94,14940.245
738696.44,873529.3,1042598.1,1063933.6,864115.5,620385.75,173111.39,0.0
1770457.0,2055575.1,2451062.8,2677671.0,2158500.5,1014837.0,198033.97,0.0
1267443.9,1458766.6,1718403.1,1900176.1,1741080.0,916901.25,269854.1,3342.0251
1675044.4,1926762.8,2245377.8,2444879.0,2287571.5,1160984.9,370864.6,6071.985
1990664.0,2273423.0,2639998.5,2937136.5,3063464.0,1318421.0,466368.72,18051.84
1982714.5,2267460.0,2639395.0,2932365.2,3160596.0,1228455.9,438722.7,9870.948
1814385.6,2082682.9,2416533.0,2650448.2,2821829.5,1031921.06,366539.38,2643.8716
1766719.1,2022457.4,2379641.2,2607707.5,2952123.0,1092176.5,392580.3,6793.884
1681775.1,1938886.9,2261136.2,2421598.8,2676201.0,948202.4,302378.38,0.0
745747.3,878419.5,1054377.1,1106364.1,885368.1,584758.75,145208.14,0.0
1768537.5,2069296.6,2484291.0,2690598.5,2071789.9,905881.5,132630.55,0.0
1877152.2,2147325.8,2478012.8,2715104.5,2487805.0,1094405.6,329629.53,0.0
1797468.1,2063460.8,2372432.8,2586838.5,2365697.5,950587.9,277594.88,0.0
1461962.6,1682071.8,1929260.2,2085099.2,2003875.8,779538.4,249395.67,0.0
1625390.4,1875058.8,2166707.8,2319639.5,2273207.8,841485.9,243763.05,0.0
1573555.4,1821772.8,2109617.5,2207152.8,2190625.8,863270.7,244495.62,0.0
750065.2,881418.1,1062431.1,1093007.4,859224.3,638703.94,178941.17,0.0
1901101.4,2218383.8,2659233.5,2935884.0,2312127.2,1009226.94,166422.89,0.0
1866176.5,2140793.5,2475851.5,2707274.0,2374505.0,1047793.44,286816.75,0.0
1722023.1,1979214.9,2281764.8,2484918.8,2272981.0,941371.0,273809.6,0.0
1589761.9,1838161.4,2126066.2,2254375.0,2372445.5,810376.94,255998.12,0.0
1419177.6,1647904.0,1919682.0,1968965.0,2152926.0,825533.94,250497.17,0.0
793860.1,909801.6,1131824.5,1189589.9,959120.44,721272.0,235563.4,0.0
1919879.1,2202249.2,2551214.5,2805149.8,2514047.5,1133346.4,324935.22,0.0
1614586.2,1858126.0,2150709.5,2346507.2,2169572.5,895506.94,259453.08,0.0
1683069.4,1939698.1,2244526.8,2428210.8,2559327.8,852622.6,281744.03,0.0
1633368.8,1890021.9,2198425.5,2319609.0,2473505.2,911293.8,284069.9,0.0
777452.44,891183.94,1103824.5,1171768.6,944759.9,709098.3,232363.64,0.0
1976905.0,2314820.5,2765799.8,3112738.2,2439643.0,992218.56,158805.19,0.0
1759464.9,2031446.5,2374952.5,2572139.0,2260615.8,1076932.0,288409.25,0.0
1957004.0,2241463.2,2604107.5,2878583.2,2610065.8,1123198.2,312717.56,0.0
1777187.8,2028881.0,2319548.0,2565653.0,2344236.0,922932.4,283606.38,0.0
1550555.4,1793172.4,2088951.8,2230126.0,2203426.5,848690.06,241250.23,0.0
1742727.8,2007996.6,2331382.2,2507903.8,2705497.2,883982.2,270506.34,0.0
1460139.2,1691870.9,1981428.9,2060343.4,2277437.2,862767.94,258665.39,0.0
2303092.8,2668096.8,3193547.0,3624417.0,2920284.0,1247394.6,223464.39,0.0
1858873.2,2149643.8,2543521.0,2827808.8,2350637.2,1013106.06,209406.36,0.0
1922565.8,2209735.2,2586662.5,2854145.5,2594503.0,1241137.1,340847.34,190.03508
2022201.2,2313318.5,2672084.0,2970950.0,2581930.8,1100710.8,300433.94,0.0
1672667.9,1923598.6,2225449.2,2476226.2,2260812.8,833435.6,232495.3,0.0
1615435.0,1871486.8,2194137.0,2318669.8,2340264.2,937853.5,252261.05,0.0
1506277.2,1743281.2,2047802.8,2136602.0,2491841.5,957878.5,331150.97,551.80225
828473.44,960490.25,1170865.1,1225276.6,1001774.8,718937.8,220825.83,0.0
1925837.0,2257835.8,2713535.0,2950861.8,2193377.0,888486.4,112312.66,0.0
1848848.9,2131754.8,2521113.2,2782772.2,2425783.0,1127997.5,271567.47,0.0
1855018.0,2131681.0,2482479.0,2699368.8,2392118.8,1182287.0,332098.44,380.76743
1924329.2,2206137.5,2565942.2,2817573.5,2485061.5,1110145.0,295749.72,0.0
1857895.6,2135325.8,2471585.8,2711139.2,2423109.8,997993.25,269802.78,0.0
1784407.4,2050503.8,2376090.8,2605998.8,2492012.8,945676.1,279170.3,0.0
1835133.9,2114727.2,2459909.0,2669421.8,2662620.8,944292.56,272546.47,0.0
1637316.4,1894121.0,2204926.0,2320607.5,2368435.2,901547.94,257751.4,0.0
1145632.6,1347543.5,1468749.4,1331885.6,1179944.5,914830.3,554464.75,97570.94
3229274.0,3734341.0,4174394.5,4459877.0,4647403.0,1871542.4,903823.6,31995.148
601439.7,705158.94,796055.8,730230.06,621208.94,504031.28,263346.44,38997.324
905842.6,1058537.0,1214354.8,1153366.6,1008956.8,725959.75,347892.38,39831.406
760779.7,871276.75,1074776.0,1161888.5,933942.25,682003.94,214593.92,0.0
1823579.5,2089273.0,2416337.2,2634414.8,2397823.5,1082862.4,314291.25,0.0
1684936.1,1934004.5,2233910.2,2427318.5,2285839.5,933389.4,277659.56,0.0
1327010.0,1526559.4,1759037.1,1904244.0,1844313.9,708164.6,217618.11,0.0
1640205.1,1888254.2,2189296.5,2345220.2,2422813.0,874997.94,270669.44,0.0
1531667.5,1769900.4,2056190.0,2151607.2,2267242.0,857909.3,254370.5,0.0
742095.3,881076.25,990051.0,849459.44,625209.06,231458.77,14629.946,0.0
1358488.6,1572842.6,1808731.0,1828313.8,1476358.8,812785.3,218432.58,2039.8154
1422180.9,1636539.4,1849203.8,1941211.2,1631099.1,816693.1,284447.97,6866.2686
1456425.6,1669062.8,1903510.9,2037838.8,1740978.4,818558.56,285078.84,8640.587
1463835.8,1677544.4,1894500.4,2074013.9,1861841.6,789065.94,314500.38,12007.709
1441346.6,1649798.0,1871049.2,2055080.1,1924619.6,770714.3,321284.38,15895.797
1416599.2,1627758.8,1829772.6,2035284.0,1821590.8,672144.5,269621.53,5359.0854
1442097.2,1662417.6,1869136.6,2100351.5,1663768.6,650640.06,216779.05,372.66675
1409750.2,1632166.8,1805741.9,1988487.8,1720688.0,665000.25,268057.44,2916.0334
922002.2,1077115.9,1234501.6,1177701.1,1020196.3,742941.9,347278.8,41616.22
1240316.8,1443665.2,1584429.1,1517619.4,1307753.1,854044.06,380476.34,10677.336
2436651.5,2862479.0,3244062.5,3263189.0,2963921.8,1571418.9,646696.9,3992.7253
2612151.5,3014376.0,3568685.8,4399760.5,2824212.0,868846.9,158253.47,0.0
1850962.5,2139420.0,2546872.0,2991282.2,2308849.2,744923.3,157390.14,0.0
1497137.1,1737180.2,2034975.9,2279742.2,1945334.4,677234.06,199690.42,0.0
1266752.5,1471274.5,1708431.1,1805793.8,2037375.0,658375.9,280591.78,3845.322
787682.2,919321.0,1067918.9,1084787.8,924254.2,592562.9,228785.47,25161.387
1664231.4,1930166.6,2286459.0,2513637.8,2011852.8,919555.5,243174.53,1474.9673
1559730.5,1787252.4,2133244.2,2521447.0,2270648.5,710545.94,187497.16,517.6644
1257145.4,1452727.0,1716698.6,1933533.6,1803455.9,596551.0,197478.44,439.16995
1045356.94,1228611.0,1438540.4,1584915.8,1206134.8,509056.4,127415.67,0.0
1100854.2,1286112.8,1494562.2,1641248.0,1397424.9,510053.4,156980.61,0.0
1060402.9,1272806.2,1347943.6,1788262.4,586349.8,295434.44,0.0,0.0
2805551.5,3264348.8,3700021.2,3889328.2,3473297.8,1683988.8,614278.2,325.40796
2191488.2,2513737.0,2989123.8,3666058.0,2798301.2,790500.1,162236.19,0.0
1516758.6,1743519.4,2023891.9,2277986.8,2512803.8,701831.7,304043.75,6544.397
1210300.2,1408535.9,1628207.1,1711444.0,1884362.1,642561.4,290035.25,3453.6418
1042974.75,1214434.9,1386924.2,1467881.5,1829273.2,561573.44,309792.34,8574.287
811497.8,950439.56,1095549.2,1036670.2,891661.6,656420.4,303999.53,29994.486
1122456.5,1314181.4,1431410.4,1343139.0,1151198.2,779669.2,352192.25,6738.011
1314695.1,1543714.1,1632157.1,1528486.2,1327143.2,904706.1,464052.34,6646.166
2115137.0,2490713.0,2780710.8,2783977.0,2492734.5,1382900.0,608372.4,3792.5208
2614364.2,3053063.0,3419802.0,3524402.0,3610004.5,1506921.6,742062.3,10899.156
529190.94,619843.1,697097.5,637605.06,547657.75,438363.0,241136.28,38878.074
846822.56,990843.4,1139128.4,1072588.0,936426.56,681128.5,329406.06,37104.633
1026953.0,1200228.5,1359545.1,1324931.4,1102735.6,696086.44,243157.14,2622.9111
1067746.8,1245867.2,1404144.4,1411642.1,1152503.8,660985.1,216091.36,0.0
1245769.1,1442586.9,1617059.1,1829056.4,1676838.8,684637.94,304580.1,8416.072
1243591.9,1440703.9,1613069.2,1799183.0,1926740.4,659157.06,349164.1,20265.729
1026957.1,1196060.9,1374328.8,1388756.4,1825562.4,622112.3,394064.12,34657.67
569596.25,670929.75,756443.5,695795.5,587515.3,474605.2,243486.27,32160.846
814539.9,955657.4,1095617.6,1034856.4,886385.56,656972.7,302951.28,29823.014
1218264.0,1432949.9,1537981.6,1397453.4,1214318.4,871354.3,440160.25,13090.812
1415940.1,1680446.0,1777745.8,1619549.0,1398588.6,995721.9,484255.0,2441.9768
2350504.5,2765473.5,3098242.0,3187933.5,2832799.2,1464075.1,597169.7,1110.9198
2677291.8,3138524.5,3536825.8,3645794.0,3648868.5,1538114.9,698822.44,2352.4023
588423.06,691735.0,779150.75,713036.8,605114.75,496557.16,268257.75,41276.72
861495.8,1008947.06,1156818.2,1092717.4,935726.4,699169.4,325461.88,35170.617
1094090.1,1280318.9,1452441.8,1397973.5,1164934.4,743552.06,253106.33,2226.3977
1200741.8,1402202.4,1589372.2,1609319.1,1296705.1,729606.94,217076.53,0.0
1100705.4,1274561.1,1465347.4,1601741.5,1373191.2,613045.5,212291.97,1794.5671
1326903.1,1531343.4,1787949.9,1983157.6,1814659.6,735414.8,257258.38,4875.6064
1221328.0,1415615.5,1632717.6,1791341.6,1722959.9,670530.2,280483.84,6137.5234
1245014.8,1441457.5,1666732.4,1803293.9,1865795.5,685518.1,314221.0,10812.828
1158557.2,1341522.8,1536371.5,1646636.4,1904078.2,620408.4,341690.0,18110.266
1115044.9,1293462.2,1496408.5,1542988.4,1892120.0,636680.25,364345.75,22953.852
1085160.8,1261446.8,1444492.5,1496031.5,1962984.9,633352.3,384146.56,29322.5
885619.94,1037972.1,1198023.4,1127158.0,960181.7,726012.5,326616.16,31037.916
1092964.1,1279947.9,1451640.5,1389777.5,1152996.0,742469.1,247257.42,1676.331
1207160.5,1419098.0,1611571.4,1605644.2,1286406.0,742396.56,202537.92,0.0
1381875.4,1594119.6,1863573.2,2057677.5,1899867.6,782273.4,271687.7,5689.6885
1305775.2,1512535.4,1752383.0,1918759.4,1815412.0,724560.1,285595.4,5314.2026
1334568.1,1544800.5,1756380.5,1935357.1,1997029.8,703867.6,342341.4,12903.248
1205437.9,1397214.4,1611742.6,1712282.0,1900873.1,656627.06,329724.75,12837.263
1217773.8,1409852.9,1625155.8,1699098.6,2116671.0,661626.0,376600.4,22957.893
1143546.5,1342162.4,1486024.8,1481380.0,1953256.1,708025.56,498199.44,75676.414
766545.94,908304.56,1005922.5,851775.25,648250.56,265528.47,21638.027,0.0
1398112.1,1610620.2,1825335.2,1868378.0,1533392.6,827297.4,259265.75,4333.288
1414463.9,1623669.2,1847736.2,1916249.0,1612525.9,844028.8,287788.88,8767.784
1427819.4,1641020.1,1856032.0,1993154.9,1744557.1,811670.8,306151.3,10080.685
1424853.4,1630415.0,1841432.0,2007290.8,1792569.0,783143.2,307925.97,12428.715
1422926.1,1629042.2,1816348.2,2030563.0,1888704.8,716016.56,320085.84,12945.805
1374931.9,1578009.1,1770514.8,1948048.1,1769395.6,668103.2,275300.8,6826.481
1420077.9,1638322.2,1825550.9,2064070.2,1572115.8,634054.7,206434.33,0.0
1390727.5,1613028.9,1807704.2,1988161.1,1641747.9,644002.25,227614.61,1045.3398
1302417.5,1514481.6,1701295.9,1825781.0,1526178.8,626129.25,219500.47,1011.67944
772045.94,918138.7,1087629.8,1090413.2,891250.1,617930.5,160085.39,0.0
1929983.1,2259558.2,2715935.5,2959416.5,2276235.0,977239.4,140166.69,0.0
1809257.0,2089808.8,2475513.5,2703968.5,2367543.0,1147564.1,281499.1,0.0
1805657.1,2081581.1,2437506.5,2643104.0,2340061.2,1185414.8,328437.56,302.16122
1884610.1,2165679.5,2519461.2,2755159.8,2499174.0,1089019.9,308816.47,0.0
1527196.5,1757495.2,2038415.5,2226043.2,2088786.2,817111.06,238698.56,0.0
1591777.1,1839439.9,2146541.8,2304121.8,2329046.8,864785.7,252719.9,0.0
1597198.5,1847115.5,2154317.5,2268396.2,2474733.8,876590.44,279813.44,0.0
1524319.1,1767380.1,2088493.5,2204013.0,1862955.4,1082763.6,280021.78,0.0
1838318.0,2116390.8,2460332.8,2680599.2,2331671.5,1036504.8,264333.1,0.0
1644499.4,1895843.9,2201191.5,2395494.8,2125647.5,883769.8,228709.83,0.0
1581605.2,1830160.5,2143420.2,2262780.2,2361884.0,903785.8,258261.34,0.0
1420370.9,1647867.6,1932098.0,1961473.1,1612091.1,929591.06,214662.92,0.0
1396290.4,1622667.9,1889957.2,1947326.4,1607254.8,843526.56,195307.16,0.0
1687384.9,1947538.9,2267182.8,2411772.2,1963176.6,927535.9,205067.75,0.0
1818879.4,2089818.8,2430545.0,2642286.2,2213308.8,982812.6,228681.56,0.0
1644705.4,1904441.2,2193557.8,2318901.8,2289604.5,870147.5,262490.28,0.0
1459492.2,1694521.1,1979510.9,2029394.4,2147810.0,869075.56,247896.73,0.0
724407.9,839233.94,953156.06,869297.8,715927.8,578069.8,201655.88,3555.1902
1497891.5,1734152.2,2022436.8,2041812.6,1633697.5,898162.5,187658.67,0.0
1581506.4,1834844.0,2138076.5,2212350.5,1778966.5,893324.0,185608.83,0.0
1772935.1,2040546.8,2374650.8,2523709.8,2020294.1,947452.5,200260.03,0.0
1862679.0,2134566.2,2475913.0,2686498.8,2139800.2,921222.94,195859.56,0.0
1945393.8,2235826.8,2585250.5,2898625.0,2240721.8,849424.1,171802.45,0.0
1845064.0,2121711.5,2453969.2,2702813.5,2238005.2,877886.8,200145.19,0.0
1756438.0,2020203.2,2332393.8,2521545.5,2261270.8,878383.2,228179.75,0.0
1629073.6,1881002.4,2177827.0,2301168.8,2133874.0,841192.6,214562.58,0.0
1468136.5,1700316.1,1975813.5,2022806.8,1993791.8,839187.06,220617.7,0.0
781529.94,914520.94,1044818.0,991567.2,820018.5,687454.56,335535.44,49823.805
1430814.4,1662028.0,1906392.1,1831511.1,1572602.5,1040168.5,371291.28,11029.959
1622574.0,1879631.8,2174681.2,2179635.5,1837749.8,1077223.4,326989.97,2366.89
1549116.4,1791809.4,2074533.9,2154430.5,1903608.9,1006191.56,342661.66,6088.9995
1757853.8,2024307.5,2351105.0,2510225.2,2229472.2,1093989.1,354871.44,7354.941
1677840.1,1930434.5,2232716.5,2405786.8,2216336.0,964072.75,335442.44,5991.973
1749518.6,2002646.1,2307618.5,2531275.5,2423401.0,946414.1,344911.62,8331.888
1695149.1,1947387.9,2249166.5,2422817.8,2497489.5,930009.44,375273.78,13070.93
1638863.1,1887005.1,2181741.5,2305563.8,2550059.5,899867.3,397515.38,16073.909
1566209.4,1812307.8,2071047.6,2143998.5,2509503.2,897886.0,453437.97,23162.783
1500174.9,1739277.9,2005924.1,2022732.5,2532750.8,911147.0,460583.94,26415.885
801220.5,941446.75,1086406.9,1054049.6,861763.75,718787.56,341022.12,46490.363
1497192.5,1740257.8,2017928.8,1972432.6,1655084.9,1174479.6,409569.0,19638.352
1719432.5,1991849.6,2315042.8,2321165.2,1932846.8,1193276.8,348906.25,3258.3691
1867908.4,2163365.8,2524949.0,2645431.2,2279818.2,1235576.4,383614.0,5145.228
1978330.6,2282979.0,2658824.5,2838213.0,2480671.8,1255463.5,385978.5,5265.559
1925043.8,2215017.8,2574092.5,2787981.5,2537884.2,1156532.4,369623.78,5722.058
1910051.6,2198839.8,2552093.5,2773180.5,2613677.0,1097646.1,368815.94,5612.373
1911559.1,2195608.0,2547085.2,2792196.2,2963676.8,957494.56,391066.03,10218.101
1778652.0,2050786.4,2384260.5,2521828.5,2800695.2,995830.0,424279.62,14363.673
1718251.0,1985840.0,2305889.0,2380966.0,2818371.0,1007684.75,465813.25,20451.91
1626500.6,1881841.0,2185926.8,2217958.8,2728876.8,1022922.0,492075.4,30058.441
779924.2,906663.3,1024834.75,942272.44,781437.9,665181.25,315826.44,45388.094
1483176.1,1719152.9,1976340.5,1887951.0,1573223.0,1107747.1,364565.94,11522.64
1785576.2,2063708.5,2386261.2,2359703.8,1952577.9,1220025.2,357618.0,4391.5083
1787355.1,2063345.5,2400067.5,2474833.0,2086331.9,1162707.2,342977.84,4635.337
2017282.1,2316416.0,2693296.2,2900802.0,2452937.2,1213964.2,355675.5,5586.9507
2026789.6,2323500.0,2691910.5,2938768.2,2665332.8,1149180.1,373714.7,9404.317
1958447.1,2248176.5,2602836.0,2850154.2,2654396.2,1061136.1,361541.25,8482.168
1904138.0,2184379.2,2522247.0,2741421.2,2787977.8,1020321.94,400682.16,16005.428
1798105.6,2065772.2,2391490.2,2548424.0,2800702.0,968651.2,410392.9,18996.475
1656953.8,1912111.6,2209542.0,2269598.0,2910560.2,945906.25,456144.44,28253.668
766050.5,892830.56,1003381.06,919412.1,762206.7,639191.75,291473.0,36094.375
1360786.0,1581614.0,1814485.6,1708149.5,1412377.1,968313.7,291278.7,2823.8328
1594005.6,1841276.2,2138712.8,2121232.8,1729417.2,1028117.7,269664.0,0.0
1657350.2,1915913.0,2238721.0,2306130.0,1913856.6,1045106.7,280767.3,692.70294
1721401.0,1978783.8,2308078.2,2464778.0,2061217.6,994047.8,271748.62,1387.4432
1701512.4,1951533.0,2264011.5,2453499.8,2172421.2,966881.3,302947.78,4941.3564
1691235.4,1942196.5,2247382.8,2467957.8,2239465.0,888391.44,292387.94,3271.8743
1669172.5,1916830.2,2212685.0,2406367.5,2393504.8,865407.94,332791.06,8598.237
1621219.9,1864513.5,2157448.2,2312372.8,2500541.8,841179.56,352833.75,11884.102
1555163.5,1794778.1,2066762.1,2140060.2,2799419.2,855763.25,444177.0,26135.328
826532.6,991888.2,1122082.4,1080609.5,818285.0,433633.78,91082.125,0.0
1183487.0,1390687.0,1623604.2,1721045.8,1434903.4,861449.44,306288.06,0.0
1479934.9,1727530.9,2060098.2,2272645.0,1836425.0,916587.75,241933.7,0.0
1817818.1,2109969.8,2524969.8,3006683.5,2350055.0,836696.5,187873.03,0.0
1894934.2,2187318.5,2609268.8,3166055.8,2534213.2,826514.4,195073.97,0.0
1898643.8,2203999.5,2623725.5,3246515.5,2238699.8,652182.4,127980.15,0.0
1673004.2,1964725.5,2335199.2,2859339.0,1599877.5,521520.56,62701.836,0.0
1280806.0,1556359.8,1785544.6,2363542.8,691288.8,200412.33,0.0,0.0
1513840.8,1768912.9,2110999.8,2290471.8,1847596.8,946706.1,250176.3,0.0
1839328.0,2154513.2,2598378.2,3041915.2,1993852.8,668575.8,104715.695,0.0
1770399.5,2059013.2,2475240.8,2979957.2,2103873.5,671363.2,110735.83,0.0
1609380.4,1892097.0,2264700.8,2728880.8,1540522.9,517835.12,51409.79,0.0
1849374.6,2228048.2,2760314.8,1334285.0,341791.5,0.0,0.0,0.0
1704506.4,1974432.2,2381345.5,2799691.8,2221795.5,833711.7,175329.67,0.0
1859077.2,2162219.5,2592532.0,3117349.2,2224122.5,722087.2,140369.03,0.0
1952354.0,2290134.5,2741107.0,3417424.2,1758440.1,531738.06,64117.312,0.0
1776218.2,2119397.0,2486380.8,3253715.8,922717.25,326840.75,0.0,0.0
1166078.0,1373056.6,1622848.2,1697067.2,1403728.8,862567.75,288927.44,0.0
1771973.2,2055547.8,2463939.2,2882966.8,2324109.0,895566.0,208160.27,0.0
1910362.1,2223892.5,2641972.5,3182760.5,2246520.2,733412.25,160835.66,0.0
1706221.1,2020921.4,2410628.5,2980129.2,1320338.9,442985.94,22968.725,0.0
1825818.8,2172794.0,2595400.2,3406523.5,1034929.25,346764.03,1134.532,0.0
1342922.8,1613578.0,1892661.4,2470124.8,759247.7,238501.56,0.0,0.0
2722547.8,3230458.0,3901717.5,4299923.0,1275990.2,291633.97,0.0,0.0
2903827.5,3456540.2,4299665.0,3912254.0,757659.2,51409.387,0.0,0.0
2561632.5,3111665.2,4068980.2,1550070.4,250887.67,0.0,0.0,0.0
2300325.5,2796853.2,3631713.8,1173091.2,160553.45,0.0,0.0,0.0
1725596.6,1998387.5,2348503.8,2712621.0,2222659.0,918514.75,259979.78,467.32257
2014416.0,2321906.8,2724848.2,3216006.2,2732074.8,1037584.7,306366.8,2390.0308
2397808.8,2766779.8,3247938.2,3723652.5,1366425.8,410800.66,6943.7065,0.0
2286043.8,2731972.0,3444091.8,1860232.8,393642.94,0.0,0.0,0.0
2089393.8,2535774.8,3342037.0,1190247.4,203952.2,0.0,0.0,0.0
1884600.1,2285801.8,2881514.5,1251939.9,242330.16,0.0,0.0,0.0
1445506.1,1690148.1,1949702.0,2028713.2,1708829.8,1094321.4,424573.34,30396.553
1846333.9,2150381.5,2524043.8,2746813.8,2304583.2,1296447.1,413002.88,282.65814
1930095.9,2235315.8,2595063.0,2999376.8,2471950.8,1022231.44,319652.34,957.89874
2154388.8,2486087.5,2925644.8,3464900.0,2887529.8,1071625.8,300117.34,0.0
2495232.8,2880263.8,3366333.8,3856019.8,1479247.6,449196.3,9450.1,0.0
2532118.2,3046197.8,3897814.0,2043213.0,393966.34,0.0,0.0,0.0
2272567.5,2751355.0,3643857.8,1333180.8,233414.94,0.0,0.0,0.0
1954119.4,2427186.8,3371982.0,795598.25,5898.7524,0.0,0.0,0.0
1177579.8,1380566.4,1576727.8,1492837.9,1248231.5,997286.75,460601.03,55280.434
1578674.9,1849539.4,2128971.2,2064252.8,1680139.8,1022523.75,278988.66,0.0
1567882.2,1819290.6,2124520.2,2263056.8,1911600.0,944770.9,282374.1,1178.968
1980496.9,2294945.0,2672921.2,2895285.8,2607511.5,1182787.8,397962.06,5374.2476
1913763.2,2215085.2,2572246.2,2820043.0,2687769.2,1072169.2,396982.06,6606.5957
1947492.1,2257777.8,2620014.2,2845322.8,2815716.0,1042108.5,408142.12,4936.6807
1758778.9,2039042.0,2358113.0,2512527.2,2730273.0,937544.6,426044.28,10913.288
1709920.2,1980526.1,2299541.0,2391629.0,2928430.8,954488.7,501347.56,25310.88
1676489.6,1941344.6,2265985.8,2312585.5,3035213.0,1000648.06,555250.4,34557.043
900647.3,1055049.9,1246704.6,1350738.9,966020.75,379114.62,65524.86,0.0
1548372.9,1791010.2,2073017.5,2062433.0,1716948.5,985988.06,282314.72,3673.084
1593287.9,1834106.4,2094333.5,2163629.5,1854330.9,964063.3,335404.12,8916.659
1622093.9,1861467.4,2117026.5,2253600.8,1979327.1,943332.06,354075.22,12147.814
1656901.9,1899874.9,2154667.5,2339008.2,2110179.5,920910.06,364573.97,13944.827
1652415.6,1895619.5,2147357.2,2336439.2,2241900.0,895710.9,391239.1,19120.977
1663067.9,1912791.9,2158936.8,2382770.0,2204034.5,806295.2,336613.97,8053.9185
1695635.0,1960636.5,2205315.2,2486471.5,2007661.9,763947.6,258375.25,190.4581
1666688.5,1934352.4,2184220.2,2412109.2,1906515.1,770017.0,236794.05,0.0
1605776.8,1871900.8,2106931.8,2290116.0,1585612.6,749679.2,193954.39,0.0
