pulse,t
14517,0.09999597817659378
14518,0.09999597817659378
14519,0.09999597817659378
14521,0.09999697655439377
14522,0.09999697655439377
14523,0.09999798238277435
14525,0.09999697655439377
14526,0.09999597817659378
14527,0.09999697655439377
14530,0.09999697655439377
14533,0.09999697655439377
14543,0.09999697655439377
14544,0.09999697655439377
14545,0.09999697655439377
14547,0.09999597817659378
14548,0.09999798238277435
14549,0.09999697655439377
14550,0.09999697655439377
14553,0.09999798238277435
14554,0.09999798238277435
14555,0.09999798238277435
14556,0.09999697655439377
14557,0.09999697655439377
14558,0.09999697655439377
14559,0.09999798238277435
14560,0.09999697655439377
14561,0.09999697655439377
14562,0.09999697655439377
14569,0.09999697655439377
14570,0.09999697655439377
14575,0.09999697655439377
14581,0.09999798238277435
14593,0.09999697655439377
14599,0.09999697655439377
14600,0.09999798238277435
14601,0.09999798238277435
14603,0.09999697655439377
14605,0.09999697655439377
14614,0.09999697655439377
14620,0.09999697655439377
14654,0.09999798238277435
14664,0.09799697995185852
14669,0.09799598157405853
14681,0.09999697655439377
14685,0.09999697655439377
14686,0.09799797832965851
14687,0.09899798035621643
14688,0.09699797630310059
14689,0.0969969779253006
14690,0.09799697995185852
14691,0.09599697589874268
