sample_idx,cluster
0,17
1,1
2,15
3,15
4,15
5,15
6,15
7,15
8,7
9,7
10,4
11,4
12,19
13,1
14,13
15,13
16,13
17,13
18,13
19,13
20,13
21,13
22,13
23,13
24,19
25,1
26,10
27,11
28,11
29,11
30,11
31,11
32,18
33,18
34,14
35,14
36,17
37,1
38,14
39,4
40,4
41,4
42,4
43,4
44,7
45,7
46,4
47,4
48,19
49,1
50,10
51,10
52,14
53,14
54,14
55,11
56,18
57,18
58,14
59,14
60,19
61,1
62,10
63,10
64,10
65,10
66,11
67,11
68,18
69,18
70,11
71,11
72,19
73,1
74,10
75,10
76,10
77,10
78,10
79,11
80,18
81,18
82,11
83,11
84,17
85,1
86,14
87,14
88,14
89,14
90,14
91,14
92,7
93,7
94,4
95,4
96,17
97,1
98,14
99,14
100,14
101,14
102,14
103,14
104,7
105,7
106,4
107,4
108,19
109,1
110,10
111,10
112,10
113,10
114,10
115,11
116,18
117,18
118,11
119,11
120,17
121,1
122,14
123,14
124,14
125,14
126,14
127,7
128,7
129,7
130,4
131,4
132,19
133,1
134,14
135,14
136,14
137,14
138,14
139,7
140,7
141,7
142,14
143,4
144,17
145,1
146,14
147,14
148,14
149,14
150,14
151,4
152,7
153,7
154,4
155,4
156,19
157,1
158,11
159,11
160,11
161,11
162,11
163,11
164,18
165,18
166,14
167,14
168,12
169,5
170,5
171,5
172,5
173,5
174,5
175,2
176,0
177,0
178,2
179,2
180,19
181,1
182,13
183,13
184,13
185,13
186,13
187,13
188,13
189,13
190,13
191,13
192,19
193,1
194,13
195,13
196,13
197,13
198,13
199,13
200,13
201,13
202,13
203,13
204,19
205,1
206,10
207,10
208,10
209,10
210,10
211,11
212,18
213,18
214,11
215,11
216,19
217,1
218,11
219,11
220,14
221,14
222,14
223,7
224,7
225,7
226,4
227,4
228,19
229,1
230,10
231,11
232,11
233,11
234,11
235,11
236,18
237,18
238,11
239,11
240,17
241,1
242,14
243,14
244,14
245,14
246,14
247,14
248,7
249,7
250,4
251,4
252,17
253,1
254,9
255,9
256,9
257,9
258,9
259,9
260,16
261,16
262,9
263,9
264,17
265,1
266,15
267,15
268,15
269,15
270,15
271,16
272,16
273,16
274,9
275,9
276,19
277,1
278,14
279,14
280,14
281,14
282,14
283,14
284,7
285,7
286,14
287,14
288,12
289,8
290,8
291,8
292,8
293,8
294,8
295,8
296,8
297,8
298,3
299,6
300,19
301,1
302,10
303,10
304,10
305,10
306,10
307,11
308,18
309,18
310,11
311,11
312,12
313,5
314,2
315,2
316,2
317,2
318,2
319,2
320,0
321,0
322,10
323,10
324,12
325,5
326,5
327,5
328,5
329,5
330,5
331,0
332,0
333,0
334,13
335,13
336,12
337,3
338,3
339,3
340,3
341,3
342,3
343,6
344,6
345,6
346,2
347,2
348,19
349,1
350,10
351,10
352,10
353,10
354,11
355,11
356,18
357,18
358,11
359,11
360,17
361,1
362,14
363,14
364,14
365,14
366,14
367,14
368,7
369,7
370,4
371,4
372,17
373,1
374,9
375,9
376,9
377,9
378,9
379,9
380,16
381,16
382,9
383,9
384,17
385,1
386,15
387,15
388,15
389,15
390,15
391,15
392,16
393,16
394,15
395,15
396,17
397,1
398,4
399,4
400,4
401,4
402,4
403,4
404,7
405,7
406,4
407,4
408,17
409,1
410,4
411,4
412,4
413,4
414,4
415,4
416,7
417,7
418,9
419,9
420,12
421,3
422,3
423,3
424,3
425,3
426,3
427,6
428,6
429,6
430,6
431,6
432,19
433,1
434,10
435,10
436,10
437,10
438,10
439,10
440,18
441,18
442,10
443,11
444,17
445,1
446,14
447,14
448,14
449,14
450,14
451,7
452,7
453,7
454,4
455,4
456,12
457,5
458,5
459,5
460,5
461,5
462,5
463,0
464,0
465,0
466,2
467,2
468,19
469,1
470,10
471,14
472,14
473,14
474,14
475,14
476,18
477,18
478,14
479,14
480,17
481,1
482,14
483,4
484,4
485,4
486,4
487,4
488,7
489,7
490,4
491,4
492,12
493,3
494,3
495,3
496,3
497,3
498,3
499,6
500,6
501,6
502,2
503,2
504,17
505,1
506,14
507,14
508,14
509,4
510,4
511,7
512,7
513,7
514,4
515,4
516,17
517,1
518,11
519,11
520,14
521,14
522,14
523,7
524,7
525,7
526,4
527,4
528,12
529,5
530,5
531,13
532,13
533,13
534,13
535,13
536,13
537,13
538,13
539,13
540,19
541,1
542,10
543,10
544,10
545,10
546,11
547,11
548,18
549,18
550,11
551,11
552,12
553,5
554,5
555,5
556,5
557,5
558,2
559,0
560,0
561,0
562,2
563,2
564,12
565,3
566,3
567,3
568,3
569,3
570,3
571,6
572,6
573,6
574,6
575,6
576,12
577,5
578,3
579,3
580,5
581,5
582,2
583,6
584,6
585,0
586,2
587,2
588,12
589,5
590,5
591,5
592,5
593,5
594,2
595,0
596,0
597,0
598,2
599,2
600,17
601,1
602,14
603,14
604,14
605,14
606,14
607,4
608,7
609,7
610,4
611,4
612,12
613,5
614,3
615,3
616,5
617,5
618,5
619,6
620,6
621,0
622,2
623,2
624,19
625,1
626,10
627,10
628,10
629,10
630,10
631,11
632,18
633,18
634,11
635,11
636,19
637,1
638,10
639,10
640,10
641,10
642,11
643,11
644,18
645,18
646,11
647,11
648,17
649,1
650,14
651,14
652,14
653,14
654,14
655,14
656,7
657,7
658,4
659,4
660,12
661,3
662,3
663,3
664,3
665,3
666,3
667,6
668,6
669,6
670,6
671,6
672,12
673,3
674,3
675,3
676,3
677,3
678,3
679,6
680,6
681,6
682,2
683,2
684,12
685,5
686,5
687,5
688,5
689,5
690,5
691,0
692,0
693,0
694,2
695,2
696,17
697,1
698,15
699,15
700,15
701,15
702,15
703,15
704,16
705,16
706,4
707,4
708,19
709,1
710,13
711,13
712,13
713,13
714,13
715,13
716,13
717,18
718,14
719,14
720,12
721,5
722,5
723,5
724,5
725,5
726,5
727,0
728,0
729,0
730,2
731,2
732,19
733,1
734,10
735,10
736,10
737,10
738,10
739,11
740,18
741,18
742,11
743,11
744,12
745,8
746,8
747,8
748,8
749,8
750,8
751,8
752,8
753,8
754,8
755,8
756,12
757,5
758,5
759,5
760,5
761,5
762,5
763,0
764,0
765,0
766,2
767,0
768,17
769,1
770,15
771,15
772,15
773,15
774,15
775,16
776,16
777,16
778,15
779,15
780,12
781,3
782,3
783,3
784,3
785,3
786,3
787,6
788,6
789,6
790,6
791,6
792,17
793,1
794,14
795,14
796,14
797,14
798,4
799,4
800,7
801,7
802,4
803,4
804,19
805,1
806,10
807,10
808,10
809,10
810,10
811,11
812,18
813,18
814,11
815,11
816,12
817,5
818,5
819,2
820,2
821,2
822,2
823,2
824,0
825,0
826,2
827,2
828,12
829,5
830,5
831,5
832,5
833,5
834,5
835,0
836,0
837,0
838,2
839,2
840,12
841,5
842,5
843,5
844,5
845,5
846,5
847,0
848,0
849,0
850,13
851,13
852,19
853,1
854,10
855,10
856,10
857,11
858,11
859,11
860,18
861,18
862,11
863,11
864,19
865,1
866,10
867,10
868,10
869,10
870,10
871,10
872,18
873,18
874,11
875,11
876,12
877,3
878,3
879,3
880,3
881,3
882,3
883,6
884,6
885,6
886,2
887,2
888,19
889,1
890,10
891,10
892,10
893,10
894,10
895,10
896,18
897,18
898,11
899,11
900,12
901,3
902,3
903,5
904,5
905,5
906,5
907,2
908,0
909,0
910,2
911,2
912,12
913,5
914,5
915,5
916,5
917,5
918,5
919,0
920,0
921,0
922,2
923,2
924,19
925,1
926,10
927,10
928,10
929,10
930,14
931,14
932,18
933,18
934,14
935,14
936,19
937,1
938,14
939,14
940,14
941,14
942,14
943,14
944,7
945,7
946,14
947,14
948,12
949,5
950,5
951,2
952,2
953,2
954,2
955,2
956,0
957,0
958,2
959,2
960,19
961,1
962,10
963,10
964,10
965,10
966,11
967,11
968,18
969,18
970,11
971,11
972,17
973,1
974,15
975,15
976,15
977,9
978,9
979,9
980,16
981,16
982,9
983,9
984,12
985,5
986,5
987,13
988,5
989,13
990,13
991,13
992,0
993,0
994,13
995,13
996,17
997,1
998,15
999,15
1000,15
1001,15
1002,15
1003,15
1004,16
1005,16
1006,15
1007,15
1008,17
1009,1
1010,4
1011,4
1012,4
1013,4
1014,4
1015,4
1016,16
1017,16
1018,9
1019,9
1020,19
1021,1
1022,10
1023,10
1024,10
1025,10
1026,11
1027,18
1028,18
1029,18
1030,11
1031,11
1032,19
1033,1
1034,10
1035,10
1036,10
1037,10
1038,10
1039,10
1040,18
1041,18
1042,11
1043,11
1044,12
1045,5
1046,5
1047,2
1048,2
1049,2
1050,2
1051,2
1052,0
1053,0
1054,2
1055,2
1056,17
1057,1
1058,14
1059,14
1060,14
1061,14
1062,14
1063,4
1064,7
1065,7
1066,4
1067,4
1068,17
1069,1
1070,9
1071,9
1072,9
1073,9
1074,9
1075,9
1076,16
1077,16
1078,9
1079,9
1080,12
1081,5
1082,5
1083,2
1084,2
1085,2
1086,2
1087,2
1088,0
1089,0
1090,2
1091,2
1092,12
1093,5
1094,5
1095,5
1096,5
1097,2
1098,2
1099,0
1100,0
1101,0
1102,2
1103,13
1104,12
1105,5
1106,2
1107,2
1108,2
1109,2
1110,2
1111,2
1112,0
1113,0
1114,10
1115,10
1116,12
1117,3
1118,3
1119,3
1120,3
1121,3
1122,3
1123,6
1124,6
1125,6
1126,2
1127,2
1128,12
1129,3
1130,3
1131,3
1132,3
1133,3
1134,2
1135,6
1136,6
1137,0
1138,2
1139,2
1140,17
1141,1
1142,15
1143,15
1144,15
1145,15
1146,15
1147,15
1148,16
1149,16
1150,15
1151,15
1152,17
1153,1
1154,14
1155,4
1156,4
1157,4
1158,4
1159,4
1160,7
1161,7
1162,4
1163,4
1164,17
1165,1
1166,14
1167,15
1168,14
1169,15
1170,15
1171,15
1172,7
1173,7
1174,14
1175,4
1176,17
1177,1
1178,14
1179,14
1180,14
1181,14
1182,14
1183,14
1184,7
1185,7
1186,4
1187,4
1188,12
1189,5
1190,5
1191,5
1192,5
1193,5
1194,5
1195,0
1196,0
1197,0
1198,2
1199,2
