sample_index,generation_index,cluster_family_index,ne_cluster,te_cluster,t_idx,t_s
0,0,4,4,4,0,0.04
1,0,4,4,4,1,0.05
2,0,4,4,4,2,0.060000000000000005
3,0,4,4,4,3,0.07
4,0,4,4,4,4,0.08000000000000002
5,0,4,4,4,5,0.09000000000000001
6,0,4,4,4,6,0.1
7,0,4,4,4,7,0.11000000000000001
8,0,4,4,4,8,0.12000000000000002
9,0,4,4,4,9,0.13000000000000003
10,0,4,4,4,10,0.14
11,0,4,4,4,11,0.15000000000000002
12,1,2,2,2,0,0.04
13,1,2,2,2,1,0.05
14,1,2,2,2,2,0.060000000000000005
15,1,2,2,2,3,0.07
16,1,2,2,2,4,0.08000000000000002
17,1,2,2,2,5,0.09000000000000001
18,1,2,2,2,6,0.1
19,1,2,2,2,7,0.11000000000000001
20,1,2,2,2,8,0.12000000000000002
21,1,2,2,2,9,0.13000000000000003
22,1,2,2,2,10,0.14
23,1,2,2,2,11,0.15000000000000002
24,2,7,7,7,0,0.04
25,2,7,7,7,1,0.05
26,2,7,7,7,2,0.060000000000000005
27,2,7,7,7,3,0.07
28,2,7,7,7,4,0.08000000000000002
29,2,7,7,7,5,0.09000000000000001
30,2,7,7,7,6,0.1
31,2,7,7,7,7,0.11000000000000001
32,2,7,7,7,8,0.12000000000000002
33,2,7,7,7,9,0.13000000000000003
34,2,7,7,7,10,0.14
35,2,7,7,7,11,0.15000000000000002
36,3,5,5,5,0,0.04
37,3,5,5,5,1,0.05
38,3,5,5,5,2,0.060000000000000005
39,3,5,5,5,3,0.07
40,3,5,5,5,4,0.08000000000000002
41,3,5,5,5,5,0.09000000000000001
42,3,5,5,5,6,0.1
43,3,5,5,5,7,0.11000000000000001
44,3,5,5,5,8,0.12000000000000002
45,3,5,5,5,9,0.13000000000000003
46,3,5,5,5,10,0.14
47,3,5,5,5,11,0.15000000000000002
48,4,7,7,7,0,0.04
49,4,7,7,7,1,0.05
50,4,7,7,7,2,0.060000000000000005
51,4,7,7,7,3,0.07
52,4,7,7,7,4,0.08000000000000002
53,4,7,7,7,5,0.09000000000000001
54,4,7,7,7,6,0.1
55,4,7,7,7,7,0.11000000000000001
56,4,7,7,7,8,0.12000000000000002
57,4,7,7,7,9,0.13000000000000003
58,4,7,7,7,10,0.14
59,4,7,7,7,11,0.15000000000000002
60,5,7,7,7,0,0.04
61,5,7,7,7,1,0.05
62,5,7,7,7,2,0.060000000000000005
63,5,7,7,7,3,0.07
64,5,7,7,7,4,0.08000000000000002
65,5,7,7,7,5,0.09000000000000001
66,5,7,7,7,6,0.1
67,5,7,7,7,7,0.11000000000000001
68,5,7,7,7,8,0.12000000000000002
69,5,7,7,7,9,0.13000000000000003
70,5,7,7,7,10,0.14
71,5,7,7,7,11,0.15000000000000002
72,6,7,7,7,0,0.04
73,6,7,7,7,1,0.05
74,6,7,7,7,2,0.060000000000000005
75,6,7,7,7,3,0.07
76,6,7,7,7,4,0.08000000000000002
77,6,7,7,7,5,0.09000000000000001
78,6,7,7,7,6,0.1
79,6,7,7,7,7,0.11000000000000001
80,6,7,7,7,8,0.12000000000000002
81,6,7,7,7,9,0.13000000000000003
82,6,7,7,7,10,0.14
83,6,7,7,7,11,0.15000000000000002
84,7,5,5,5,0,0.04
85,7,5,5,5,1,0.05
86,7,5,5,5,2,0.060000000000000005
87,7,5,5,5,3,0.07
88,7,5,5,5,4,0.08000000000000002
89,7,5,5,5,5,0.09000000000000001
90,7,5,5,5,6,0.1
91,7,5,5,5,7,0.11000000000000001
92,7,5,5,5,8,0.12000000000000002
93,7,5,5,5,9,0.13000000000000003
94,7,5,5,5,10,0.14
95,7,5,5,5,11,0.15000000000000002
96,8,4,4,4,0,0.04
97,8,4,4,4,1,0.05
98,8,4,4,4,2,0.060000000000000005
99,8,4,4,4,3,0.07
100,8,4,4,4,4,0.08000000000000002
101,8,4,4,4,5,0.09000000000000001
102,8,4,4,4,6,0.1
103,8,4,4,4,7,0.11000000000000001
104,8,4,4,4,8,0.12000000000000002
105,8,4,4,4,9,0.13000000000000003
106,8,4,4,4,10,0.14
107,8,4,4,4,11,0.15000000000000002
108,9,7,7,7,0,0.04
109,9,7,7,7,1,0.05
110,9,7,7,7,2,0.060000000000000005
111,9,7,7,7,3,0.07
112,9,7,7,7,4,0.08000000000000002
113,9,7,7,7,5,0.09000000000000001
114,9,7,7,7,6,0.1
115,9,7,7,7,7,0.11000000000000001
116,9,7,7,7,8,0.12000000000000002
117,9,7,7,7,9,0.13000000000000003
118,9,7,7,7,10,0.14
119,9,7,7,7,11,0.15000000000000002
120,10,0,0,0,0,0.04
121,10,0,0,0,1,0.05
122,10,0,0,0,2,0.060000000000000005
123,10,0,0,0,3,0.07
124,10,0,0,0,4,0.08000000000000002
125,10,0,0,0,5,0.09000000000000001
126,10,0,0,0,6,0.1
127,10,0,0,0,7,0.11000000000000001
128,10,0,0,0,8,0.12000000000000002
129,10,0,0,0,9,0.13000000000000003
130,10,0,0,0,10,0.14
131,10,0,0,0,11,0.15000000000000002
132,11,0,0,0,0,0.04
133,11,0,0,0,1,0.05
134,11,0,0,0,2,0.060000000000000005
135,11,0,0,0,3,0.07
136,11,0,0,0,4,0.08000000000000002
137,11,0,0,0,5,0.09000000000000001
138,11,0,0,0,6,0.1
139,11,0,0,0,7,0.11000000000000001
140,11,0,0,0,8,0.12000000000000002
141,11,0,0,0,9,0.13000000000000003
142,11,0,0,0,10,0.14
143,11,0,0,0,11,0.15000000000000002
144,12,5,5,5,0,0.04
145,12,5,5,5,1,0.05
146,12,5,5,5,2,0.060000000000000005
147,12,5,5,5,3,0.07
148,12,5,5,5,4,0.08000000000000002
149,12,5,5,5,5,0.09000000000000001
150,12,5,5,5,6,0.1
151,12,5,5,5,7,0.11000000000000001
152,12,5,5,5,8,0.12000000000000002
153,12,5,5,5,9,0.13000000000000003
154,12,5,5,5,10,0.14
155,12,5,5,5,11,0.15000000000000002
156,13,7,7,7,0,0.04
157,13,7,7,7,1,0.05
158,13,7,7,7,2,0.060000000000000005
159,13,7,7,7,3,0.07
160,13,7,7,7,4,0.08000000000000002
161,13,7,7,7,5,0.09000000000000001
162,13,7,7,7,6,0.1
163,13,7,7,7,7,0.11000000000000001
164,13,7,7,7,8,0.12000000000000002
165,13,7,7,7,9,0.13000000000000003
166,13,7,7,7,10,0.14
167,13,7,7,7,11,0.15000000000000002
168,14,6,6,6,0,0.04
169,14,6,6,6,1,0.05
170,14,6,6,6,2,0.060000000000000005
171,14,6,6,6,3,0.07
172,14,6,6,6,4,0.08000000000000002
173,14,6,6,6,5,0.09000000000000001
174,14,6,6,6,6,0.1
175,14,6,6,6,7,0.11000000000000001
176,14,6,6,6,8,0.12000000000000002
177,14,6,6,6,9,0.13000000000000003
178,14,6,6,6,10,0.14
179,14,6,6,6,11,0.15000000000000002
180,15,2,2,2,0,0.04
181,15,2,2,2,1,0.05
182,15,2,2,2,2,0.060000000000000005
183,15,2,2,2,3,0.07
184,15,2,2,2,4,0.08000000000000002
185,15,2,2,2,5,0.09000000000000001
186,15,2,2,2,6,0.1
187,15,2,2,2,7,0.11000000000000001
188,15,2,2,2,8,0.12000000000000002
189,15,2,2,2,9,0.13000000000000003
190,15,2,2,2,10,0.14
191,15,2,2,2,11,0.15000000000000002
192,16,2,2,2,0,0.04
193,16,2,2,2,1,0.05
194,16,2,2,2,2,0.060000000000000005
195,16,2,2,2,3,0.07
196,16,2,2,2,4,0.08000000000000002
197,16,2,2,2,5,0.09000000000000001
198,16,2,2,2,6,0.1
199,16,2,2,2,7,0.11000000000000001
200,16,2,2,2,8,0.12000000000000002
201,16,2,2,2,9,0.13000000000000003
202,16,2,2,2,10,0.14
203,16,2,2,2,11,0.15000000000000002
204,17,7,7,7,0,0.04
205,17,7,7,7,1,0.05
206,17,7,7,7,2,0.060000000000000005
207,17,7,7,7,3,0.07
208,17,7,7,7,4,0.08000000000000002
209,17,7,7,7,5,0.09000000000000001
210,17,7,7,7,6,0.1
211,17,7,7,7,7,0.11000000000000001
212,17,7,7,7,8,0.12000000000000002
213,17,7,7,7,9,0.13000000000000003
214,17,7,7,7,10,0.14
215,17,7,7,7,11,0.15000000000000002
216,18,7,7,7,0,0.04
217,18,7,7,7,1,0.05
218,18,7,7,7,2,0.060000000000000005
219,18,7,7,7,3,0.07
220,18,7,7,7,4,0.08000000000000002
221,18,7,7,7,5,0.09000000000000001
222,18,7,7,7,6,0.1
223,18,7,7,7,7,0.11000000000000001
224,18,7,7,7,8,0.12000000000000002
225,18,7,7,7,9,0.13000000000000003
226,18,7,7,7,10,0.14
227,18,7,7,7,11,0.15000000000000002
228,19,0,0,0,0,0.04
229,19,0,0,0,1,0.05
230,19,0,0,0,2,0.060000000000000005
231,19,0,0,0,3,0.07
232,19,0,0,0,4,0.08000000000000002
233,19,0,0,0,5,0.09000000000000001
234,19,0,0,0,6,0.1
235,19,0,0,0,7,0.11000000000000001
236,19,0,0,0,8,0.12000000000000002
237,19,0,0,0,9,0.13000000000000003
238,19,0,0,0,10,0.14
239,19,0,0,0,11,0.15000000000000002
240,20,5,5,5,0,0.04
241,20,5,5,5,1,0.05
242,20,5,5,5,2,0.060000000000000005
243,20,5,5,5,3,0.07
244,20,5,5,5,4,0.08000000000000002
245,20,5,5,5,5,0.09000000000000001
246,20,5,5,5,6,0.1
247,20,5,5,5,7,0.11000000000000001
248,20,5,5,5,8,0.12000000000000002
249,20,5,5,5,9,0.13000000000000003
250,20,5,5,5,10,0.14
251,20,5,5,5,11,0.15000000000000002
252,21,5,5,5,0,0.04
253,21,5,5,5,1,0.05
254,21,5,5,5,2,0.060000000000000005
255,21,5,5,5,3,0.07
256,21,5,5,5,4,0.08000000000000002
257,21,5,5,5,5,0.09000000000000001
258,21,5,5,5,6,0.1
259,21,5,5,5,7,0.11000000000000001
260,21,5,5,5,8,0.12000000000000002
261,21,5,5,5,9,0.13000000000000003
262,21,5,5,5,10,0.14
263,21,5,5,5,11,0.15000000000000002
264,22,4,4,4,0,0.04
265,22,4,4,4,1,0.05
266,22,4,4,4,2,0.060000000000000005
267,22,4,4,4,3,0.07
268,22,4,4,4,4,0.08000000000000002
269,22,4,4,4,5,0.09000000000000001
270,22,4,4,4,6,0.1
271,22,4,4,4,7,0.11000000000000001
272,22,4,4,4,8,0.12000000000000002
273,22,4,4,4,9,0.13000000000000003
274,22,4,4,4,10,0.14
275,22,4,4,4,11,0.15000000000000002
276,23,3,3,3,0,0.04
277,23,3,3,3,1,0.05
278,23,3,3,3,2,0.060000000000000005
279,23,3,3,3,3,0.07
280,23,3,3,3,4,0.08000000000000002
281,23,3,3,3,5,0.09000000000000001
282,23,3,3,3,6,0.1
283,23,3,3,3,7,0.11000000000000001
284,23,3,3,3,8,0.12000000000000002
285,23,3,3,3,9,0.13000000000000003
286,23,3,3,3,10,0.14
287,23,3,3,3,11,0.15000000000000002
288,24,1,1,1,0,0.04
289,24,1,1,1,1,0.05
290,24,1,1,1,2,0.060000000000000005
291,24,1,1,1,3,0.07
292,24,1,1,1,4,0.08000000000000002
293,24,1,1,1,5,0.09000000000000001
294,24,1,1,1,6,0.1
295,24,1,1,1,7,0.11000000000000001
296,24,1,1,1,8,0.12000000000000002
297,24,1,1,1,9,0.13000000000000003
298,24,1,1,1,10,0.14
299,24,1,1,1,11,0.15000000000000002
300,25,4,4,4,0,0.04
301,25,4,4,4,1,0.05
302,25,4,4,4,2,0.060000000000000005
303,25,4,4,4,3,0.07
304,25,4,4,4,4,0.08000000000000002
305,25,4,4,4,5,0.09000000000000001
306,25,4,4,4,6,0.1
307,25,4,4,4,7,0.11000000000000001
308,25,4,4,4,8,0.12000000000000002
309,25,4,4,4,9,0.13000000000000003
310,25,4,4,4,10,0.14
311,25,4,4,4,11,0.15000000000000002
312,26,1,1,1,0,0.04
313,26,1,1,1,1,0.05
314,26,1,1,1,2,0.060000000000000005
315,26,1,1,1,3,0.07
316,26,1,1,1,4,0.08000000000000002
317,26,1,1,1,5,0.09000000000000001
318,26,1,1,1,6,0.1
319,26,1,1,1,7,0.11000000000000001
320,26,1,1,1,8,0.12000000000000002
321,26,1,1,1,9,0.13000000000000003
322,26,1,1,1,10,0.14
323,26,1,1,1,11,0.15000000000000002
324,27,4,4,4,0,0.04
325,27,4,4,4,1,0.05
326,27,4,4,4,2,0.060000000000000005
327,27,4,4,4,3,0.07
328,27,4,4,4,4,0.08000000000000002
329,27,4,4,4,5,0.09000000000000001
330,27,4,4,4,6,0.1
331,27,4,4,4,7,0.11000000000000001
332,27,4,4,4,8,0.12000000000000002
333,27,4,4,4,9,0.13000000000000003
334,27,4,4,4,10,0.14
335,27,4,4,4,11,0.15000000000000002
336,28,1,1,1,0,0.04
337,28,1,1,1,1,0.05
338,28,1,1,1,2,0.060000000000000005
339,28,1,1,1,3,0.07
340,28,1,1,1,4,0.08000000000000002
341,28,1,1,1,5,0.09000000000000001
342,28,1,1,1,6,0.1
343,28,1,1,1,7,0.11000000000000001
344,28,1,1,1,8,0.12000000000000002
345,28,1,1,1,9,0.13000000000000003
346,28,1,1,1,10,0.14
347,28,1,1,1,11,0.15000000000000002
348,29,0,0,0,0,0.04
349,29,0,0,0,1,0.05
350,29,0,0,0,2,0.060000000000000005
351,29,0,0,0,3,0.07
352,29,0,0,0,4,0.08000000000000002
353,29,0,0,0,5,0.09000000000000001
354,29,0,0,0,6,0.1
355,29,0,0,0,7,0.11000000000000001
356,29,0,0,0,8,0.12000000000000002
357,29,0,0,0,9,0.13000000000000003
358,29,0,0,0,10,0.14
359,29,0,0,0,11,0.15000000000000002
360,30,4,4,4,0,0.04
361,30,4,4,4,1,0.05
362,30,4,4,4,2,0.060000000000000005
363,30,4,4,4,3,0.07
364,30,4,4,4,4,0.08000000000000002
365,30,4,4,4,5,0.09000000000000001
366,30,4,4,4,6,0.1
367,30,4,4,4,7,0.11000000000000001
368,30,4,4,4,8,0.12000000000000002
369,30,4,4,4,9,0.13000000000000003
370,30,4,4,4,10,0.14
371,30,4,4,4,11,0.15000000000000002
372,31,4,4,4,0,0.04
373,31,4,4,4,1,0.05
374,31,4,4,4,2,0.060000000000000005
375,31,4,4,4,3,0.07
376,31,4,4,4,4,0.08000000000000002
377,31,4,4,4,5,0.09000000000000001
378,31,4,4,4,6,0.1
379,31,4,4,4,7,0.11000000000000001
380,31,4,4,4,8,0.12000000000000002
381,31,4,4,4,9,0.13000000000000003
382,31,4,4,4,10,0.14
383,31,4,4,4,11,0.15000000000000002
384,32,4,4,4,0,0.04
385,32,4,4,4,1,0.05
386,32,4,4,4,2,0.060000000000000005
387,32,4,4,4,3,0.07
388,32,4,4,4,4,0.08000000000000002
389,32,4,4,4,5,0.09000000000000001
390,32,4,4,4,6,0.1
391,32,4,4,4,7,0.11000000000000001
392,32,4,4,4,8,0.12000000000000002
393,32,4,4,4,9,0.13000000000000003
394,32,4,4,4,10,0.14
395,32,4,4,4,11,0.15000000000000002
396,33,3,3,3,0,0.04
397,33,3,3,3,1,0.05
398,33,3,3,3,2,0.060000000000000005
399,33,3,3,3,3,0.07
400,33,3,3,3,4,0.08000000000000002
401,33,3,3,3,5,0.09000000000000001
402,33,3,3,3,6,0.1
403,33,3,3,3,7,0.11000000000000001
404,33,3,3,3,8,0.12000000000000002
405,33,3,3,3,9,0.13000000000000003
406,33,3,3,3,10,0.14
407,33,3,3,3,11,0.15000000000000002
408,34,4,4,4,0,0.04
409,34,4,4,4,1,0.05
410,34,4,4,4,2,0.060000000000000005
411,34,4,4,4,3,0.07
412,34,4,4,4,4,0.08000000000000002
413,34,4,4,4,5,0.09000000000000001
414,34,4,4,4,6,0.1
415,34,4,4,4,7,0.11000000000000001
416,34,4,4,4,8,0.12000000000000002
417,34,4,4,4,9,0.13000000000000003
418,34,4,4,4,10,0.14
419,34,4,4,4,11,0.15000000000000002
420,35,1,1,1,0,0.04
421,35,1,1,1,1,0.05
422,35,1,1,1,2,0.060000000000000005
423,35,1,1,1,3,0.07
424,35,1,1,1,4,0.08000000000000002
425,35,1,1,1,5,0.09000000000000001
426,35,1,1,1,6,0.1
427,35,1,1,1,7,0.11000000000000001
428,35,1,1,1,8,0.12000000000000002
429,35,1,1,1,9,0.13000000000000003
430,35,1,1,1,10,0.14
431,35,1,1,1,11,0.15000000000000002
432,36,6,6,6,0,0.04
433,36,6,6,6,1,0.05
434,36,6,6,6,2,0.060000000000000005
435,36,6,6,6,3,0.07
436,36,6,6,6,4,0.08000000000000002
437,36,6,6,6,5,0.09000000000000001
438,36,6,6,6,6,0.1
439,36,6,6,6,7,0.11000000000000001
440,36,6,6,6,8,0.12000000000000002
441,36,6,6,6,9,0.13000000000000003
442,36,6,6,6,10,0.14
443,36,6,6,6,11,0.15000000000000002
444,37,0,0,0,0,0.04
445,37,0,0,0,1,0.05
446,37,0,0,0,2,0.060000000000000005
447,37,0,0,0,3,0.07
448,37,0,0,0,4,0.08000000000000002
449,37,0,0,0,5,0.09000000000000001
450,37,0,0,0,6,0.1
451,37,0,0,0,7,0.11000000000000001
452,37,0,0,0,8,0.12000000000000002
453,37,0,0,0,9,0.13000000000000003
454,37,0,0,0,10,0.14
455,37,0,0,0,11,0.15000000000000002
456,38,1,1,1,0,0.04
457,38,1,1,1,1,0.05
458,38,1,1,1,2,0.060000000000000005
459,38,1,1,1,3,0.07
460,38,1,1,1,4,0.08000000000000002
461,38,1,1,1,5,0.09000000000000001
462,38,1,1,1,6,0.1
463,38,1,1,1,7,0.11000000000000001
464,38,1,1,1,8,0.12000000000000002
465,38,1,1,1,9,0.13000000000000003
466,38,1,1,1,10,0.14
467,38,1,1,1,11,0.15000000000000002
468,39,6,6,6,0,0.04
469,39,6,6,6,1,0.05
470,39,6,6,6,2,0.060000000000000005
471,39,6,6,6,3,0.07
472,39,6,6,6,4,0.08000000000000002
473,39,6,6,6,5,0.09000000000000001
474,39,6,6,6,6,0.1
475,39,6,6,6,7,0.11000000000000001
476,39,6,6,6,8,0.12000000000000002
477,39,6,6,6,9,0.13000000000000003
478,39,6,6,6,10,0.14
479,39,6,6,6,11,0.15000000000000002
480,40,0,0,0,0,0.04
481,40,0,0,0,1,0.05
482,40,0,0,0,2,0.060000000000000005
483,40,0,0,0,3,0.07
484,40,0,0,0,4,0.08000000000000002
485,40,0,0,0,5,0.09000000000000001
486,40,0,0,0,6,0.1
487,40,0,0,0,7,0.11000000000000001
488,40,0,0,0,8,0.12000000000000002
489,40,0,0,0,9,0.13000000000000003
490,40,0,0,0,10,0.14
491,40,0,0,0,11,0.15000000000000002
492,41,2,2,2,0,0.04
493,41,2,2,2,1,0.05
494,41,2,2,2,2,0.060000000000000005
495,41,2,2,2,3,0.07
496,41,2,2,2,4,0.08000000000000002
497,41,2,2,2,5,0.09000000000000001
498,41,2,2,2,6,0.1
499,41,2,2,2,7,0.11000000000000001
500,41,2,2,2,8,0.12000000000000002
501,41,2,2,2,9,0.13000000000000003
502,41,2,2,2,10,0.14
503,41,2,2,2,11,0.15000000000000002
504,42,7,7,7,0,0.04
505,42,7,7,7,1,0.05
506,42,7,7,7,2,0.060000000000000005
507,42,7,7,7,3,0.07
508,42,7,7,7,4,0.08000000000000002
509,42,7,7,7,5,0.09000000000000001
510,42,7,7,7,6,0.1
511,42,7,7,7,7,0.11000000000000001
512,42,7,7,7,8,0.12000000000000002
513,42,7,7,7,9,0.13000000000000003
514,42,7,7,7,10,0.14
515,42,7,7,7,11,0.15000000000000002
516,43,0,0,0,0,0.04
517,43,0,0,0,1,0.05
518,43,0,0,0,2,0.060000000000000005
519,43,0,0,0,3,0.07
520,43,0,0,0,4,0.08000000000000002
521,43,0,0,0,5,0.09000000000000001
522,43,0,0,0,6,0.1
523,43,0,0,0,7,0.11000000000000001
524,43,0,0,0,8,0.12000000000000002
525,43,0,0,0,9,0.13000000000000003
526,43,0,0,0,10,0.14
527,43,0,0,0,11,0.15000000000000002
528,44,1,1,1,0,0.04
529,44,1,1,1,1,0.05
530,44,1,1,1,2,0.060000000000000005
531,44,1,1,1,3,0.07
532,44,1,1,1,4,0.08000000000000002
533,44,1,1,1,5,0.09000000000000001
534,44,1,1,1,6,0.1
535,44,1,1,1,7,0.11000000000000001
536,44,1,1,1,8,0.12000000000000002
537,44,1,1,1,9,0.13000000000000003
538,44,1,1,1,10,0.14
539,44,1,1,1,11,0.15000000000000002
540,45,7,7,7,0,0.04
541,45,7,7,7,1,0.05
542,45,7,7,7,2,0.060000000000000005
543,45,7,7,7,3,0.07
544,45,7,7,7,4,0.08000000000000002
545,45,7,7,7,5,0.09000000000000001
546,45,7,7,7,6,0.1
547,45,7,7,7,7,0.11000000000000001
548,45,7,7,7,8,0.12000000000000002
549,45,7,7,7,9,0.13000000000000003
550,45,7,7,7,10,0.14
551,45,7,7,7,11,0.15000000000000002
552,46,6,6,6,0,0.04
553,46,6,6,6,1,0.05
554,46,6,6,6,2,0.060000000000000005
555,46,6,6,6,3,0.07
556,46,6,6,6,4,0.08000000000000002
557,46,6,6,6,5,0.09000000000000001
558,46,6,6,6,6,0.1
559,46,6,6,6,7,0.11000000000000001
560,46,6,6,6,8,0.12000000000000002
561,46,6,6,6,9,0.13000000000000003
562,46,6,6,6,10,0.14
563,46,6,6,6,11,0.15000000000000002
564,47,2,2,2,0,0.04
565,47,2,2,2,1,0.05
566,47,2,2,2,2,0.060000000000000005
567,47,2,2,2,3,0.07
568,47,2,2,2,4,0.08000000000000002
569,47,2,2,2,5,0.09000000000000001
570,47,2,2,2,6,0.1
571,47,2,2,2,7,0.11000000000000001
572,47,2,2,2,8,0.12000000000000002
573,47,2,2,2,9,0.13000000000000003
574,47,2,2,2,10,0.14
575,47,2,2,2,11,0.15000000000000002
576,48,2,2,2,0,0.04
577,48,2,2,2,1,0.05
578,48,2,2,2,2,0.060000000000000005
579,48,2,2,2,3,0.07
580,48,2,2,2,4,0.08000000000000002
581,48,2,2,2,5,0.09000000000000001
582,48,2,2,2,6,0.1
583,48,2,2,2,7,0.11000000000000001
584,48,2,2,2,8,0.12000000000000002
585,48,2,2,2,9,0.13000000000000003
586,48,2,2,2,10,0.14
587,48,2,2,2,11,0.15000000000000002
588,49,2,2,2,0,0.04
589,49,2,2,2,1,0.05
590,49,2,2,2,2,0.060000000000000005
591,49,2,2,2,3,0.07
592,49,2,2,2,4,0.08000000000000002
593,49,2,2,2,5,0.09000000000000001
594,49,2,2,2,6,0.1
595,49,2,2,2,7,0.11000000000000001
596,49,2,2,2,8,0.12000000000000002
597,49,2,2,2,9,0.13000000000000003
598,49,2,2,2,10,0.14
599,49,2,2,2,11,0.15000000000000002
600,50,3,3,3,0,0.04
601,50,3,3,3,1,0.05
602,50,3,3,3,2,0.060000000000000005
603,50,3,3,3,3,0.07
604,50,3,3,3,4,0.08000000000000002
605,50,3,3,3,5,0.09000000000000001
606,50,3,3,3,6,0.1
607,50,3,3,3,7,0.11000000000000001
608,50,3,3,3,8,0.12000000000000002
609,50,3,3,3,9,0.13000000000000003
610,50,3,3,3,10,0.14
611,50,3,3,3,11,0.15000000000000002
612,51,1,1,1,0,0.04
613,51,1,1,1,1,0.05
614,51,1,1,1,2,0.060000000000000005
615,51,1,1,1,3,0.07
616,51,1,1,1,4,0.08000000000000002
617,51,1,1,1,5,0.09000000000000001
618,51,1,1,1,6,0.1
619,51,1,1,1,7,0.11000000000000001
620,51,1,1,1,8,0.12000000000000002
621,51,1,1,1,9,0.13000000000000003
622,51,1,1,1,10,0.14
623,51,1,1,1,11,0.15000000000000002
624,52,0,0,0,0,0.04
625,52,0,0,0,1,0.05
626,52,0,0,0,2,0.060000000000000005
627,52,0,0,0,3,0.07
628,52,0,0,0,4,0.08000000000000002
629,52,0,0,0,5,0.09000000000000001
630,52,0,0,0,6,0.1
631,52,0,0,0,7,0.11000000000000001
632,52,0,0,0,8,0.12000000000000002
633,52,0,0,0,9,0.13000000000000003
634,52,0,0,0,10,0.14
635,52,0,0,0,11,0.15000000000000002
636,53,3,3,3,0,0.04
637,53,3,3,3,1,0.05
638,53,3,3,3,2,0.060000000000000005
639,53,3,3,3,3,0.07
640,53,3,3,3,4,0.08000000000000002
641,53,3,3,3,5,0.09000000000000001
642,53,3,3,3,6,0.1
643,53,3,3,3,7,0.11000000000000001
644,53,3,3,3,8,0.12000000000000002
645,53,3,3,3,9,0.13000000000000003
646,53,3,3,3,10,0.14
647,53,3,3,3,11,0.15000000000000002
648,54,0,0,0,0,0.04
649,54,0,0,0,1,0.05
650,54,0,0,0,2,0.060000000000000005
651,54,0,0,0,3,0.07
652,54,0,0,0,4,0.08000000000000002
653,54,0,0,0,5,0.09000000000000001
654,54,0,0,0,6,0.1
655,54,0,0,0,7,0.11000000000000001
656,54,0,0,0,8,0.12000000000000002
657,54,0,0,0,9,0.13000000000000003
658,54,0,0,0,10,0.14
659,54,0,0,0,11,0.15000000000000002
660,55,2,2,2,0,0.04
661,55,2,2,2,1,0.05
662,55,2,2,2,2,0.060000000000000005
663,55,2,2,2,3,0.07
664,55,2,2,2,4,0.08000000000000002
665,55,2,2,2,5,0.09000000000000001
666,55,2,2,2,6,0.1
667,55,2,2,2,7,0.11000000000000001
668,55,2,2,2,8,0.12000000000000002
669,55,2,2,2,9,0.13000000000000003
670,55,2,2,2,10,0.14
671,55,2,2,2,11,0.15000000000000002
672,56,1,1,1,0,0.04
673,56,1,1,1,1,0.05
674,56,1,1,1,2,0.060000000000000005
675,56,1,1,1,3,0.07
676,56,1,1,1,4,0.08000000000000002
677,56,1,1,1,5,0.09000000000000001
678,56,1,1,1,6,0.1
679,56,1,1,1,7,0.11000000000000001
680,56,1,1,1,8,0.12000000000000002
681,56,1,1,1,9,0.13000000000000003
682,56,1,1,1,10,0.14
683,56,1,1,1,11,0.15000000000000002
684,57,1,1,1,0,0.04
685,57,1,1,1,1,0.05
686,57,1,1,1,2,0.060000000000000005
687,57,1,1,1,3,0.07
688,57,1,1,1,4,0.08000000000000002
689,57,1,1,1,5,0.09000000000000001
690,57,1,1,1,6,0.1
691,57,1,1,1,7,0.11000000000000001
692,57,1,1,1,8,0.12000000000000002
693,57,1,1,1,9,0.13000000000000003
694,57,1,1,1,10,0.14
695,57,1,1,1,11,0.15000000000000002
696,58,4,4,4,0,0.04
697,58,4,4,4,1,0.05
698,58,4,4,4,2,0.060000000000000005
699,58,4,4,4,3,0.07
700,58,4,4,4,4,0.08000000000000002
701,58,4,4,4,5,0.09000000000000001
702,58,4,4,4,6,0.1
703,58,4,4,4,7,0.11000000000000001
704,58,4,4,4,8,0.12000000000000002
705,58,4,4,4,9,0.13000000000000003
706,58,4,4,4,10,0.14
707,58,4,4,4,11,0.15000000000000002
708,59,4,4,4,0,0.04
709,59,4,4,4,1,0.05
710,59,4,4,4,2,0.060000000000000005
711,59,4,4,4,3,0.07
712,59,4,4,4,4,0.08000000000000002
713,59,4,4,4,5,0.09000000000000001
714,59,4,4,4,6,0.1
715,59,4,4,4,7,0.11000000000000001
716,59,4,4,4,8,0.12000000000000002
717,59,4,4,4,9,0.13000000000000003
718,59,4,4,4,10,0.14
719,59,4,4,4,11,0.15000000000000002
720,60,1,1,1,0,0.04
721,60,1,1,1,1,0.05
722,60,1,1,1,2,0.060000000000000005
723,60,1,1,1,3,0.07
724,60,1,1,1,4,0.08000000000000002
725,60,1,1,1,5,0.09000000000000001
726,60,1,1,1,6,0.1
727,60,1,1,1,7,0.11000000000000001
728,60,1,1,1,8,0.12000000000000002
729,60,1,1,1,9,0.13000000000000003
730,60,1,1,1,10,0.14
731,60,1,1,1,11,0.15000000000000002
732,61,0,0,0,0,0.04
733,61,0,0,0,1,0.05
734,61,0,0,0,2,0.060000000000000005
735,61,0,0,0,3,0.07
736,61,0,0,0,4,0.08000000000000002
737,61,0,0,0,5,0.09000000000000001
738,61,0,0,0,6,0.1
739,61,0,0,0,7,0.11000000000000001
740,61,0,0,0,8,0.12000000000000002
741,61,0,0,0,9,0.13000000000000003
742,61,0,0,0,10,0.14
743,61,0,0,0,11,0.15000000000000002
744,62,1,1,1,0,0.04
745,62,1,1,1,1,0.05
746,62,1,1,1,2,0.060000000000000005
747,62,1,1,1,3,0.07
748,62,1,1,1,4,0.08000000000000002
749,62,1,1,1,5,0.09000000000000001
750,62,1,1,1,6,0.1
751,62,1,1,1,7,0.11000000000000001
752,62,1,1,1,8,0.12000000000000002
753,62,1,1,1,9,0.13000000000000003
754,62,1,1,1,10,0.14
755,62,1,1,1,11,0.15000000000000002
756,63,1,1,1,0,0.04
757,63,1,1,1,1,0.05
758,63,1,1,1,2,0.060000000000000005
759,63,1,1,1,3,0.07
760,63,1,1,1,4,0.08000000000000002
761,63,1,1,1,5,0.09000000000000001
762,63,1,1,1,6,0.1
763,63,1,1,1,7,0.11000000000000001
764,63,1,1,1,8,0.12000000000000002
765,63,1,1,1,9,0.13000000000000003
766,63,1,1,1,10,0.14
767,63,1,1,1,11,0.15000000000000002
768,64,4,4,4,0,0.04
769,64,4,4,4,1,0.05
770,64,4,4,4,2,0.060000000000000005
771,64,4,4,4,3,0.07
772,64,4,4,4,4,0.08000000000000002
773,64,4,4,4,5,0.09000000000000001
774,64,4,4,4,6,0.1
775,64,4,4,4,7,0.11000000000000001
776,64,4,4,4,8,0.12000000000000002
777,64,4,4,4,9,0.13000000000000003
778,64,4,4,4,10,0.14
779,64,4,4,4,11,0.15000000000000002
780,65,1,1,1,0,0.04
781,65,1,1,1,1,0.05
782,65,1,1,1,2,0.060000000000000005
783,65,1,1,1,3,0.07
784,65,1,1,1,4,0.08000000000000002
785,65,1,1,1,5,0.09000000000000001
786,65,1,1,1,6,0.1
787,65,1,1,1,7,0.11000000000000001
788,65,1,1,1,8,0.12000000000000002
789,65,1,1,1,9,0.13000000000000003
790,65,1,1,1,10,0.14
791,65,1,1,1,11,0.15000000000000002
792,66,4,4,4,0,0.04
793,66,4,4,4,1,0.05
794,66,4,4,4,2,0.060000000000000005
795,66,4,4,4,3,0.07
796,66,4,4,4,4,0.08000000000000002
797,66,4,4,4,5,0.09000000000000001
798,66,4,4,4,6,0.1
799,66,4,4,4,7,0.11000000000000001
800,66,4,4,4,8,0.12000000000000002
801,66,4,4,4,9,0.13000000000000003
802,66,4,4,4,10,0.14
803,66,4,4,4,11,0.15000000000000002
804,67,7,7,7,0,0.04
805,67,7,7,7,1,0.05
806,67,7,7,7,2,0.060000000000000005
807,67,7,7,7,3,0.07
808,67,7,7,7,4,0.08000000000000002
809,67,7,7,7,5,0.09000000000000001
810,67,7,7,7,6,0.1
811,67,7,7,7,7,0.11000000000000001
812,67,7,7,7,8,0.12000000000000002
813,67,7,7,7,9,0.13000000000000003
814,67,7,7,7,10,0.14
815,67,7,7,7,11,0.15000000000000002
816,68,1,1,1,0,0.04
817,68,1,1,1,1,0.05
818,68,1,1,1,2,0.060000000000000005
819,68,1,1,1,3,0.07
820,68,1,1,1,4,0.08000000000000002
821,68,1,1,1,5,0.09000000000000001
822,68,1,1,1,6,0.1
823,68,1,1,1,7,0.11000000000000001
824,68,1,1,1,8,0.12000000000000002
825,68,1,1,1,9,0.13000000000000003
826,68,1,1,1,10,0.14
827,68,1,1,1,11,0.15000000000000002
828,69,1,1,1,0,0.04
829,69,1,1,1,1,0.05
830,69,1,1,1,2,0.060000000000000005
831,69,1,1,1,3,0.07
832,69,1,1,1,4,0.08000000000000002
833,69,1,1,1,5,0.09000000000000001
834,69,1,1,1,6,0.1
835,69,1,1,1,7,0.11000000000000001
836,69,1,1,1,8,0.12000000000000002
837,69,1,1,1,9,0.13000000000000003
838,69,1,1,1,10,0.14
839,69,1,1,1,11,0.15000000000000002
840,70,4,4,4,0,0.04
841,70,4,4,4,1,0.05
842,70,4,4,4,2,0.060000000000000005
843,70,4,4,4,3,0.07
844,70,4,4,4,4,0.08000000000000002
845,70,4,4,4,5,0.09000000000000001
846,70,4,4,4,6,0.1
847,70,4,4,4,7,0.11000000000000001
848,70,4,4,4,8,0.12000000000000002
849,70,4,4,4,9,0.13000000000000003
850,70,4,4,4,10,0.14
851,70,4,4,4,11,0.15000000000000002
852,71,7,7,7,0,0.04
853,71,7,7,7,1,0.05
854,71,7,7,7,2,0.060000000000000005
855,71,7,7,7,3,0.07
856,71,7,7,7,4,0.08000000000000002
857,71,7,7,7,5,0.09000000000000001
858,71,7,7,7,6,0.1
859,71,7,7,7,7,0.11000000000000001
860,71,7,7,7,8,0.12000000000000002
861,71,7,7,7,9,0.13000000000000003
862,71,7,7,7,10,0.14
863,71,7,7,7,11,0.15000000000000002
864,72,7,7,7,0,0.04
865,72,7,7,7,1,0.05
866,72,7,7,7,2,0.060000000000000005
867,72,7,7,7,3,0.07
868,72,7,7,7,4,0.08000000000000002
869,72,7,7,7,5,0.09000000000000001
870,72,7,7,7,6,0.1
871,72,7,7,7,7,0.11000000000000001
872,72,7,7,7,8,0.12000000000000002
873,72,7,7,7,9,0.13000000000000003
874,72,7,7,7,10,0.14
875,72,7,7,7,11,0.15000000000000002
876,73,1,1,1,0,0.04
877,73,1,1,1,1,0.05
878,73,1,1,1,2,0.060000000000000005
879,73,1,1,1,3,0.07
880,73,1,1,1,4,0.08000000000000002
881,73,1,1,1,5,0.09000000000000001
882,73,1,1,1,6,0.1
883,73,1,1,1,7,0.11000000000000001
884,73,1,1,1,8,0.12000000000000002
885,73,1,1,1,9,0.13000000000000003
886,73,1,1,1,10,0.14
887,73,1,1,1,11,0.15000000000000002
888,74,0,0,0,0,0.04
889,74,0,0,0,1,0.05
890,74,0,0,0,2,0.060000000000000005
891,74,0,0,0,3,0.07
892,74,0,0,0,4,0.08000000000000002
893,74,0,0,0,5,0.09000000000000001
894,74,0,0,0,6,0.1
895,74,0,0,0,7,0.11000000000000001
896,74,0,0,0,8,0.12000000000000002
897,74,0,0,0,9,0.13000000000000003
898,74,0,0,0,10,0.14
899,74,0,0,0,11,0.15000000000000002
900,75,1,1,1,0,0.04
901,75,1,1,1,1,0.05
902,75,1,1,1,2,0.060000000000000005
903,75,1,1,1,3,0.07
904,75,1,1,1,4,0.08000000000000002
905,75,1,1,1,5,0.09000000000000001
906,75,1,1,1,6,0.1
907,75,1,1,1,7,0.11000000000000001
908,75,1,1,1,8,0.12000000000000002
909,75,1,1,1,9,0.13000000000000003
910,75,1,1,1,10,0.14
911,75,1,1,1,11,0.15000000000000002
912,76,1,1,1,0,0.04
913,76,1,1,1,1,0.05
914,76,1,1,1,2,0.060000000000000005
915,76,1,1,1,3,0.07
916,76,1,1,1,4,0.08000000000000002
917,76,1,1,1,5,0.09000000000000001
918,76,1,1,1,6,0.1
919,76,1,1,1,7,0.11000000000000001
920,76,1,1,1,8,0.12000000000000002
921,76,1,1,1,9,0.13000000000000003
922,76,1,1,1,10,0.14
923,76,1,1,1,11,0.15000000000000002
924,77,3,3,3,0,0.04
925,77,3,3,3,1,0.05
926,77,3,3,3,2,0.060000000000000005
927,77,3,3,3,3,0.07
928,77,3,3,3,4,0.08000000000000002
929,77,3,3,3,5,0.09000000000000001
930,77,3,3,3,6,0.1
931,77,3,3,3,7,0.11000000000000001
932,77,3,3,3,8,0.12000000000000002
933,77,3,3,3,9,0.13000000000000003
934,77,3,3,3,10,0.14
935,77,3,3,3,11,0.15000000000000002
936,78,7,7,7,0,0.04
937,78,7,7,7,1,0.05
938,78,7,7,7,2,0.060000000000000005
939,78,7,7,7,3,0.07
940,78,7,7,7,4,0.08000000000000002
941,78,7,7,7,5,0.09000000000000001
942,78,7,7,7,6,0.1
943,78,7,7,7,7,0.11000000000000001
944,78,7,7,7,8,0.12000000000000002
945,78,7,7,7,9,0.13000000000000003
946,78,7,7,7,10,0.14
947,78,7,7,7,11,0.15000000000000002
948,79,1,1,1,0,0.04
949,79,1,1,1,1,0.05
950,79,1,1,1,2,0.060000000000000005
951,79,1,1,1,3,0.07
952,79,1,1,1,4,0.08000000000000002
953,79,1,1,1,5,0.09000000000000001
954,79,1,1,1,6,0.1
955,79,1,1,1,7,0.11000000000000001
956,79,1,1,1,8,0.12000000000000002
957,79,1,1,1,9,0.13000000000000003
958,79,1,1,1,10,0.14
959,79,1,1,1,11,0.15000000000000002
960,80,0,0,0,0,0.04
961,80,0,0,0,1,0.05
962,80,0,0,0,2,0.060000000000000005
963,80,0,0,0,3,0.07
964,80,0,0,0,4,0.08000000000000002
965,80,0,0,0,5,0.09000000000000001
966,80,0,0,0,6,0.1
967,80,0,0,0,7,0.11000000000000001
968,80,0,0,0,8,0.12000000000000002
969,80,0,0,0,9,0.13000000000000003
970,80,0,0,0,10,0.14
971,80,0,0,0,11,0.15000000000000002
972,81,4,4,4,0,0.04
973,81,4,4,4,1,0.05
974,81,4,4,4,2,0.060000000000000005
975,81,4,4,4,3,0.07
976,81,4,4,4,4,0.08000000000000002
977,81,4,4,4,5,0.09000000000000001
978,81,4,4,4,6,0.1
979,81,4,4,4,7,0.11000000000000001
980,81,4,4,4,8,0.12000000000000002
981,81,4,4,4,9,0.13000000000000003
982,81,4,4,4,10,0.14
983,81,4,4,4,11,0.15000000000000002
984,82,6,6,6,0,0.04
985,82,6,6,6,1,0.05
986,82,6,6,6,2,0.060000000000000005
987,82,6,6,6,3,0.07
988,82,6,6,6,4,0.08000000000000002
989,82,6,6,6,5,0.09000000000000001
990,82,6,6,6,6,0.1
991,82,6,6,6,7,0.11000000000000001
992,82,6,6,6,8,0.12000000000000002
993,82,6,6,6,9,0.13000000000000003
994,82,6,6,6,10,0.14
995,82,6,6,6,11,0.15000000000000002
996,83,3,3,3,0,0.04
997,83,3,3,3,1,0.05
998,83,3,3,3,2,0.060000000000000005
999,83,3,3,3,3,0.07
1000,83,3,3,3,4,0.08000000000000002
1001,83,3,3,3,5,0.09000000000000001
1002,83,3,3,3,6,0.1
1003,83,3,3,3,7,0.11000000000000001
1004,83,3,3,3,8,0.12000000000000002
1005,83,3,3,3,9,0.13000000000000003
1006,83,3,3,3,10,0.14
1007,83,3,3,3,11,0.15000000000000002
1008,84,4,4,4,0,0.04
1009,84,4,4,4,1,0.05
1010,84,4,4,4,2,0.060000000000000005
1011,84,4,4,4,3,0.07
1012,84,4,4,4,4,0.08000000000000002
1013,84,4,4,4,5,0.09000000000000001
1014,84,4,4,4,6,0.1
1015,84,4,4,4,7,0.11000000000000001
1016,84,4,4,4,8,0.12000000000000002
1017,84,4,4,4,9,0.13000000000000003
1018,84,4,4,4,10,0.14
1019,84,4,4,4,11,0.15000000000000002
1020,85,7,7,7,0,0.04
1021,85,7,7,7,1,0.05
1022,85,7,7,7,2,0.060000000000000005
1023,85,7,7,7,3,0.07
1024,85,7,7,7,4,0.08000000000000002
1025,85,7,7,7,5,0.09000000000000001
1026,85,7,7,7,6,0.1
1027,85,7,7,7,7,0.11000000000000001
1028,85,7,7,7,8,0.12000000000000002
1029,85,7,7,7,9,0.13000000000000003
1030,85,7,7,7,10,0.14
1031,85,7,7,7,11,0.15000000000000002
1032,86,0,0,0,0,0.04
1033,86,0,0,0,1,0.05
1034,86,0,0,0,2,0.060000000000000005
1035,86,0,0,0,3,0.07
1036,86,0,0,0,4,0.08000000000000002
1037,86,0,0,0,5,0.09000000000000001
1038,86,0,0,0,6,0.1
1039,86,0,0,0,7,0.11000000000000001
1040,86,0,0,0,8,0.12000000000000002
1041,86,0,0,0,9,0.13000000000000003
1042,86,0,0,0,10,0.14
1043,86,0,0,0,11,0.15000000000000002
1044,87,1,1,1,0,0.04
1045,87,1,1,1,1,0.05
1046,87,1,1,1,2,0.060000000000000005
1047,87,1,1,1,3,0.07
1048,87,1,1,1,4,0.08000000000000002
1049,87,1,1,1,5,0.09000000000000001
1050,87,1,1,1,6,0.1
1051,87,1,1,1,7,0.11000000000000001
1052,87,1,1,1,8,0.12000000000000002
1053,87,1,1,1,9,0.13000000000000003
1054,87,1,1,1,10,0.14
1055,87,1,1,1,11,0.15000000000000002
1056,88,3,3,3,0,0.04
1057,88,3,3,3,1,0.05
1058,88,3,3,3,2,0.060000000000000005
1059,88,3,3,3,3,0.07
1060,88,3,3,3,4,0.08000000000000002
1061,88,3,3,3,5,0.09000000000000001
1062,88,3,3,3,6,0.1
1063,88,3,3,3,7,0.11000000000000001
1064,88,3,3,3,8,0.12000000000000002
1065,88,3,3,3,9,0.13000000000000003
1066,88,3,3,3,10,0.14
1067,88,3,3,3,11,0.15000000000000002
1068,89,4,4,4,0,0.04
1069,89,4,4,4,1,0.05
1070,89,4,4,4,2,0.060000000000000005
1071,89,4,4,4,3,0.07
1072,89,4,4,4,4,0.08000000000000002
1073,89,4,4,4,5,0.09000000000000001
1074,89,4,4,4,6,0.1
1075,89,4,4,4,7,0.11000000000000001
1076,89,4,4,4,8,0.12000000000000002
1077,89,4,4,4,9,0.13000000000000003
1078,89,4,4,4,10,0.14
1079,89,4,4,4,11,0.15000000000000002
1080,90,1,1,1,0,0.04
1081,90,1,1,1,1,0.05
1082,90,1,1,1,2,0.060000000000000005
1083,90,1,1,1,3,0.07
1084,90,1,1,1,4,0.08000000000000002
1085,90,1,1,1,5,0.09000000000000001
1086,90,1,1,1,6,0.1
1087,90,1,1,1,7,0.11000000000000001
1088,90,1,1,1,8,0.12000000000000002
1089,90,1,1,1,9,0.13000000000000003
1090,90,1,1,1,10,0.14
1091,90,1,1,1,11,0.15000000000000002
1092,91,1,1,1,0,0.04
1093,91,1,1,1,1,0.05
1094,91,1,1,1,2,0.060000000000000005
1095,91,1,1,1,3,0.07
1096,91,1,1,1,4,0.08000000000000002
1097,91,1,1,1,5,0.09000000000000001
1098,91,1,1,1,6,0.1
1099,91,1,1,1,7,0.11000000000000001
1100,91,1,1,1,8,0.12000000000000002
1101,91,1,1,1,9,0.13000000000000003
1102,91,1,1,1,10,0.14
1103,91,1,1,1,11,0.15000000000000002
1104,92,4,4,4,0,0.04
1105,92,4,4,4,1,0.05
1106,92,4,4,4,2,0.060000000000000005
1107,92,4,4,4,3,0.07
1108,92,4,4,4,4,0.08000000000000002
1109,92,4,4,4,5,0.09000000000000001
1110,92,4,4,4,6,0.1
1111,92,4,4,4,7,0.11000000000000001
1112,92,4,4,4,8,0.12000000000000002
1113,92,4,4,4,9,0.13000000000000003
1114,92,4,4,4,10,0.14
1115,92,4,4,4,11,0.15000000000000002
1116,93,1,1,1,0,0.04
1117,93,1,1,1,1,0.05
1118,93,1,1,1,2,0.060000000000000005
1119,93,1,1,1,3,0.07
1120,93,1,1,1,4,0.08000000000000002
1121,93,1,1,1,5,0.09000000000000001
1122,93,1,1,1,6,0.1
1123,93,1,1,1,7,0.11000000000000001
1124,93,1,1,1,8,0.12000000000000002
1125,93,1,1,1,9,0.13000000000000003
1126,93,1,1,1,10,0.14
1127,93,1,1,1,11,0.15000000000000002
1128,94,2,2,2,0,0.04
1129,94,2,2,2,1,0.05
1130,94,2,2,2,2,0.060000000000000005
1131,94,2,2,2,3,0.07
1132,94,2,2,2,4,0.08000000000000002
1133,94,2,2,2,5,0.09000000000000001
1134,94,2,2,2,6,0.1
1135,94,2,2,2,7,0.11000000000000001
1136,94,2,2,2,8,0.12000000000000002
1137,94,2,2,2,9,0.13000000000000003
1138,94,2,2,2,10,0.14
1139,94,2,2,2,11,0.15000000000000002
1140,95,4,4,4,0,0.04
1141,95,4,4,4,1,0.05
1142,95,4,4,4,2,0.060000000000000005
1143,95,4,4,4,3,0.07
1144,95,4,4,4,4,0.08000000000000002
1145,95,4,4,4,5,0.09000000000000001
1146,95,4,4,4,6,0.1
1147,95,4,4,4,7,0.11000000000000001
1148,95,4,4,4,8,0.12000000000000002
1149,95,4,4,4,9,0.13000000000000003
1150,95,4,4,4,10,0.14
1151,95,4,4,4,11,0.15000000000000002
1152,96,3,3,3,0,0.04
1153,96,3,3,3,1,0.05
1154,96,3,3,3,2,0.060000000000000005
1155,96,3,3,3,3,0.07
1156,96,3,3,3,4,0.08000000000000002
1157,96,3,3,3,5,0.09000000000000001
1158,96,3,3,3,6,0.1
1159,96,3,3,3,7,0.11000000000000001
1160,96,3,3,3,8,0.12000000000000002
1161,96,3,3,3,9,0.13000000000000003
1162,96,3,3,3,10,0.14
1163,96,3,3,3,11,0.15000000000000002
1164,97,3,3,3,0,0.04
1165,97,3,3,3,1,0.05
1166,97,3,3,3,2,0.060000000000000005
1167,97,3,3,3,3,0.07
1168,97,3,3,3,4,0.08000000000000002
1169,97,3,3,3,5,0.09000000000000001
1170,97,3,3,3,6,0.1
1171,97,3,3,3,7,0.11000000000000001
1172,97,3,3,3,8,0.12000000000000002
1173,97,3,3,3,9,0.13000000000000003
1174,97,3,3,3,10,0.14
1175,97,3,3,3,11,0.15000000000000002
1176,98,3,3,3,0,0.04
1177,98,3,3,3,1,0.05
1178,98,3,3,3,2,0.060000000000000005
1179,98,3,3,3,3,0.07
1180,98,3,3,3,4,0.08000000000000002
1181,98,3,3,3,5,0.09000000000000001
1182,98,3,3,3,6,0.1
1183,98,3,3,3,7,0.11000000000000001
1184,98,3,3,3,8,0.12000000000000002
1185,98,3,3,3,9,0.13000000000000003
1186,98,3,3,3,10,0.14
1187,98,3,3,3,11,0.15000000000000002
1188,99,6,6,6,0,0.04
1189,99,6,6,6,1,0.05
1190,99,6,6,6,2,0.060000000000000005
1191,99,6,6,6,3,0.07
1192,99,6,6,6,4,0.08000000000000002
1193,99,6,6,6,5,0.09000000000000001
1194,99,6,6,6,6,0.1
1195,99,6,6,6,7,0.11000000000000001
1196,99,6,6,6,8,0.12000000000000002
1197,99,6,6,6,9,0.13000000000000003
1198,99,6,6,6,10,0.14
1199,99,6,6,6,11,0.15000000000000002
