sample_idx,pulse,t_s,timepoint_index,n_timepoints_for_pulse
0,11027,0.04034334793686867,0,8
1,11027,0.0501287542283535,1,8
2,11027,0.061001431196928024,2,8
3,11027,0.07078684121370316,3,8
4,11027,0.08165951073169708,4,8
5,11027,0.09144492447376251,5,8
6,11027,0.10231759399175644,6,8
7,11027,0.1148211732506752,7,8
8,11093,0.04034334793686867,0,8
9,11093,0.05502145737409592,1,8
10,11093,0.0713304728269577,2,8
11,11093,0.08600858598947525,3,8
12,11093,0.10231759399175644,4,8
13,11093,0.11699570715427399,5,8
14,11093,0.13330471515655518,6,8
15,11093,0.14961373805999756,7,8
16,11174,0.041974250227212906,0,8
17,11174,0.059370528906583786,1,8
18,11174,0.07513590902090073,2,8
19,11174,0.08981402218341827,3,8
20,11174,0.10286123305559158,4,8
21,11174,0.11753933876752853,5,8
22,11174,0.13058654963970184,6,8
23,11174,0.14961373805999756,7,8
24,11226,0.040886979550123215,0,8
25,11226,0.05175965651869774,1,8
26,11226,0.06263232976198196,2,8
27,11226,0.07459227740764618,3,8
28,11226,0.0854649469256401,4,8
29,11226,0.09742489457130432,5,8
30,11226,0.11101573705673218,6,8
31,11226,0.1289556473493576,7,8
32,11227,0.04034334793686867,0,8
33,11227,0.0501287542283535,1,8
34,11227,0.05991416424512863,2,8
35,11227,0.06969957053661346,3,8
36,11227,0.0794849768280983,4,8
37,11227,0.08927038311958313,5,8
38,11227,0.09905579686164856,6,8
39,11227,0.10992846637964249,7,8
40,11228,0.040886979550123215,0,8
41,11228,0.057195995002985,1,8
42,11228,0.0724177360534668,2,8
43,11228,0.08437768369913101,3,8
44,11228,0.09742489457130432,4,8
45,11228,0.11536480486392975,5,8
46,11228,0.13167381286621094,6,8
47,11228,0.14961373805999756,7,8
48,11240,0.04143061488866806,0,8
49,11240,0.05610872805118561,1,8
50,11240,0.07078684121370316,2,8
51,11240,0.08709584921598434,3,8
52,11240,0.10177396237850189,4,8
53,11240,0.11808297783136368,5,8
54,11240,0.13276109099388123,6,8
55,11240,0.14907009899616241,7,8
56,11242,0.040886979550123215,0,8
57,11242,0.057195995002985,1,8
58,11242,0.0713304728269577,2,8
59,11242,0.08329041302204132,3,8
60,11242,0.09525036066770554,4,8
61,11242,0.11319027096033096,5,8
62,11242,0.131130188703537,6,8
63,11242,0.14907009899616241,7,8
64,11261,0.041974250227212906,0,8
65,11261,0.059370528906583786,1,8
66,11261,0.07404863834381104,2,8
67,11261,0.08872675150632858,3,8
68,11261,0.10340486466884613,4,8
69,11261,0.11808297783136368,5,8
70,11261,0.13276109099388123,6,8
71,11261,0.14961373805999756,7,8
72,11268,0.04034334793686867,0,8
73,11268,0.05121602118015289,1,8
74,11268,0.06317596882581711,2,8
75,11268,0.07404863834381104,3,8
76,11268,0.08600858598947525,4,8
77,11268,0.09688125550746918,5,8
78,11268,0.11155936866998672,6,8
79,11268,0.12949928641319275,7,8
80,11269,0.040886979550123215,0,8
81,11269,0.05610872805118561,1,8
82,11269,0.06806866824626923,2,8
83,11269,0.08002861589193344,3,8
84,11269,0.09198855608701706,4,8
85,11269,0.10829757153987885,5,8
86,11269,0.12623748183250427,6,8
87,11269,0.1441773921251297,7,8
88,11270,0.040886979550123215,0,8
89,11270,0.05556509271264076,1,8
90,11270,0.07187410444021225,2,8
91,11270,0.0854649469256401,3,8
92,11270,0.10177396237850189,4,8
93,11270,0.11645207554101944,5,8
94,11270,0.13276109099388123,6,8
95,11270,0.14907009899616241,7,8
96,11271,0.040886979550123215,0,8
97,11271,0.057195995002985,1,8
98,11271,0.07350500673055649,2,8
99,11271,0.08492131531238556,3,8
100,11271,0.09905579686164856,4,8
101,11271,0.11536480486392975,5,8
102,11271,0.13167381286621094,6,8
103,11271,0.14961373805999756,7,8
104,11274,0.04034334793686867,0,8
105,11274,0.0501287542283535,1,8
106,11274,0.05991416424512863,2,8
107,11274,0.06969957053661346,3,8
108,11274,0.0794849768280983,4,8
109,11274,0.08927038311958313,5,8
110,11274,0.09905579686164856,6,8
111,11274,0.10884120315313339,7,8
112,11294,0.040886979550123215,0,8
113,11294,0.050672389566898346,1,8
114,11294,0.06154506281018257,2,8
115,11294,0.0724177360534668,3,8
116,11294,0.08329041302204132,4,8
117,11294,0.09416308999061584,5,8
118,11294,0.10503576695919037,6,8
119,11294,0.12134477496147156,7,8
120,11297,0.040886979550123215,0,8
121,11297,0.05175965651869774,1,8
122,11297,0.06263232976198196,2,8
123,11297,0.07350500673055649,3,8
124,11297,0.08437768369913101,4,8
125,11297,0.09525036066770554,5,8
126,11297,0.10721030086278915,6,8
127,11297,0.12351931631565094,7,8
128,11298,0.040886979550123215,0,8
129,11298,0.04958512261509895,1,8
130,11298,0.05556509271264076,2,8
131,11298,0.06263232976198196,3,8
132,11298,0.0724177360534668,4,8
133,11298,0.08111587911844254,5,8
134,11298,0.08981402218341827,6,8
135,11298,0.0995994284749031,7,8
136,11306,0.04034334793686867,0,8
137,11306,0.05502145737409592,1,8
138,11306,0.0713304728269577,2,8
139,11306,0.08600858598947525,3,8
140,11306,0.10231759399175644,4,8
141,11306,0.11699570715427399,5,8
142,11306,0.13330471515655518,6,8
143,11306,0.14961373805999756,7,8
144,11308,0.04034334793686867,0,8
145,11308,0.05502145737409592,1,8
146,11308,0.0713304728269577,2,8
147,11308,0.08600858598947525,3,8
148,11308,0.10231759399175644,4,8
149,11308,0.11699570715427399,5,8
150,11308,0.13330471515655518,6,8
151,11308,0.14961373805999756,7,8
152,11334,0.041974250227212906,0,8
153,11334,0.059370528906583786,1,8
154,11334,0.07513590902090073,2,8
155,11334,0.08981402218341827,3,8
156,11334,0.10286123305559158,4,8
157,11334,0.11753933876752853,5,8
158,11334,0.13058654963970184,6,8
159,11334,0.14961373805999756,7,8
160,11337,0.041974250227212906,0,8
161,11337,0.059370528906583786,1,8
162,11337,0.07513590902090073,2,8
163,11337,0.08981402218341827,3,8
164,11337,0.10286123305559158,4,8
165,11337,0.11753933876752853,5,8
166,11337,0.13058654963970184,6,8
167,11337,0.14961373805999756,7,8
168,11339,0.04143061488866806,0,8
169,11339,0.05610872805118561,1,8
170,11339,0.07078684121370316,2,8
171,11339,0.08709584921598434,3,8
172,11339,0.10177396237850189,4,8
173,11339,0.11808297783136368,5,8
174,11339,0.13276109099388123,6,8
175,11339,0.14907009899616241,7,8
176,11340,0.041974250227212906,0,8
177,11340,0.05773962661623955,1,8
178,11340,0.0724177360534668,2,8
179,11340,0.08709584921598434,3,8
180,11340,0.10177396237850189,4,8
181,11340,0.11645207554101944,5,8
182,11340,0.131130188703537,6,8
183,11340,0.14798283576965332,7,8
184,11341,0.041974250227212906,0,8
185,11341,0.059370528906583786,1,8
186,11341,0.07513590902090073,2,8
187,11341,0.08981402218341827,3,8
188,11341,0.10286123305559158,4,8
189,11341,0.11753933876752853,5,8
190,11341,0.13058654963970184,6,8
191,11341,0.14961373805999756,7,8
192,11342,0.040886979550123215,0,8
193,11342,0.057195995002985,1,8
194,11342,0.06915593892335892,2,8
195,11342,0.08002861589193344,3,8
196,11342,0.09198855608701706,4,8
197,11342,0.10721030086278915,5,8
198,11342,0.12351931631565094,6,8
199,11342,0.1430901288986206,7,8
200,11359,0.041974250227212906,0,8
201,11359,0.059370528906583786,1,8
202,11359,0.07513590902090073,2,8
203,11359,0.08981402218341827,3,8
204,11359,0.10286123305559158,4,8
205,11359,0.11753933876752853,5,8
206,11359,0.13058654963970184,6,8
207,11359,0.14961373805999756,7,8
208,11365,0.041974250227212906,0,8
209,11365,0.059370528906583786,1,8
210,11365,0.07513590902090073,2,8
211,11365,0.08981402218341827,3,8
212,11365,0.10286123305559158,4,8
213,11365,0.11753933876752853,5,8
214,11365,0.13058654963970184,6,8
215,11365,0.14961373805999756,7,8
216,11375,0.041974250227212906,0,8
217,11375,0.059370528906583786,1,8
218,11375,0.07513590902090073,2,8
219,11375,0.08981402218341827,3,8
220,11375,0.10286123305559158,4,8
221,11375,0.11753933876752853,5,8
222,11375,0.13058654963970184,6,8
223,11375,0.14961373805999756,7,8
224,11385,0.041974250227212906,0,8
225,11385,0.059370528906583786,1,8
226,11385,0.07513590902090073,2,8
227,11385,0.08981402218341827,3,8
228,11385,0.10286123305559158,4,8
229,11385,0.11753933876752853,5,8
230,11385,0.13058654963970184,6,8
231,11385,0.14961373805999756,7,8
232,11387,0.041974250227212906,0,8
233,11387,0.059370528906583786,1,8
234,11387,0.07513590902090073,2,8
235,11387,0.08981402218341827,3,8
236,11387,0.10286123305559158,4,8
237,11387,0.11753933876752853,5,8
238,11387,0.13058654963970184,6,8
239,11387,0.14961373805999756,7,8
240,11418,0.041974250227212906,0,8
241,11418,0.059370528906583786,1,8
242,11418,0.07513590902090073,2,8
243,11418,0.08981402218341827,3,8
244,11418,0.10286123305559158,4,8
245,11418,0.11753933876752853,5,8
246,11418,0.13058654963970184,6,8
247,11418,0.14961373805999756,7,8
248,11421,0.041974250227212906,0,8
249,11421,0.059370528906583786,1,8
250,11421,0.07513590902090073,2,8
251,11421,0.08981402218341827,3,8
252,11421,0.10286123305559158,4,8
253,11421,0.11753933876752853,5,8
254,11421,0.13058654963970184,6,8
255,11421,0.14961373805999756,7,8
256,11425,0.041974250227212906,0,8
257,11425,0.059370528906583786,1,8
258,11425,0.07513590902090073,2,8
259,11425,0.08981402218341827,3,8
260,11425,0.10286123305559158,4,8
261,11425,0.11753933876752853,5,8
262,11425,0.13058654963970184,6,8
263,11425,0.14961373805999756,7,8
264,11427,0.041974250227212906,0,8
265,11427,0.059370528906583786,1,8
266,11427,0.07513590902090073,2,8
267,11427,0.08981402218341827,3,8
268,11427,0.10286123305559158,4,8
269,11427,0.11753933876752853,5,8
270,11427,0.13058654963970184,6,8
271,11427,0.14961373805999756,7,8
272,11428,0.041974250227212906,0,8
273,11428,0.059370528906583786,1,8
274,11428,0.07513590902090073,2,8
275,11428,0.08981402218341827,3,8
276,11428,0.10286123305559158,4,8
277,11428,0.11753933876752853,5,8
278,11428,0.13058654963970184,6,8
279,11428,0.14961373805999756,7,8
280,11438,0.041974250227212906,0,8
281,11438,0.059370528906583786,1,8
282,11438,0.07513590902090073,2,8
283,11438,0.08981402218341827,3,8
284,11438,0.10286123305559158,4,8
285,11438,0.11753933876752853,5,8
286,11438,0.13058654963970184,6,8
287,11438,0.14961373805999756,7,8
288,11440,0.041974250227212906,0,8
289,11440,0.059370528906583786,1,8
290,11440,0.07513590902090073,2,8
291,11440,0.08981402218341827,3,8
292,11440,0.10286123305559158,4,8
293,11440,0.11753933876752853,5,8
294,11440,0.13058654963970184,6,8
295,11440,0.14961373805999756,7,8
296,11442,0.04143061488866806,0,8
297,11442,0.05610872805118561,1,8
298,11442,0.07078684121370316,2,8
299,11442,0.08709584921598434,3,8
300,11442,0.10177396237850189,4,8
301,11442,0.11808297783136368,5,8
302,11442,0.13276109099388123,6,8
303,11442,0.14907009899616241,7,8
304,11443,0.040886979550123215,0,8
305,11443,0.05556509271264076,1,8
306,11443,0.07024320214986801,2,8
307,11443,0.0865522176027298,3,8
308,11443,0.10123033076524734,4,8
309,11443,0.11753933876752853,5,8
310,11443,0.13221745193004608,6,8
311,11443,0.14852645993232727,7,8
312,11444,0.041974250227212906,0,8
313,11444,0.05773962661623955,1,8
314,11444,0.0724177360534668,2,8
315,11444,0.08709584921598434,3,8
316,11444,0.10177396237850189,4,8
317,11444,0.11645207554101944,5,8
318,11444,0.131130188703537,6,8
319,11444,0.14852645993232727,7,8
320,11468,0.041974250227212906,0,8
321,11468,0.059370528906583786,1,8
322,11468,0.07676681131124496,2,8
323,11468,0.08981402218341827,3,8
324,11468,0.10449212789535522,4,8
325,11468,0.11753933876752853,5,8
326,11468,0.13058654963970184,6,8
327,11468,0.14961373805999756,7,8
328,11470,0.04143061488866806,0,8
329,11470,0.05610872805118561,1,8
330,11470,0.07078684121370316,2,8
331,11470,0.08709584921598434,3,8
332,11470,0.10177396237850189,4,8
333,11470,0.11808297783136368,5,8
334,11470,0.13276109099388123,6,8
335,11470,0.14907009899616241,7,8
336,11471,0.041974250227212906,0,8
337,11471,0.05882689729332924,1,8
338,11471,0.07350500673055649,2,8
339,11471,0.08818311989307404,3,8
340,11471,0.10286123305559158,4,8
341,11471,0.11753933876752853,5,8
342,11471,0.13221745193004608,6,8
343,11471,0.14961373805999756,7,8
344,11472,0.041974250227212906,0,8
345,11472,0.059370528906583786,1,8
346,11472,0.07513590902090073,2,8
347,11472,0.08981402218341827,3,8
348,11472,0.10286123305559158,4,8
349,11472,0.11753933876752853,5,8
350,11472,0.13058654963970184,6,8
351,11472,0.14961373805999756,7,8
352,11473,0.041974250227212906,0,8
353,11473,0.059370528906583786,1,8
354,11473,0.07513590902090073,2,8
355,11473,0.08981402218341827,3,8
356,11473,0.10286123305559158,4,8
357,11473,0.11753933876752853,5,8
358,11473,0.13058654963970184,6,8
359,11473,0.14961373805999756,7,8
360,11475,0.04143061488866806,0,8
361,11475,0.05610872805118561,1,8
362,11475,0.07078684121370316,2,8
363,11475,0.08709584921598434,3,8
364,11475,0.10177396237850189,4,8
365,11475,0.11808297783136368,5,8
366,11475,0.13276109099388123,6,8
367,11475,0.14961373805999756,7,8
368,11476,0.040886979550123215,0,8
369,11476,0.05556509271264076,1,8
370,11476,0.07187410444021225,2,8
371,11476,0.0854649469256401,3,8
372,11476,0.0995994284749031,4,8
373,11476,0.11590844392776489,5,8
374,11476,0.13221745193004608,6,8
375,11476,0.14852645993232727,7,8
376,11478,0.04034334793686867,0,8
377,11478,0.05502145737409592,1,8
378,11478,0.0713304728269577,2,8
379,11478,0.08600858598947525,3,8
380,11478,0.10231759399175644,4,8
381,11478,0.11699570715427399,5,8
382,11478,0.13330471515655518,6,8
383,11478,0.14961373805999756,7,8
384,11480,0.040886979550123215,0,8
385,11480,0.050672389566898346,1,8
386,11480,0.06045779585838318,2,8
387,11480,0.0713304728269577,3,8
388,11480,0.08111587911844254,4,8
389,11480,0.09198855608701706,5,8
390,11480,0.10177396237850189,6,8
391,11480,0.11862660944461823,7,8
392,11482,0.04034334793686867,0,8
393,11482,0.05502145737409592,1,8
394,11482,0.0713304728269577,2,8
395,11482,0.08600858598947525,3,8
396,11482,0.10231759399175644,4,8
397,11482,0.11699570715427399,5,8
398,11482,0.13330471515655518,6,8
399,11482,0.14961373805999756,7,8
400,11484,0.041974250227212906,0,8
401,11484,0.059370528906583786,1,8
402,11484,0.07513590902090073,2,8
403,11484,0.08981402218341827,3,8
404,11484,0.10286123305559158,4,8
405,11484,0.11753933876752853,5,8
406,11484,0.13058654963970184,6,8
407,11484,0.14961373805999756,7,8
408,11512,0.040886979550123215,0,8
409,11512,0.057195995002985,1,8
410,11512,0.07078684121370316,2,8
411,11512,0.08165951073169708,3,8
412,11512,0.09307581931352615,4,8
413,11512,0.10938483476638794,5,8
414,11512,0.12569384276866913,6,8
415,11512,0.14852645993232727,7,8
416,11514,0.040886979550123215,0,8
417,11514,0.04958512261509895,1,8
418,11514,0.05882689729332924,2,8
419,11514,0.06752503663301468,3,8
420,11514,0.07731044292449951,4,8
421,11514,0.08600858598947525,5,8
422,11514,0.09470672160387039,6,8
423,11514,0.10449212789535522,7,8
424,11515,0.041974250227212906,0,8
425,11515,0.06154506281018257,1,8
426,11515,0.07676681131124496,2,8
427,11515,0.08981402218341827,3,8
428,11515,0.10449212789535522,4,8
429,11515,0.11753933876752853,5,8
430,11515,0.13058654963970184,6,8
431,11515,0.14961373805999756,7,8
432,11522,0.041974250227212906,0,8
433,11522,0.059370528906583786,1,8
434,11522,0.07513590902090073,2,8
435,11522,0.08981402218341827,3,8
436,11522,0.10286123305559158,4,8
437,11522,0.11753933876752853,5,8
438,11522,0.13058654963970184,6,8
439,11522,0.14961373805999756,7,8
440,11523,0.041974250227212906,0,8
441,11523,0.06154506281018257,1,8
442,11523,0.07676681131124496,2,8
443,11523,0.08981402218341827,3,8
444,11523,0.10449212789535522,4,8
445,11523,0.11753933876752853,5,8
446,11523,0.13058654963970184,6,8
447,11523,0.14961373805999756,7,8
448,11558,0.04143061488866806,0,8
449,11558,0.05610872805118561,1,8
450,11558,0.07078684121370316,2,8
451,11558,0.08709584921598434,3,8
452,11558,0.10177396237850189,4,8
453,11558,0.11808297783136368,5,8
454,11558,0.13276109099388123,6,8
455,11558,0.14907009899616241,7,8
456,11559,0.040886979550123215,0,8
457,11559,0.05284692347049713,1,8
458,11559,0.06480686366558075,2,8
459,11559,0.07676681131124496,3,8
460,11559,0.08872675150632858,4,8
461,11559,0.10177396237850189,5,8
462,11559,0.11971388012170792,6,8
463,11559,0.13765379786491394,7,8
464,11567,0.040886979550123215,0,8
465,11567,0.052303291857242584,1,8
466,11567,0.0642632320523262,2,8
467,11567,0.07622317224740982,3,8
468,11567,0.08709584921598434,4,8
469,11567,0.09905579686164856,5,8
470,11567,0.11699570715427399,6,8
471,11567,0.13493561744689941,7,8
472,11571,0.041974250227212906,0,8
473,11571,0.059370528906583786,1,8
474,11571,0.07513590902090073,2,8
475,11571,0.08981402218341827,3,8
476,11571,0.10286123305559158,4,8
477,11571,0.11753933876752853,5,8
478,11571,0.13058654963970184,6,8
479,11571,0.14961373805999756,7,8
480,11573,0.040886979550123215,0,8
481,11573,0.057195995002985,1,8
482,11573,0.06915593892335892,2,8
483,11573,0.08002861589193344,3,8
484,11573,0.09198855608701706,4,8
485,11573,0.1077539324760437,5,8
486,11573,0.12406294792890549,6,8
487,11573,0.1420028656721115,7,8
488,11574,0.04143061488866806,0,8
489,11574,0.05610872805118561,1,8
490,11574,0.07078684121370316,2,8
491,11574,0.08709584921598434,3,8
492,11574,0.10177396237850189,4,8
493,11574,0.11808297783136368,5,8
494,11574,0.13276109099388123,6,8
495,11574,0.14907009899616241,7,8
496,11577,0.041974250227212906,0,8
497,11577,0.059370528906583786,1,8
498,11577,0.07513590902090073,2,8
499,11577,0.08981402218341827,3,8
500,11577,0.10286123305559158,4,8
501,11577,0.11753933876752853,5,8
502,11577,0.13058654963970184,6,8
503,11577,0.14961373805999756,7,8
504,11578,0.041974250227212906,0,8
505,11578,0.059370528906583786,1,8
506,11578,0.07513590902090073,2,8
507,11578,0.08981402218341827,3,8
508,11578,0.10286123305559158,4,8
509,11578,0.11753933876752853,5,8
510,11578,0.13058654963970184,6,8
511,11578,0.14961373805999756,7,8
512,11579,0.041974250227212906,0,8
513,11579,0.059370528906583786,1,8
514,11579,0.07513590902090073,2,8
515,11579,0.08981402218341827,3,8
516,11579,0.10286123305559158,4,8
517,11579,0.11753933876752853,5,8
518,11579,0.13058654963970184,6,8
519,11579,0.14961373805999756,7,8
520,11582,0.041974250227212906,0,8
521,11582,0.059370528906583786,1,8
522,11582,0.07513590902090073,2,8
523,11582,0.08981402218341827,3,8
524,11582,0.10286123305559158,4,8
525,11582,0.11753933876752853,5,8
526,11582,0.13058654963970184,6,8
527,11582,0.14961373805999756,7,8
528,11807,0.041974250227212906,0,8
529,11807,0.059370528906583786,1,8
530,11807,0.07404863834381104,2,8
531,11807,0.08872675150632858,3,8
532,11807,0.10177396237850189,4,8
533,11807,0.11645207554101944,5,8
534,11807,0.131130188703537,6,8
535,11807,0.14852645993232727,7,8
536,12104,0.041974250227212906,0,8
537,12104,0.059370528906583786,1,8
538,12104,0.07513590902090073,2,8
539,12104,0.08981402218341827,3,8
540,12104,0.10286123305559158,4,8
541,12104,0.11753933876752853,5,8
542,12104,0.13058654963970184,6,8
543,12104,0.14961373805999756,7,8
544,12124,0.041974250227212906,0,8
545,12124,0.059370528906583786,1,8
546,12124,0.07676681131124496,2,8
547,12124,0.08981402218341827,3,8
548,12124,0.10449212789535522,4,8
549,12124,0.11753933876752853,5,8
550,12124,0.13058654963970184,6,8
551,12124,0.14961373805999756,7,8
552,12135,0.04034334793686867,0,8
553,12135,0.05556509271264076,1,8
554,12135,0.0713304728269577,2,8
555,12135,0.08709584921598434,3,8
556,12135,0.10286123305559158,4,8
557,12135,0.11808297783136368,5,8
558,12135,0.13384835422039032,6,8
559,12135,0.14961373805999756,7,8
560,12157,0.04050000011920929,0,8
561,12157,0.0560000017285347,1,8
562,12157,0.07150000333786011,2,8
563,12157,0.08699999749660492,3,8
564,12157,0.10249999910593033,4,8
565,12157,0.11800000071525574,5,8
566,12157,0.13349999487400055,6,8
567,12157,0.14949999749660492,7,8
568,12158,0.04034334793686867,0,8
569,12158,0.05556509271264076,1,8
570,12158,0.0713304728269577,2,8
571,12158,0.08709584921598434,3,8
572,12158,0.10231759399175644,4,8
573,12158,0.11808297783136368,5,8
574,12158,0.13384835422039032,6,8
575,12158,0.14961373805999756,7,8
576,12159,0.04034334793686867,0,8
577,12159,0.05556509271264076,1,8
578,12159,0.07187410444021225,2,8
579,12159,0.08709584921598434,3,8
580,12159,0.10286123305559158,4,8
581,12159,0.11808297783136368,5,8
582,12159,0.13384835422039032,6,8
583,12159,0.14961373805999756,7,8
584,12195,0.04034334793686867,0,8
585,12195,0.05556509271264076,1,8
586,12195,0.0724177360534668,2,8
587,12195,0.08818311989307404,3,8
588,12195,0.10340486466884613,4,8
589,12195,0.11862660944461823,5,8
590,12195,0.13384835422039032,6,8
591,12195,0.14961373805999756,7,8
592,12196,0.04034334793686867,0,8
593,12196,0.05556509271264076,1,8
594,12196,0.0713304728269577,2,8
595,12196,0.08709584921598434,3,8
596,12196,0.10231759399175644,4,8
597,12196,0.11808297783136368,5,8
598,12196,0.13384835422039032,6,8
599,12196,0.14961373805999756,7,8
600,12198,0.04034334793686867,0,8
601,12198,0.05556509271264076,1,8
602,12198,0.0713304728269577,2,8
603,12198,0.08709584921598434,3,8
604,12198,0.10286123305559158,4,8
605,12198,0.11808297783136368,5,8
606,12198,0.13384835422039032,6,8
607,12198,0.14961373805999756,7,8
608,12218,0.04034334793686867,0,8
609,12218,0.05556509271264076,1,8
610,12218,0.07187410444021225,2,8
611,12218,0.08763948827981949,3,8
612,12218,0.10286123305559158,4,8
613,12218,0.11862660944461823,5,8
614,12218,0.13384835422039032,6,8
615,12218,0.14961373805999756,7,8
616,12235,0.04034334793686867,0,8
617,12235,0.05556509271264076,1,8
618,12235,0.0713304728269577,2,8
619,12235,0.08709584921598434,3,8
620,12235,0.10231759399175644,4,8
621,12235,0.11808297783136368,5,8
622,12235,0.13384835422039032,6,8
623,12235,0.14961373805999756,7,8
624,12236,0.04034334793686867,0,8
625,12236,0.05556509271264076,1,8
626,12236,0.0713304728269577,2,8
627,12236,0.08709584921598434,3,8
628,12236,0.10231759399175644,4,8
629,12236,0.11808297783136368,5,8
630,12236,0.13384835422039032,6,8
631,12236,0.14961373805999756,7,8
632,12238,0.04034334793686867,0,8
633,12238,0.05556509271264076,1,8
634,12238,0.0713304728269577,2,8
635,12238,0.08709584921598434,3,8
636,12238,0.10231759399175644,4,8
637,12238,0.11808297783136368,5,8
638,12238,0.13384835422039032,6,8
639,12238,0.14961373805999756,7,8
640,12240,0.04034334793686867,0,8
641,12240,0.05556509271264076,1,8
642,12240,0.0713304728269577,2,8
643,12240,0.08709584921598434,3,8
644,12240,0.10231759399175644,4,8
645,12240,0.11808297783136368,5,8
646,12240,0.13384835422039032,6,8
647,12240,0.14961373805999756,7,8
648,12262,0.04034334793686867,0,8
649,12262,0.052303291857242584,1,8
650,12262,0.0642632320523262,2,8
651,12262,0.07676681131124496,3,8
652,12262,0.08981402218341827,4,8
653,12262,0.10177396237850189,5,8
654,12262,0.11373390257358551,6,8
655,12262,0.12841202318668365,7,8
656,12263,0.04034334793686867,0,8
657,12263,0.05556509271264076,1,8
658,12263,0.07078684121370316,2,8
659,12263,0.08763948827981949,3,8
660,12263,0.10286123305559158,4,8
661,12263,0.11862660944461823,5,8
662,12263,0.13384835422039032,6,8
663,12263,0.14961373805999756,7,8
664,12264,0.04034334793686867,0,8
665,12264,0.05556509271264076,1,8
666,12264,0.0713304728269577,2,8
667,12264,0.08709584921598434,3,8
668,12264,0.10231759399175644,4,8
669,12264,0.11808297783136368,5,8
670,12264,0.13384835422039032,6,8
671,12264,0.14961373805999756,7,8
672,12265,0.04034334793686867,0,8
673,12265,0.05556509271264076,1,8
674,12265,0.07187410444021225,2,8
675,12265,0.08709584921598434,3,8
676,12265,0.10286123305559158,4,8
677,12265,0.11808297783136368,5,8
678,12265,0.13384835422039032,6,8
679,12265,0.14961373805999756,7,8
680,12277,0.04034334793686867,0,8
681,12277,0.05556509271264076,1,8
682,12277,0.0713304728269577,2,8
683,12277,0.08709584921598434,3,8
684,12277,0.10231759399175644,4,8
685,12277,0.11808297783136368,5,8
686,12277,0.13384835422039032,6,8
687,12277,0.14961373805999756,7,8
688,12278,0.04034334793686867,0,8
689,12278,0.05556509271264076,1,8
690,12278,0.0713304728269577,2,8
691,12278,0.08709584921598434,3,8
692,12278,0.10231759399175644,4,8
693,12278,0.11808297783136368,5,8
694,12278,0.13384835422039032,6,8
695,12278,0.14961373805999756,7,8
696,12294,0.04034334793686867,0,8
697,12294,0.05556509271264076,1,8
698,12294,0.0713304728269577,2,8
699,12294,0.08709584921598434,3,8
700,12294,0.10286123305559158,4,8
701,12294,0.11808297783136368,5,8
702,12294,0.13384835422039032,6,8
703,12294,0.14961373805999756,7,8
704,12296,0.04034334793686867,0,8
705,12296,0.053934190422296524,1,8
706,12296,0.06806866824626923,2,8
707,12296,0.08165951073169708,3,8
708,12296,0.09579399228096008,4,8
709,12296,0.10938483476638794,5,8
710,12296,0.12351931631565094,6,8
711,12296,0.14091558754444122,7,8
712,12299,0.04034334793686867,0,8
713,12299,0.05556509271264076,1,8
714,12299,0.0713304728269577,2,8
715,12299,0.08709584921598434,3,8
716,12299,0.10286123305559158,4,8
717,12299,0.11808297783136368,5,8
718,12299,0.13384835422039032,6,8
719,12299,0.14961373805999756,7,8
720,12300,0.04034334793686867,0,8
721,12300,0.05556509271264076,1,8
722,12300,0.0713304728269577,2,8
723,12300,0.08709584921598434,3,8
724,12300,0.10286123305559158,4,8
725,12300,0.11808297783136368,5,8
726,12300,0.13384835422039032,6,8
727,12300,0.14961373805999756,7,8
728,12301,0.04034334793686867,0,8
729,12301,0.05556509271264076,1,8
730,12301,0.0713304728269577,2,8
731,12301,0.08709584921598434,3,8
732,12301,0.10231759399175644,4,8
733,12301,0.11808297783136368,5,8
734,12301,0.13384835422039032,6,8
735,12301,0.14961373805999756,7,8
736,12325,0.04034334793686867,0,8
737,12325,0.05556509271264076,1,8
738,12325,0.0713304728269577,2,8
739,12325,0.08709584921598434,3,8
740,12325,0.10286123305559158,4,8
741,12325,0.11808297783136368,5,8
742,12325,0.13384835422039032,6,8
743,12325,0.14961373805999756,7,8
744,12327,0.04034334793686867,0,8
745,12327,0.05556509271264076,1,8
746,12327,0.0713304728269577,2,8
747,12327,0.08709584921598434,3,8
748,12327,0.10231759399175644,4,8
749,12327,0.11808297783136368,5,8
750,12327,0.13384835422039032,6,8
751,12327,0.14961373805999756,7,8
752,12329,0.040886979550123215,0,8
753,12329,0.053934190422296524,1,8
754,12329,0.06480686366558075,2,8
755,12329,0.07894134521484375,3,8
756,12329,0.09035765379667282,4,8
757,12329,0.10503576695919037,5,8
758,12329,0.12406294792890549,6,8
759,12329,0.14961373805999756,7,8
760,12330,0.04034334793686867,0,8
761,12330,0.05284692347049713,1,8
762,12330,0.0653505027294159,2,8
763,12330,0.07785407453775406,3,8
764,12330,0.09035765379667282,4,8
765,12330,0.10286123305559158,5,8
766,12330,0.11536480486392975,6,8
767,12330,0.13221745193004608,7,8
768,12332,0.04034334793686867,0,8
769,12332,0.05556509271264076,1,8
770,12332,0.0713304728269577,2,8
771,12332,0.08709584921598434,3,8
772,12332,0.10231759399175644,4,8
773,12332,0.11808297783136368,5,8
774,12332,0.13384835422039032,6,8
775,12332,0.14961373805999756,7,8
776,12333,0.04034334793686867,0,8
777,12333,0.05556509271264076,1,8
778,12333,0.07078684121370316,2,8
779,12333,0.08709584921598434,3,8
780,12333,0.10231759399175644,4,8
781,12333,0.11808297783136368,5,8
782,12333,0.13384835422039032,6,8
783,12333,0.14961373805999756,7,8
784,12334,0.04034334793686867,0,8
785,12334,0.05556509271264076,1,8
786,12334,0.0713304728269577,2,8
787,12334,0.08709584921598434,3,8
788,12334,0.10231759399175644,4,8
789,12334,0.11808297783136368,5,8
790,12334,0.13384835422039032,6,8
791,12334,0.14961373805999756,7,8
792,12416,0.041974250227212906,0,8
793,12416,0.059370528906583786,1,8
794,12416,0.07513590902090073,2,8
795,12416,0.08981402218341827,3,8
796,12416,0.10286123305559158,4,8
797,12416,0.11753933876752853,5,8
798,12416,0.13058654963970184,6,8
799,12416,0.14961373805999756,7,8
800,12417,0.040886979550123215,0,8
801,12417,0.05556509271264076,1,8
802,12417,0.07024320214986801,2,8
803,12417,0.0865522176027298,3,8
804,12417,0.10123033076524734,4,8
805,12417,0.11753933876752853,5,8
806,12417,0.13221745193004608,6,8
807,12417,0.14852645993232727,7,8
808,12421,0.04034334793686867,0,8
809,12421,0.05610872805118561,1,8
810,12421,0.07187410444021225,2,8
811,12421,0.08709584921598434,3,8
812,12421,0.10286123305559158,4,8
813,12421,0.11808297783136368,5,8
814,12421,0.13384835422039032,6,8
815,12421,0.14961373805999756,7,8
816,12424,0.04034334793686867,0,8
817,12424,0.05121602118015289,1,8
818,12424,0.06208869814872742,2,8
819,12424,0.07296137511730194,3,8
820,12424,0.08383405208587646,4,8
821,12424,0.09470672160387039,5,8
822,12424,0.10557939857244492,6,8
823,12424,0.11699570715427399,7,8
824,12426,0.04034334793686867,0,8
825,12426,0.05502145737409592,1,8
826,12426,0.06969957053661346,2,8
827,12426,0.08492131531238556,3,8
828,12426,0.0995994284749031,4,8
829,12426,0.1148211732506752,5,8
830,12426,0.12949928641319275,6,8
831,12426,0.14472103118896484,7,8
832,12429,0.04034334793686867,0,8
833,12429,0.05556509271264076,1,8
834,12429,0.07187410444021225,2,8
835,12429,0.08763948827981949,3,8
836,12429,0.10286123305559158,4,8
837,12429,0.11862660944461823,5,8
838,12429,0.13384835422039032,6,8
839,12429,0.14961373805999756,7,8
840,12434,0.04034334793686867,0,8
841,12434,0.05556509271264076,1,8
842,12434,0.0713304728269577,2,8
843,12434,0.08709584921598434,3,8
844,12434,0.10231759399175644,4,8
845,12434,0.11808297783136368,5,8
846,12434,0.13384835422039032,6,8
847,12434,0.14961373805999756,7,8
848,12442,0.04034334793686867,0,8
849,12442,0.05556509271264076,1,8
850,12442,0.07187410444021225,2,8
851,12442,0.08709584921598434,3,8
852,12442,0.10286123305559158,4,8
853,12442,0.11808297783136368,5,8
854,12442,0.13384835422039032,6,8
855,12442,0.14961373805999756,7,8
856,12444,0.04034334793686867,0,8
857,12444,0.05556509271264076,1,8
858,12444,0.0713304728269577,2,8
859,12444,0.08709584921598434,3,8
860,12444,0.10231759399175644,4,8
861,12444,0.11808297783136368,5,8
862,12444,0.13384835422039032,6,8
863,12444,0.14961373805999756,7,8
864,12447,0.04034334793686867,0,8
865,12447,0.05556509271264076,1,8
866,12447,0.07187410444021225,2,8
867,12447,0.08709584921598434,3,8
868,12447,0.10286123305559158,4,8
869,12447,0.11808297783136368,5,8
870,12447,0.13384835422039032,6,8
871,12447,0.14961373805999756,7,8
872,12448,0.04034334793686867,0,8
873,12448,0.05556509271264076,1,8
874,12448,0.0713304728269577,2,8
875,12448,0.08709584921598434,3,8
876,12448,0.10231759399175644,4,8
877,12448,0.11808297783136368,5,8
878,12448,0.13384835422039032,6,8
879,12448,0.14961373805999756,7,8
880,12451,0.04034334793686867,0,8
881,12451,0.05556509271264076,1,8
882,12451,0.07187410444021225,2,8
883,12451,0.08709584921598434,3,8
884,12451,0.10286123305559158,4,8
885,12451,0.11808297783136368,5,8
886,12451,0.13384835422039032,6,8
887,12451,0.14961373805999756,7,8
888,12465,0.04034334793686867,0,8
889,12465,0.05447782576084137,1,8
890,12465,0.06861229985952377,2,8
891,12465,0.08274678140878677,3,8
892,12465,0.09742489457130432,4,8
893,12465,0.11155936866998672,5,8
894,12465,0.12569384276866913,6,8
895,12465,0.1420028656721115,7,8
896,12480,0.04034334793686867,0,8
897,12480,0.05502145737409592,1,8
898,12480,0.06969957053661346,2,8
899,12480,0.08437768369913101,3,8
900,12480,0.09905579686164856,4,8
901,12480,0.11373390257358551,5,8
902,12480,0.12841202318668365,6,8
903,12480,0.14798283576965332,7,8
904,12489,0.04034334793686867,0,8
905,12489,0.05556509271264076,1,8
906,12489,0.0713304728269577,2,8
907,12489,0.08709584921598434,3,8
908,12489,0.10231759399175644,4,8
909,12489,0.11808297783136368,5,8
910,12489,0.13384835422039032,6,8
911,12489,0.14961373805999756,7,8
912,12491,0.04034334793686867,0,8
913,12491,0.05556509271264076,1,8
914,12491,0.0713304728269577,2,8
915,12491,0.08709584921598434,3,8
916,12491,0.10231759399175644,4,8
917,12491,0.11808297783136368,5,8
918,12491,0.13384835422039032,6,8
919,12491,0.14961373805999756,7,8
920,12492,0.04034334793686867,0,8
921,12492,0.05556509271264076,1,8
922,12492,0.0713304728269577,2,8
923,12492,0.08709584921598434,3,8
924,12492,0.10286123305559158,4,8
925,12492,0.11808297783136368,5,8
926,12492,0.13384835422039032,6,8
927,12492,0.14961373805999756,7,8
928,12494,0.04034334793686867,0,8
929,12494,0.05556509271264076,1,8
930,12494,0.0713304728269577,2,8
931,12494,0.08709584921598434,3,8
932,12494,0.10231759399175644,4,8
933,12494,0.11808297783136368,5,8
934,12494,0.13384835422039032,6,8
935,12494,0.14961373805999756,7,8
936,12500,0.04034334793686867,0,8
937,12500,0.05556509271264076,1,8
938,12500,0.0713304728269577,2,8
939,12500,0.08709584921598434,3,8
940,12500,0.10286123305559158,4,8
941,12500,0.11808297783136368,5,8
942,12500,0.13384835422039032,6,8
943,12500,0.14961373805999756,7,8
944,12503,0.04034334793686867,0,8
945,12503,0.05556509271264076,1,8
946,12503,0.07078684121370316,2,8
947,12503,0.08763948827981949,3,8
948,12503,0.10286123305559158,4,8
949,12503,0.11862660944461823,5,8
950,12503,0.13384835422039032,6,8
951,12503,0.14961373805999756,7,8
952,12511,0.04034334793686867,0,8
953,12511,0.05556509271264076,1,8
954,12511,0.0713304728269577,2,8
955,12511,0.08709584921598434,3,8
956,12511,0.10231759399175644,4,8
957,12511,0.11808297783136368,5,8
958,12511,0.13384835422039032,6,8
959,12511,0.14961373805999756,7,8
960,12513,0.04034334793686867,0,8
961,12513,0.05556509271264076,1,8
962,12513,0.0713304728269577,2,8
963,12513,0.08709584921598434,3,8
964,12513,0.10231759399175644,4,8
965,12513,0.11808297783136368,5,8
966,12513,0.13384835422039032,6,8
967,12513,0.14961373805999756,7,8
968,12514,0.04034334793686867,0,8
969,12514,0.053934190422296524,1,8
970,12514,0.06752503663301468,2,8
971,12514,0.08111587911844254,3,8
972,12514,0.09470672160387039,4,8
973,12514,0.10829757153987885,5,8
974,12514,0.1218884140253067,6,8
975,12514,0.13547925651073456,7,8
976,12516,0.04034334793686867,0,8
977,12516,0.05556509271264076,1,8
978,12516,0.0713304728269577,2,8
979,12516,0.08709584921598434,3,8
980,12516,0.10231759399175644,4,8
981,12516,0.11808297783136368,5,8
982,12516,0.13384835422039032,6,8
983,12516,0.14961373805999756,7,8
984,12519,0.04034334793686867,0,8
985,12519,0.05556509271264076,1,8
986,12519,0.07187410444021225,2,8
987,12519,0.08709584921598434,3,8
988,12519,0.10286123305559158,4,8
989,12519,0.11808297783136368,5,8
990,12519,0.13384835422039032,6,8
991,12519,0.14961373805999756,7,8
992,12522,0.04034334793686867,0,8
993,12522,0.05556509271264076,1,8
994,12522,0.07187410444021225,2,8
995,12522,0.08709584921598434,3,8
996,12522,0.10286123305559158,4,8
997,12522,0.11808297783136368,5,8
998,12522,0.13384835422039032,6,8
999,12522,0.14961373805999756,7,8
1000,12525,0.04034334793686867,0,8
1001,12525,0.05556509271264076,1,8
1002,12525,0.07187410444021225,2,8
1003,12525,0.08709584921598434,3,8
1004,12525,0.10286123305559158,4,8
1005,12525,0.11808297783136368,5,8
1006,12525,0.13384835422039032,6,8
1007,12525,0.14961373805999756,7,8
1008,12656,0.04034334793686867,0,8
1009,12656,0.05556509271264076,1,8
1010,12656,0.0713304728269577,2,8
1011,12656,0.08709584921598434,3,8
1012,12656,0.10231759399175644,4,8
1013,12656,0.11808297783136368,5,8
1014,12656,0.13384835422039032,6,8
1015,12656,0.14961373805999756,7,8
1016,12770,0.04034334793686867,0,8
1017,12770,0.05556509271264076,1,8
1018,12770,0.0713304728269577,2,8
1019,12770,0.08709584921598434,3,8
1020,12770,0.10231759399175644,4,8
1021,12770,0.11808297783136368,5,8
1022,12770,0.13384835422039032,6,8
1023,12770,0.14961373805999756,7,8
1024,12839,0.04034334793686867,0,8
1025,12839,0.05556509271264076,1,8
1026,12839,0.07187410444021225,2,8
1027,12839,0.08818311989307404,3,8
1028,12839,0.10340486466884613,4,8
1029,12839,0.11862660944461823,5,8
1030,12839,0.13384835422039032,6,8
1031,12839,0.14961373805999756,7,8
1032,12847,0.04034334793686867,0,8
1033,12847,0.05556509271264076,1,8
1034,12847,0.07024320214986801,2,8
1035,12847,0.08600858598947525,3,8
1036,12847,0.1006866917014122,4,8
1037,12847,0.11590844392776489,5,8
1038,12847,0.13058654963970184,6,8
1039,12847,0.1452646702528,7,8
1040,12855,0.04034334793686867,0,8
1041,12855,0.05556509271264076,1,8
1042,12855,0.0713304728269577,2,8
1043,12855,0.08709584921598434,3,8
1044,12855,0.10231759399175644,4,8
1045,12855,0.11808297783136368,5,8
1046,12855,0.13384835422039032,6,8
1047,12855,0.14961373805999756,7,8
1048,12857,0.04034334793686867,0,8
1049,12857,0.05556509271264076,1,8
1050,12857,0.0713304728269577,2,8
1051,12857,0.08709584921598434,3,8
1052,12857,0.10231759399175644,4,8
1053,12857,0.11808297783136368,5,8
1054,12857,0.13384835422039032,6,8
1055,12857,0.14961373805999756,7,8
1056,12866,0.04034334793686867,0,8
1057,12866,0.05610872805118561,1,8
1058,12866,0.07187410444021225,2,8
1059,12866,0.08763948827981949,3,8
1060,12866,0.10286123305559158,4,8
1061,12866,0.11862660944461823,5,8
1062,12866,0.13384835422039032,6,8
1063,12866,0.14961373805999756,7,8
1064,12867,0.04034334793686867,0,8
1065,12867,0.05610872805118561,1,8
1066,12867,0.0724177360534668,2,8
1067,12867,0.08763948827981949,3,8
1068,12867,0.10286123305559158,4,8
1069,12867,0.11808297783136368,5,8
1070,12867,0.13384835422039032,6,8
1071,12867,0.14961373805999756,7,8
1072,12871,0.04034334793686867,0,8
1073,12871,0.05502145737409592,1,8
1074,12871,0.06969957053661346,2,8
1075,12871,0.08437768369913101,3,8
1076,12871,0.0995994284749031,4,8
1077,12871,0.11427754163742065,5,8
1078,12871,0.1289556473493576,6,8
1079,12871,0.1441773921251297,7,8
1080,13116,0.04034334793686867,0,8
1081,13116,0.05610872805118561,1,8
1082,13116,0.0713304728269577,2,8
1083,13116,0.08709584921598434,3,8
1084,13116,0.10340486466884613,4,8
1085,13116,0.11862660944461823,5,8
1086,13116,0.13384835422039032,6,8
1087,13116,0.14961373805999756,7,8
1088,13130,0.04034334793686867,0,8
1089,13130,0.05447782576084137,1,8
1090,13130,0.06861229985952377,2,8
1091,13130,0.08274678140878677,3,8
1092,13130,0.09688125550746918,4,8
1093,13130,0.11101573705673218,5,8
1094,13130,0.12515021860599518,6,8
1095,13130,0.13928468525409698,7,8
1096,13131,0.04034334793686867,0,8
1097,13131,0.05610872805118561,1,8
1098,13131,0.07187410444021225,2,8
1099,13131,0.08709584921598434,3,8
1100,13131,0.10286123305559158,4,8
1101,13131,0.11808297783136368,5,8
1102,13131,0.13384835422039032,6,8
1103,13131,0.14961373805999756,7,8
1104,13132,0.04034334793686867,0,8
1105,13132,0.052303291857242584,1,8
1106,13132,0.06480686366558075,2,8
1107,13132,0.07731044292449951,3,8
1108,13132,0.08981402218341827,4,8
1109,13132,0.10231759399175644,5,8
1110,13132,0.11536480486392975,6,8
1111,13132,0.1278683841228485,7,8
1112,13133,0.04034334793686867,0,8
1113,13133,0.05502145737409592,1,8
1114,13133,0.07024320214986801,2,8
1115,13133,0.0854649469256401,3,8
1116,13133,0.1006866917014122,4,8
1117,13133,0.11590844392776489,5,8
1118,13133,0.131130188703537,6,8
1119,13133,0.14635193347930908,7,8
1120,13134,0.04034334793686867,0,8
1121,13134,0.05284692347049713,1,8
1122,13134,0.0653505027294159,2,8
1123,13134,0.07785407453775406,3,8
1124,13134,0.09090128540992737,4,8
1125,13134,0.10340486466884613,5,8
1126,13134,0.11590844392776489,6,8
1127,13134,0.12841202318668365,7,8
1128,13135,0.04034334793686867,0,8
1129,13135,0.053934190422296524,1,8
1130,13135,0.06752503663301468,2,8
1131,13135,0.08111587911844254,3,8
1132,13135,0.09470672160387039,4,8
1133,13135,0.10829757153987885,5,8
1134,13135,0.1218884140253067,6,8
1135,13135,0.13547925651073456,7,8
1136,13136,0.04034334793686867,0,8
1137,13136,0.05284692347049713,1,8
1138,13136,0.0653505027294159,2,8
1139,13136,0.07785407453775406,3,8
1140,13136,0.09035765379667282,4,8
1141,13136,0.10286123305559158,5,8
1142,13136,0.11536480486392975,6,8
1143,13136,0.1278683841228485,7,8
1144,13137,0.04034334793686867,0,8
1145,13137,0.052303291857242584,1,8
1146,13137,0.06480686366558075,2,8
1147,13137,0.07731044292449951,3,8
1148,13137,0.08981402218341827,4,8
1149,13137,0.10231759399175644,5,8
1150,13137,0.1148211732506752,6,8
1151,13137,0.12732474505901337,7,8
1152,13138,0.04034334793686867,0,8
1153,13138,0.04958512261509895,1,8
1154,13138,0.059370528906583786,2,8
1155,13138,0.06915593892335892,3,8
1156,13138,0.0783977136015892,4,8
1157,13138,0.08818311989307404,5,8
1158,13138,0.09796852618455887,6,8
1159,13138,0.1077539324760437,7,8
1160,13182,0.04034334793686867,0,8
1161,13182,0.05556509271264076,1,8
1162,13182,0.0713304728269577,2,8
1163,13182,0.08709584921598434,3,8
1164,13182,0.10231759399175644,4,8
1165,13182,0.11808297783136368,5,8
1166,13182,0.13384835422039032,6,8
1167,13182,0.14961373805999756,7,8
1168,13193,0.04034334793686867,0,8
1169,13193,0.05121602118015289,1,8
1170,13193,0.06263232976198196,2,8
1171,13193,0.07350500673055649,3,8
1172,13193,0.08492131531238556,4,8
1173,13193,0.09579399228096008,5,8
1174,13193,0.1066666692495346,6,8
1175,13193,0.12134477496147156,7,8
1176,13253,0.04034334793686867,0,8
1177,13253,0.05556509271264076,1,8
1178,13253,0.0713304728269577,2,8
1179,13253,0.08709584921598434,3,8
1180,13253,0.10231759399175644,4,8
1181,13253,0.11808297783136368,5,8
1182,13253,0.13384835422039032,6,8
1183,13253,0.14961373805999756,7,8
1184,13259,0.04034334793686867,0,8
1185,13259,0.05556509271264076,1,8
1186,13259,0.0713304728269577,2,8
1187,13259,0.08709584921598434,3,8
1188,13259,0.10231759399175644,4,8
1189,13259,0.11808297783136368,5,8
1190,13259,0.13384835422039032,6,8
1191,13259,0.14961373805999756,7,8
1192,13307,0.040886979550123215,0,8
1193,13307,0.06589413434267044,1,8
1194,13307,0.08437768369913101,2,8
1195,13307,0.09742489457130432,3,8
1196,13307,0.11101573705673218,4,8
1197,13307,0.12351931631565094,5,8
1198,13307,0.13656651973724365,6,8
1199,13307,0.14961373805999756,7,8
1200,13320,0.040886979550123215,0,8
1201,13320,0.05610872805118561,1,8
1202,13320,0.0713304728269577,2,8
1203,13320,0.08709584921598434,3,8
1204,13320,0.10231759399175644,4,8
1205,13320,0.11808297783136368,5,8
1206,13320,0.13384835422039032,6,8
1207,13320,0.14961373805999756,7,8
1208,13321,0.04034334793686867,0,8
1209,13321,0.05556509271264076,1,8
1210,13321,0.0713304728269577,2,8
1211,13321,0.08709584921598434,3,8
1212,13321,0.10231759399175644,4,8
1213,13321,0.11808297783136368,5,8
1214,13321,0.13384835422039032,6,8
1215,13321,0.14961373805999756,7,8
1216,13322,0.04034334793686867,0,8
1217,13322,0.05556509271264076,1,8
1218,13322,0.0713304728269577,2,8
1219,13322,0.08709584921598434,3,8
1220,13322,0.10286123305559158,4,8
1221,13322,0.11808297783136368,5,8
1222,13322,0.13384835422039032,6,8
1223,13322,0.14961373805999756,7,8
1224,13323,0.040886979550123215,0,8
1225,13323,0.05773962661623955,1,8
1226,13323,0.07296137511730194,2,8
1227,13323,0.08818311989307404,3,8
1228,13323,0.10340486466884613,4,8
1229,13323,0.11862660944461823,5,8
1230,13323,0.13439199328422546,6,8
1231,13323,0.14961373805999756,7,8
1232,13324,0.04034334793686867,0,8
1233,13324,0.05556509271264076,1,8
1234,13324,0.0713304728269577,2,8
1235,13324,0.08709584921598434,3,8
1236,13324,0.10231759399175644,4,8
1237,13324,0.11808297783136368,5,8
1238,13324,0.13384835422039032,6,8
1239,13324,0.14961373805999756,7,8
1240,13326,0.04034334793686867,0,8
1241,13326,0.05556509271264076,1,8
1242,13326,0.0713304728269577,2,8
1243,13326,0.08709584921598434,3,8
1244,13326,0.10286123305559158,4,8
1245,13326,0.11808297783136368,5,8
1246,13326,0.13384835422039032,6,8
1247,13326,0.14961373805999756,7,8
1248,13327,0.04034334793686867,0,8
1249,13327,0.052303291857242584,1,8
1250,13327,0.0642632320523262,2,8
1251,13327,0.07622317224740982,3,8
1252,13327,0.08818311989307404,4,8
1253,13327,0.10014306008815765,5,8
1254,13327,0.11210300773382187,6,8
1255,13327,0.12406294792890549,7,8
1256,13336,0.040886979550123215,0,8
1257,13336,0.06698140501976013,1,8
1258,13336,0.08057224750518799,2,8
1259,13336,0.09416308999061584,3,8
1260,13336,0.10829757153987885,4,8
1261,13336,0.1218884140253067,5,8
1262,13336,0.13547925651073456,6,8
1263,13336,0.14961373805999756,7,8
1264,13339,0.04034334793686867,0,8
1265,13339,0.05556509271264076,1,8
1266,13339,0.0713304728269577,2,8
1267,13339,0.08709584921598434,3,8
1268,13339,0.10231759399175644,4,8
1269,13339,0.11808297783136368,5,8
1270,13339,0.13384835422039032,6,8
1271,13339,0.14961373805999756,7,8
1272,13342,0.04034334793686867,0,8
1273,13342,0.05556509271264076,1,8
1274,13342,0.07187410444021225,2,8
1275,13342,0.08709584921598434,3,8
1276,13342,0.10286123305559158,4,8
1277,13342,0.11808297783136368,5,8
1278,13342,0.13384835422039032,6,8
1279,13342,0.14961373805999756,7,8
1280,13345,0.04034334793686867,0,8
1281,13345,0.05610872805118561,1,8
1282,13345,0.0713304728269577,2,8
1283,13345,0.08709584921598434,3,8
1284,13345,0.10231759399175644,4,8
1285,13345,0.11808297783136368,5,8
1286,13345,0.13330471515655518,6,8
1287,13345,0.14907009899616241,7,8
1288,13347,0.040886979550123215,0,8
1289,13347,0.06698140501976013,1,8
1290,13347,0.08329041302204132,2,8
1291,13347,0.09633762389421463,3,8
1292,13347,0.10992846637964249,4,8
1293,13347,0.1229756772518158,5,8
1294,13347,0.1360228955745697,6,8
1295,13347,0.14961373805999756,7,8
1296,13365,0.040886979550123215,0,8
1297,13365,0.05773962661623955,1,8
1298,13365,0.07350500673055649,2,8
1299,13365,0.08872675150632858,3,8
1300,13365,0.10394849628210068,4,8
1301,13365,0.11917024105787277,5,8
1302,13365,0.13439199328422546,6,8
1303,13365,0.14961373805999756,7,8
1304,13367,0.040886979550123215,0,8
1305,13367,0.06643776595592499,1,8
1306,13367,0.08220314979553223,2,8
1307,13367,0.09579399228096008,3,8
1308,13367,0.10884120315313339,4,8
1309,13367,0.12243204563856125,5,8
1310,13367,0.1360228955745697,6,8
1311,13367,0.14961373805999756,7,8
1312,13368,0.040886979550123215,0,8
1313,13368,0.059370528906583786,1,8
1314,13368,0.07459227740764618,2,8
1315,13368,0.08927038311958313,3,8
1316,13368,0.10449212789535522,4,8
1317,13368,0.11917024105787277,5,8
1318,13368,0.13439199328422546,6,8
1319,13368,0.14961373805999756,7,8
1320,13379,0.04034334793686867,0,8
1321,13379,0.05556509271264076,1,8
1322,13379,0.0713304728269577,2,8
1323,13379,0.08709584921598434,3,8
1324,13379,0.10231759399175644,4,8
1325,13379,0.11808297783136368,5,8
1326,13379,0.13384835422039032,6,8
1327,13379,0.14961373805999756,7,8
1328,13382,0.04034334793686867,0,8
1329,13382,0.05284692347049713,1,8
1330,13382,0.0653505027294159,2,8
1331,13382,0.0783977136015892,3,8
1332,13382,0.09090128540992737,4,8
1333,13382,0.10394849628210068,5,8
1334,13382,0.11645207554101944,6,8
1335,13382,0.1300429254770279,7,8
1336,13384,0.04034334793686867,0,8
1337,13384,0.05121602118015289,1,8
1338,13384,0.06208869814872742,2,8
1339,13384,0.07296137511730194,3,8
1340,13384,0.08383405208587646,4,8
1341,13384,0.09470672160387039,5,8
1342,13384,0.10557939857244492,6,8
1343,13384,0.11917024105787277,7,8
1344,13394,0.04034334793686867,0,8
1345,13394,0.05556509271264076,1,8
1346,13394,0.07187410444021225,2,8
1347,13394,0.08709584921598434,3,8
1348,13394,0.10286123305559158,4,8
1349,13394,0.11808297783136368,5,8
1350,13394,0.13384835422039032,6,8
1351,13394,0.14961373805999756,7,8
1352,13417,0.040886979550123215,0,8
1353,13417,0.06806866824626923,1,8
1354,13417,0.08165951073169708,2,8
1355,13417,0.09525036066770554,3,8
1356,13417,0.10884120315313339,4,8
1357,13417,0.12243204563856125,5,8
1358,13417,0.1360228955745697,6,8
1359,13417,0.14961373805999756,7,8
1360,13443,0.04034334793686867,0,8
1361,13443,0.05556509271264076,1,8
1362,13443,0.0713304728269577,2,8
1363,13443,0.08709584921598434,3,8
1364,13443,0.10231759399175644,4,8
1365,13443,0.11808297783136368,5,8
1366,13443,0.13384835422039032,6,8
1367,13443,0.14961373805999756,7,8
1368,13448,0.04034334793686867,0,8
1369,13448,0.05556509271264076,1,8
1370,13448,0.0713304728269577,2,8
1371,13448,0.08709584921598434,3,8
1372,13448,0.10286123305559158,4,8
1373,13448,0.11808297783136368,5,8
1374,13448,0.13384835422039032,6,8
1375,13448,0.14961373805999756,7,8
1376,13471,0.04034334793686867,0,8
1377,13471,0.05610872805118561,1,8
1378,13471,0.07187410444021225,2,8
1379,13471,0.08709584921598434,3,8
1380,13471,0.10286123305559158,4,8
1381,13471,0.11808297783136368,5,8
1382,13471,0.13384835422039032,6,8
1383,13471,0.14961373805999756,7,8
1384,13473,0.04034334793686867,0,8
1385,13473,0.05556509271264076,1,8
1386,13473,0.0713304728269577,2,8
1387,13473,0.08709584921598434,3,8
1388,13473,0.10231759399175644,4,8
1389,13473,0.11808297783136368,5,8
1390,13473,0.13384835422039032,6,8
1391,13473,0.14961373805999756,7,8
1392,13509,0.040886979550123215,0,8
1393,13509,0.06698140501976013,1,8
1394,13509,0.08111587911844254,2,8
1395,13509,0.09470672160387039,3,8
1396,13509,0.10829757153987885,4,8
1397,13509,0.1218884140253067,5,8
1398,13509,0.13547925651073456,6,8
1399,13509,0.14961373805999756,7,8
1400,13510,0.040886979550123215,0,8
1401,13510,0.06698140501976013,1,8
1402,13510,0.08274678140878677,2,8
1403,13510,0.09579399228096008,3,8
1404,13510,0.10938483476638794,4,8
1405,13510,0.12243204563856125,5,8
1406,13510,0.1360228955745697,6,8
1407,13510,0.14961373805999756,7,8
1408,13511,0.040886979550123215,0,8
1409,13511,0.06698140501976013,1,8
1410,13511,0.08274678140878677,2,8
1411,13511,0.09579399228096008,3,8
1412,13511,0.10938483476638794,4,8
1413,13511,0.12243204563856125,5,8
1414,13511,0.1360228955745697,6,8
1415,13511,0.14961373805999756,7,8
1416,13537,0.040886979550123215,0,8
1417,13537,0.06752503663301468,1,8
1418,13537,0.08111587911844254,2,8
1419,13537,0.09470672160387039,3,8
1420,13537,0.10829757153987885,4,8
1421,13537,0.1218884140253067,5,8
1422,13537,0.13547925651073456,6,8
1423,13537,0.14961373805999756,7,8
1424,13560,0.040886979550123215,0,8
1425,13560,0.06589413434267044,1,8
1426,13560,0.08437768369913101,2,8
1427,13560,0.09742489457130432,3,8
1428,13560,0.11047210544347763,4,8
1429,13560,0.12351931631565094,5,8
1430,13560,0.13656651973724365,6,8
1431,13560,0.14961373805999756,7,8
1432,13562,0.040886979550123215,0,8
1433,13562,0.06589413434267044,1,8
1434,13562,0.0794849768280983,2,8
1435,13562,0.09416308999061584,3,8
1436,13562,0.1077539324760437,4,8
1437,13562,0.1218884140253067,5,8
1438,13562,0.13547925651073456,6,8
1439,13562,0.14961373805999756,7,8
1440,13563,0.040886979550123215,0,8
1441,13563,0.061001431196928024,1,8
1442,13563,0.07567954063415527,2,8
1443,13563,0.09090128540992737,3,8
1444,13563,0.10503576695919037,4,8
1445,13563,0.12025751173496246,5,8
1446,13563,0.13493561744689941,6,8
1447,13563,0.14961373805999756,7,8
1448,13564,0.040886979550123215,0,8
1449,13564,0.06589413434267044,1,8
1450,13564,0.08002861589193344,2,8
1451,13564,0.0936194583773613,3,8
1452,13564,0.1077539324760437,4,8
1453,13564,0.12134477496147156,5,8
1454,13564,0.13547925651073456,6,8
1455,13564,0.14961373805999756,7,8
1456,13565,0.040886979550123215,0,8
1457,13565,0.06045779585838318,1,8
1458,13565,0.07513590902090073,2,8
1459,13565,0.08981402218341827,3,8
1460,13565,0.10503576695919037,4,8
1461,13565,0.11971388012170792,5,8
1462,13565,0.13439199328422546,6,8
1463,13565,0.14961373805999756,7,8
1464,13566,0.040886979550123215,0,8
1465,13566,0.06480686366558075,1,8
1466,13566,0.08818311989307404,2,8
1467,13566,0.1006866917014122,3,8
1468,13566,0.11264663934707642,4,8
1469,13566,0.12515021860599518,5,8
1470,13566,0.1371101588010788,6,8
1471,13566,0.14961373805999756,7,8
1472,13567,0.040886979550123215,0,8
1473,13567,0.06698140501976013,1,8
1474,13567,0.08274678140878677,2,8
1475,13567,0.09633762389421463,3,8
1476,13567,0.10938483476638794,4,8
1477,13567,0.1229756772518158,5,8
1478,13567,0.1360228955745697,6,8
1479,13567,0.14961373805999756,7,8
1480,13570,0.040886979550123215,0,8
1481,13570,0.06045779585838318,1,8
1482,13570,0.07513590902090073,2,8
1483,13570,0.08981402218341827,3,8
1484,13570,0.10394849628210068,4,8
1485,13570,0.11917024105787277,5,8
1486,13570,0.13439199328422546,6,8
1487,13570,0.14961373805999756,7,8
1488,13584,0.040886979550123215,0,8
1489,13584,0.06698140501976013,1,8
1490,13584,0.08057224750518799,2,8
1491,13584,0.09416308999061584,3,8
1492,13584,0.10829757153987885,4,8
1493,13584,0.1218884140253067,5,8
1494,13584,0.13547925651073456,6,8
1495,13584,0.14961373805999756,7,8
1496,13585,0.040886979550123215,0,8
1497,13585,0.06480686366558075,1,8
1498,13585,0.07894134521484375,2,8
1499,13585,0.09307581931352615,3,8
1500,13585,0.10721030086278915,4,8
1501,13585,0.12134477496147156,5,8
1502,13585,0.13547925651073456,6,8
1503,13585,0.14961373805999756,7,8
1504,13586,0.040886979550123215,0,8
1505,13586,0.06045779585838318,1,8
1506,13586,0.07513590902090073,2,8
1507,13586,0.08981402218341827,3,8
1508,13586,0.10449212789535522,4,8
1509,13586,0.11917024105787277,5,8
1510,13586,0.13384835422039032,6,8
1511,13586,0.14961373805999756,7,8
1512,13587,0.04034334793686867,0,8
1513,13587,0.05556509271264076,1,8
1514,13587,0.0713304728269577,2,8
1515,13587,0.08709584921598434,3,8
1516,13587,0.10231759399175644,4,8
1517,13587,0.11808297783136368,5,8
1518,13587,0.13384835422039032,6,8
1519,13587,0.14961373805999756,7,8
1520,13588,0.040886979550123215,0,8
1521,13588,0.06698140501976013,1,8
1522,13588,0.08057224750518799,2,8
1523,13588,0.09416308999061584,3,8
1524,13588,0.10829757153987885,4,8
1525,13588,0.1218884140253067,5,8
1526,13588,0.13547925651073456,6,8
1527,13588,0.14961373805999756,7,8
1528,13597,0.04034334793686867,0,8
1529,13597,0.05556509271264076,1,8
1530,13597,0.0713304728269577,2,8
1531,13597,0.08709584921598434,3,8
1532,13597,0.10231759399175644,4,8
1533,13597,0.11808297783136368,5,8
1534,13597,0.13384835422039032,6,8
1535,13597,0.14961373805999756,7,8
1536,13618,0.040886979550123215,0,8
1537,13618,0.06698140501976013,1,8
1538,13618,0.08165951073169708,2,8
1539,13618,0.09525036066770554,3,8
1540,13618,0.10938483476638794,4,8
1541,13618,0.12243204563856125,5,8
1542,13618,0.1360228955745697,6,8
1543,13618,0.14961373805999756,7,8
1544,13619,0.040886979550123215,0,8
1545,13619,0.06589413434267044,1,8
1546,13619,0.08600858598947525,2,8
1547,13619,0.09905579686164856,3,8
1548,13619,0.11155936866998672,4,8
1549,13619,0.12406294792890549,5,8
1550,13619,0.13656651973724365,6,8
1551,13619,0.14961373805999756,7,8
1552,13633,0.04034334793686867,0,8
1553,13633,0.05556509271264076,1,8
1554,13633,0.07078684121370316,2,8
1555,13633,0.08600858598947525,3,8
1556,13633,0.10177396237850189,4,8
1557,13633,0.11699570715427399,5,8
1558,13633,0.13221745193004608,6,8
1559,13633,0.14798283576965332,7,8
1560,13640,0.040886979550123215,0,8
1561,13640,0.06480686366558075,1,8
1562,13640,0.08763948827981949,2,8
1563,13640,0.10014306008815765,3,8
1564,13640,0.11210300773382187,4,8
1565,13640,0.12460657954216003,5,8
1566,13640,0.1371101588010788,6,8
1567,13640,0.14961373805999756,7,8
1568,13642,0.04034334793686867,0,8
1569,13642,0.05556509271264076,1,8
1570,13642,0.0713304728269577,2,8
1571,13642,0.08709584921598434,3,8
1572,13642,0.10231759399175644,4,8
1573,13642,0.11808297783136368,5,8
1574,13642,0.13384835422039032,6,8
1575,13642,0.14961373805999756,7,8
1576,13643,0.040886979550123215,0,8
1577,13643,0.06263232976198196,1,8
1578,13643,0.07731044292449951,2,8
1579,13643,0.09144492447376251,3,8
1580,13643,0.10612303018569946,4,8
1581,13643,0.12025751173496246,5,8
1582,13643,0.13493561744689941,6,8
1583,13643,0.14961373805999756,7,8
1584,13659,0.040886979550123215,0,8
1585,13659,0.05773962661623955,1,8
1586,13659,0.07350500673055649,2,8
1587,13659,0.08872675150632858,3,8
1588,13659,0.10394849628210068,4,8
1589,13659,0.11917024105787277,5,8
1590,13659,0.13439199328422546,6,8
1591,13659,0.14961373805999756,7,8
1592,13661,0.040886979550123215,0,8
1593,13661,0.06480686366558075,1,8
1594,13661,0.07894134521484375,2,8
1595,13661,0.09307581931352615,3,8
1596,13661,0.10721030086278915,4,8
1597,13661,0.12134477496147156,5,8
1598,13661,0.13547925651073456,6,8
1599,13661,0.14961373805999756,7,8
1600,13662,0.040886979550123215,0,8
1601,13662,0.06589413434267044,1,8
1602,13662,0.0865522176027298,2,8
1603,13662,0.09905579686164856,3,8
1604,13662,0.11155936866998672,4,8
1605,13662,0.12406294792890549,5,8
1606,13662,0.13656651973724365,6,8
1607,13662,0.14961373805999756,7,8
1608,13663,0.040886979550123215,0,8
1609,13663,0.06480686366558075,1,8
1610,13663,0.08818311989307404,2,8
1611,13663,0.1006866917014122,3,8
1612,13663,0.11264663934707642,4,8
1613,13663,0.12515021860599518,5,8
1614,13663,0.1371101588010788,6,8
1615,13663,0.14961373805999756,7,8
1616,13664,0.040886979550123215,0,8
1617,13664,0.06480686366558075,1,8
1618,13664,0.08763948827981949,2,8
1619,13664,0.10014306008815765,3,8
1620,13664,0.11210300773382187,4,8
1621,13664,0.12460657954216003,5,8
1622,13664,0.1371101588010788,6,8
1623,13664,0.14961373805999756,7,8
1624,13666,0.04034334793686867,0,8
1625,13666,0.05556509271264076,1,8
1626,13666,0.0713304728269577,2,8
1627,13666,0.08709584921598434,3,8
1628,13666,0.10231759399175644,4,8
1629,13666,0.11808297783136368,5,8
1630,13666,0.13384835422039032,6,8
1631,13666,0.14961373805999756,7,8
1632,13668,0.040886979550123215,0,8
1633,13668,0.06698140501976013,1,8
1634,13668,0.08274678140878677,2,8
1635,13668,0.09579399228096008,3,8
1636,13668,0.10938483476638794,4,8
1637,13668,0.12243204563856125,5,8
1638,13668,0.1360228955745697,6,8
1639,13668,0.14961373805999756,7,8
1640,13669,0.040886979550123215,0,8
1641,13669,0.06480686366558075,1,8
1642,13669,0.08818311989307404,2,8
1643,13669,0.1006866917014122,3,8
1644,13669,0.11264663934707642,4,8
1645,13669,0.12515021860599518,5,8
1646,13669,0.1371101588010788,6,8
1647,13669,0.14961373805999756,7,8
1648,13670,0.040886979550123215,0,8
1649,13670,0.06045779585838318,1,8
1650,13670,0.07567954063415527,2,8
1651,13670,0.09035765379667282,3,8
1652,13670,0.10503576695919037,4,8
1653,13670,0.11971388012170792,5,8
1654,13670,0.13439199328422546,6,8
1655,13670,0.14961373805999756,7,8
1656,13671,0.040886979550123215,0,8
1657,13671,0.06208869814872742,1,8
1658,13671,0.07676681131124496,2,8
1659,13671,0.09144492447376251,3,8
1660,13671,0.10557939857244492,4,8
1661,13671,0.12025751173496246,5,8
1662,13671,0.13493561744689941,6,8
1663,13671,0.14961373805999756,7,8
1664,13672,0.040886979550123215,0,8
1665,13672,0.06480686366558075,1,8
1666,13672,0.08818311989307404,2,8
1667,13672,0.10014306008815765,3,8
1668,13672,0.11264663934707642,4,8
1669,13672,0.12460657954216003,5,8
1670,13672,0.1371101588010788,6,8
1671,13672,0.14961373805999756,7,8
1672,13673,0.040886979550123215,0,8
1673,13673,0.06698140501976013,1,8
1674,13673,0.08220314979553223,2,8
1675,13673,0.09579399228096008,3,8
1676,13673,0.10938483476638794,4,8
1677,13673,0.12243204563856125,5,8
1678,13673,0.1360228955745697,6,8
1679,13673,0.14961373805999756,7,8
1680,13681,0.040886979550123215,0,8
1681,13681,0.05882689729332924,1,8
1682,13681,0.07459227740764618,2,8
1683,13681,0.08927038311958313,3,8
1684,13681,0.10449212789535522,4,8
1685,13681,0.11917024105787277,5,8
1686,13681,0.13439199328422546,6,8
1687,13681,0.14961373805999756,7,8
1688,13683,0.04034334793686867,0,8
1689,13683,0.05556509271264076,1,8
1690,13683,0.0713304728269577,2,8
1691,13683,0.08709584921598434,3,8
1692,13683,0.10231759399175644,4,8
1693,13683,0.11808297783136368,5,8
1694,13683,0.13384835422039032,6,8
1695,13683,0.14961373805999756,7,8
1696,13684,0.04034334793686867,0,8
1697,13684,0.05556509271264076,1,8
1698,13684,0.0713304728269577,2,8
1699,13684,0.08709584921598434,3,8
1700,13684,0.10231759399175644,4,8
1701,13684,0.11808297783136368,5,8
1702,13684,0.13384835422039032,6,8
1703,13684,0.14961373805999756,7,8
1704,13685,0.04034334793686867,0,8
1705,13685,0.05556509271264076,1,8
1706,13685,0.0713304728269577,2,8
1707,13685,0.08709584921598434,3,8
1708,13685,0.10286123305559158,4,8
1709,13685,0.11808297783136368,5,8
1710,13685,0.13384835422039032,6,8
1711,13685,0.14961373805999756,7,8
1712,13686,0.04034334793686867,0,8
1713,13686,0.05556509271264076,1,8
1714,13686,0.0713304728269577,2,8
1715,13686,0.08709584921598434,3,8
1716,13686,0.10231759399175644,4,8
1717,13686,0.11808297783136368,5,8
1718,13686,0.13384835422039032,6,8
1719,13686,0.14961373805999756,7,8
1720,13689,0.040886979550123215,0,8
1721,13689,0.05828326195478439,1,8
1722,13689,0.07350500673055649,2,8
1723,13689,0.08872675150632858,3,8
1724,13689,0.10394849628210068,4,8
1725,13689,0.11917024105787277,5,8
1726,13689,0.13439199328422546,6,8
1727,13689,0.14961373805999756,7,8
1728,13690,0.04034334793686867,0,8
1729,13690,0.05556509271264076,1,8
1730,13690,0.0713304728269577,2,8
1731,13690,0.08709584921598434,3,8
1732,13690,0.10231759399175644,4,8
1733,13690,0.11808297783136368,5,8
1734,13690,0.13384835422039032,6,8
1735,13690,0.14961373805999756,7,8
1736,13691,0.04034334793686867,0,8
1737,13691,0.05556509271264076,1,8
1738,13691,0.0713304728269577,2,8
1739,13691,0.08709584921598434,3,8
1740,13691,0.10231759399175644,4,8
1741,13691,0.11808297783136368,5,8
1742,13691,0.13384835422039032,6,8
1743,13691,0.14961373805999756,7,8
1744,13701,0.040886979550123215,0,8
1745,13701,0.06480686366558075,1,8
1746,13701,0.07894134521484375,2,8
1747,13701,0.0936194583773613,3,8
1748,13701,0.10721030086278915,4,8
1749,13701,0.12134477496147156,5,8
1750,13701,0.13547925651073456,6,8
1751,13701,0.14961373805999756,7,8
1752,13711,0.04034334793686867,0,8
1753,13711,0.05556509271264076,1,8
1754,13711,0.0713304728269577,2,8
1755,13711,0.08709584921598434,3,8
1756,13711,0.10231759399175644,4,8
1757,13711,0.11808297783136368,5,8
1758,13711,0.13384835422039032,6,8
1759,13711,0.14961373805999756,7,8
1760,13720,0.040886979550123215,0,8
1761,13720,0.06371960043907166,1,8
1762,13720,0.07785407453775406,2,8
1763,13720,0.0925321877002716,3,8
1764,13720,0.1066666692495346,4,8
1765,13720,0.12080114334821701,5,8
1766,13720,0.13493561744689941,6,8
1767,13720,0.14961373805999756,7,8
1768,13724,0.04034334793686867,0,8
1769,13724,0.05556509271264076,1,8
1770,13724,0.0713304728269577,2,8
1771,13724,0.08709584921598434,3,8
1772,13724,0.10231759399175644,4,8
1773,13724,0.11808297783136368,5,8
1774,13724,0.13384835422039032,6,8
1775,13724,0.14961373805999756,7,8
1776,13734,0.040886979550123215,0,8
1777,13734,0.06698140501976013,1,8
1778,13734,0.08220314979553223,2,8
1779,13734,0.09579399228096008,3,8
1780,13734,0.10938483476638794,4,8
1781,13734,0.12243204563856125,5,8
1782,13734,0.1360228955745697,6,8
1783,13734,0.14961373805999756,7,8
1784,13735,0.040886979550123215,0,8
1785,13735,0.06698140501976013,1,8
1786,13735,0.08437768369913101,2,8
1787,13735,0.09742489457130432,3,8
1788,13735,0.11047210544347763,4,8
1789,13735,0.12351931631565094,5,8
1790,13735,0.13656651973724365,6,8
1791,13735,0.14961373805999756,7,8
1792,13751,0.040886979550123215,0,8
1793,13751,0.06698140501976013,1,8
1794,13751,0.08220314979553223,2,8
1795,13751,0.09579399228096008,3,8
1796,13751,0.10884120315313339,4,8
1797,13751,0.12243204563856125,5,8
1798,13751,0.1360228955745697,6,8
1799,13751,0.14961373805999756,7,8
1800,13759,0.04034334793686867,0,8
1801,13759,0.05556509271264076,1,8
1802,13759,0.0713304728269577,2,8
1803,13759,0.08709584921598434,3,8
1804,13759,0.10231759399175644,4,8
1805,13759,0.11808297783136368,5,8
1806,13759,0.13384835422039032,6,8
1807,13759,0.14961373805999756,7,8
1808,13760,0.04034334793686867,0,8
1809,13760,0.05556509271264076,1,8
1810,13760,0.07187410444021225,2,8
1811,13760,0.08709584921598434,3,8
1812,13760,0.10286123305559158,4,8
1813,13760,0.11808297783136368,5,8
1814,13760,0.13384835422039032,6,8
1815,13760,0.14961373805999756,7,8
1816,13762,0.04034334793686867,0,8
1817,13762,0.05556509271264076,1,8
1818,13762,0.07187410444021225,2,8
1819,13762,0.08709584921598434,3,8
1820,13762,0.10286123305559158,4,8
1821,13762,0.11808297783136368,5,8
1822,13762,0.13384835422039032,6,8
1823,13762,0.14961373805999756,7,8
1824,13763,0.04034334793686867,0,8
1825,13763,0.05556509271264076,1,8
1826,13763,0.0713304728269577,2,8
1827,13763,0.08709584921598434,3,8
1828,13763,0.10231759399175644,4,8
1829,13763,0.11808297783136368,5,8
1830,13763,0.13384835422039032,6,8
1831,13763,0.14961373805999756,7,8
1832,13764,0.04034334793686867,0,8
1833,13764,0.05556509271264076,1,8
1834,13764,0.0713304728269577,2,8
1835,13764,0.08709584921598434,3,8
1836,13764,0.10231759399175644,4,8
1837,13764,0.11808297783136368,5,8
1838,13764,0.13384835422039032,6,8
1839,13764,0.14961373805999756,7,8
1840,13766,0.040886979550123215,0,8
1841,13766,0.05991416424512863,1,8
1842,13766,0.07459227740764618,2,8
1843,13766,0.08927038311958313,3,8
1844,13766,0.10503576695919037,4,8
1845,13766,0.11971388012170792,5,8
1846,13766,0.13439199328422546,6,8
1847,13766,0.14961373805999756,7,8
1848,13767,0.040886979550123215,0,8
1849,13767,0.061001431196928024,1,8
1850,13767,0.07567954063415527,2,8
1851,13767,0.09035765379667282,3,8
1852,13767,0.10503576695919037,4,8
1853,13767,0.11971388012170792,5,8
1854,13767,0.13439199328422546,6,8
1855,13767,0.14961373805999756,7,8
1856,13778,0.040886979550123215,0,8
1857,13778,0.06752503663301468,1,8
1858,13778,0.08111587911844254,2,8
1859,13778,0.09470672160387039,3,8
1860,13778,0.10829757153987885,4,8
1861,13778,0.1218884140253067,5,8
1862,13778,0.13547925651073456,6,8
1863,13778,0.14961373805999756,7,8
1864,13779,0.040886979550123215,0,8
1865,13779,0.06480686366558075,1,8
1866,13779,0.0865522176027298,2,8
1867,13779,0.10014306008815765,3,8
1868,13779,0.11210300773382187,4,8
1869,13779,0.12460657954216003,5,8
1870,13779,0.1371101588010788,6,8
1871,13779,0.14961373805999756,7,8
1872,13780,0.040886979550123215,0,8
1873,13780,0.06480686366558075,1,8
1874,13780,0.08818311989307404,2,8
1875,13780,0.1006866917014122,3,8
1876,13780,0.11264663934707642,4,8
1877,13780,0.12515021860599518,5,8
1878,13780,0.1371101588010788,6,8
1879,13780,0.14961373805999756,7,8
1880,13781,0.040886979550123215,0,8
1881,13781,0.06589413434267044,1,8
1882,13781,0.08492131531238556,2,8
1883,13781,0.09796852618455887,3,8
1884,13781,0.11047210544347763,4,8
1885,13781,0.12351931631565094,5,8
1886,13781,0.13656651973724365,6,8
1887,13781,0.14961373805999756,7,8
1888,13786,0.040886979550123215,0,8
1889,13786,0.06589413434267044,1,8
1890,13786,0.0854649469256401,2,8
1891,13786,0.09796852618455887,3,8
1892,13786,0.11101573705673218,4,8
1893,13786,0.12351931631565094,5,8
1894,13786,0.13656651973724365,6,8
1895,13786,0.14961373805999756,7,8
1896,13787,0.040886979550123215,0,8
1897,13787,0.06480686366558075,1,8
1898,13787,0.08709584921598434,2,8
1899,13787,0.0995994284749031,3,8
1900,13787,0.11210300773382187,4,8
1901,13787,0.12460657954216003,5,8
1902,13787,0.1371101588010788,6,8
1903,13787,0.14961373805999756,7,8
1904,13789,0.040886979550123215,0,8
1905,13789,0.06589413434267044,1,8
1906,13789,0.08437768369913101,2,8
1907,13789,0.09742489457130432,3,8
1908,13789,0.11047210544347763,4,8
1909,13789,0.12351931631565094,5,8
1910,13789,0.13656651973724365,6,8
1911,13789,0.14961373805999756,7,8
1912,13790,0.040886979550123215,0,8
1913,13790,0.06480686366558075,1,8
1914,13790,0.08709584921598434,2,8
1915,13790,0.10014306008815765,3,8
1916,13790,0.11210300773382187,4,8
1917,13790,0.12460657954216003,5,8
1918,13790,0.1371101588010788,6,8
1919,13790,0.14961373805999756,7,8
1920,13791,0.040886979550123215,0,8
1921,13791,0.06480686366558075,1,8
1922,13791,0.08709584921598434,2,8
1923,13791,0.0995994284749031,3,8
1924,13791,0.11210300773382187,4,8
1925,13791,0.12460657954216003,5,8
1926,13791,0.1371101588010788,6,8
1927,13791,0.14961373805999756,7,8
1928,13792,0.040886979550123215,0,8
1929,13792,0.06589413434267044,1,8
1930,13792,0.0854649469256401,2,8
1931,13792,0.09851215779781342,3,8
1932,13792,0.11101573705673218,4,8
1933,13792,0.12406294792890549,5,8
1934,13792,0.13656651973724365,6,8
1935,13792,0.14961373805999756,7,8
1936,13793,0.040886979550123215,0,8
1937,13793,0.06589413434267044,1,8
1938,13793,0.08492131531238556,2,8
1939,13793,0.09796852618455887,3,8
1940,13793,0.11047210544347763,4,8
1941,13793,0.12351931631565094,5,8
1942,13793,0.13656651973724365,6,8
1943,13793,0.14961373805999756,7,8
1944,13800,0.040886979550123215,0,8
1945,13800,0.06589413434267044,1,8
1946,13800,0.08002861589193344,2,8
1947,13800,0.0936194583773613,3,8
1948,13800,0.1077539324760437,4,8
1949,13800,0.12134477496147156,5,8
1950,13800,0.13547925651073456,6,8
1951,13800,0.14961373805999756,7,8
1952,13808,0.04034334793686867,0,8
1953,13808,0.05556509271264076,1,8
1954,13808,0.0713304728269577,2,8
1955,13808,0.08709584921598434,3,8
1956,13808,0.10231759399175644,4,8
1957,13808,0.11808297783136368,5,8
1958,13808,0.13384835422039032,6,8
1959,13808,0.14961373805999756,7,8
1960,13811,0.04034334793686867,0,8
1961,13811,0.05556509271264076,1,8
1962,13811,0.07187410444021225,2,8
1963,13811,0.08709584921598434,3,8
1964,13811,0.10286123305559158,4,8
1965,13811,0.11808297783136368,5,8
1966,13811,0.13384835422039032,6,8
1967,13811,0.14961373805999756,7,8
1968,13820,0.040886979550123215,0,8
1969,13820,0.06480686366558075,1,8
1970,13820,0.07894134521484375,2,8
1971,13820,0.09307581931352615,3,8
1972,13820,0.10721030086278915,4,8
1973,13820,0.12134477496147156,5,8
1974,13820,0.13547925651073456,6,8
1975,13820,0.14961373805999756,7,8
1976,13821,0.040886979550123215,0,8
1977,13821,0.06589413434267044,1,8
1978,13821,0.08492131531238556,2,8
1979,13821,0.09796852618455887,3,8
1980,13821,0.11047210544347763,4,8
1981,13821,0.12351931631565094,5,8
1982,13821,0.13656651973724365,6,8
1983,13821,0.14961373805999756,7,8
1984,13822,0.040886979550123215,0,8
1985,13822,0.06589413434267044,1,8
1986,13822,0.08437768369913101,2,8
1987,13822,0.09796852618455887,3,8
1988,13822,0.11047210544347763,4,8
1989,13822,0.12351931631565094,5,8
1990,13822,0.13656651973724365,6,8
1991,13822,0.14961373805999756,7,8
1992,13824,0.040886979550123215,0,8
1993,13824,0.06317596882581711,1,8
1994,13824,0.07731044292449951,2,8
1995,13824,0.09144492447376251,3,8
1996,13824,0.1066666692495346,4,8
1997,13824,0.12080114334821701,5,8
1998,13824,0.13493561744689941,6,8
1999,13824,0.14961373805999756,7,8
2000,13825,0.040886979550123215,0,8
2001,13825,0.06371960043907166,1,8
2002,13825,0.07785407453775406,2,8
2003,13825,0.0925321877002716,3,8
2004,13825,0.1066666692495346,4,8
2005,13825,0.12080114334821701,5,8
2006,13825,0.13547925651073456,6,8
2007,13825,0.14961373805999756,7,8
2008,13826,0.040886979550123215,0,8
2009,13826,0.06317596882581711,1,8
2010,13826,0.07731044292449951,2,8
2011,13826,0.09144492447376251,3,8
2012,13826,0.10557939857244492,4,8
2013,13826,0.11971388012170792,5,8
2014,13826,0.13384835422039032,6,8
2015,13826,0.14961373805999756,7,8
2016,13829,0.040886979550123215,0,8
2017,13829,0.06589413434267044,1,8
2018,13829,0.08329041302204132,2,8
2019,13829,0.09688125550746918,3,8
2020,13829,0.10992846637964249,4,8
2021,13829,0.12243204563856125,5,8
2022,13829,0.13656651973724365,6,8
2023,13829,0.14961373805999756,7,8
2024,13830,0.040886979550123215,0,8
2025,13830,0.06698140501976013,1,8
2026,13830,0.08057224750518799,2,8
2027,13830,0.09416308999061584,3,8
2028,13830,0.10721030086278915,4,8
2029,13830,0.12134477496147156,5,8
2030,13830,0.1360228955745697,6,8
2031,13830,0.14961373805999756,7,8
2032,13831,0.04034334793686867,0,8
2033,13831,0.053934190422296524,1,8
2034,13831,0.06752503663301468,2,8
2035,13831,0.08111587911844254,3,8
2036,13831,0.09470672160387039,4,8
2037,13831,0.10829757153987885,5,8
2038,13831,0.1218884140253067,6,8
2039,13831,0.13547925651073456,7,8
2040,13834,0.04034334793686867,0,8
2041,13834,0.05556509271264076,1,8
2042,13834,0.07078684121370316,2,8
2043,13834,0.08600858598947525,3,8
2044,13834,0.10177396237850189,4,8
2045,13834,0.11753933876752853,5,8
2046,13834,0.13276109099388123,6,8
2047,13834,0.14961373805999756,7,8
2048,13852,0.040886979550123215,0,8
2049,13852,0.06208869814872742,1,8
2050,13852,0.07676681131124496,2,8
2051,13852,0.09144492447376251,3,8
2052,13852,0.10557939857244492,4,8
2053,13852,0.12025751173496246,5,8
2054,13852,0.13493561744689941,6,8
2055,13852,0.14961373805999756,7,8
2056,13853,0.040886979550123215,0,8
2057,13853,0.06589413434267044,1,8
2058,13853,0.0854649469256401,2,8
2059,13853,0.09851215779781342,3,8
2060,13853,0.11101573705673218,4,8
2061,13853,0.12406294792890549,5,8
2062,13853,0.13656651973724365,6,8
2063,13853,0.14961373805999756,7,8
2064,13855,0.040886979550123215,0,8
2065,13855,0.06371960043907166,1,8
2066,13855,0.07785407453775406,2,8
2067,13855,0.09198855608701706,3,8
2068,13855,0.10612303018569946,4,8
2069,13855,0.12025751173496246,5,8
2070,13855,0.13547925651073456,6,8
2071,13855,0.14961373805999756,7,8
2072,13857,0.040886979550123215,0,8
2073,13857,0.06317596882581711,1,8
2074,13857,0.07731044292449951,2,8
2075,13857,0.09144492447376251,3,8
2076,13857,0.10612303018569946,4,8
2077,13857,0.12025751173496246,5,8
2078,13857,0.13439199328422546,6,8
2079,13857,0.14961373805999756,7,8
2080,13858,0.040886979550123215,0,8
2081,13858,0.06208869814872742,1,8
2082,13858,0.07676681131124496,2,8
2083,13858,0.09090128540992737,3,8
2084,13858,0.10557939857244492,4,8
2085,13858,0.11971388012170792,5,8
2086,13858,0.13439199328422546,6,8
2087,13858,0.14961373805999756,7,8
2088,13859,0.040886979550123215,0,8
2089,13859,0.06589413434267044,1,8
2090,13859,0.0794849768280983,2,8
2091,13859,0.09307581931352615,3,8
2092,13859,0.1066666692495346,4,8
2093,13859,0.12025751173496246,5,8
2094,13859,0.13493561744689941,6,8
2095,13859,0.14961373805999756,7,8
2096,13860,0.040886979550123215,0,8
2097,13860,0.06317596882581711,1,8
2098,13860,0.07731044292449951,2,8
2099,13860,0.09144492447376251,3,8
2100,13860,0.10557939857244492,4,8
2101,13860,0.11971388012170792,5,8
2102,13860,0.13384835422039032,6,8
2103,13860,0.14961373805999756,7,8
2104,13861,0.040886979550123215,0,8
2105,13861,0.06208869814872742,1,8
2106,13861,0.07676681131124496,2,8
2107,13861,0.09144492447376251,3,8
2108,13861,0.10612303018569946,4,8
2109,13861,0.12025751173496246,5,8
2110,13861,0.13493561744689941,6,8
2111,13861,0.14961373805999756,7,8
2112,13866,0.040886979550123215,0,8
2113,13866,0.06208869814872742,1,8
2114,13866,0.07676681131124496,2,8
2115,13866,0.09144492447376251,3,8
2116,13866,0.10557939857244492,4,8
2117,13866,0.12025751173496246,5,8
2118,13866,0.13493561744689941,6,8
2119,13866,0.14961373805999756,7,8
2120,13872,0.040886979550123215,0,8
2121,13872,0.06208869814872742,1,8
2122,13872,0.07676681131124496,2,8
2123,13872,0.09144492447376251,3,8
2124,13872,0.10557939857244492,4,8
2125,13872,0.12025751173496246,5,8
2126,13872,0.13493561744689941,6,8
2127,13872,0.14961373805999756,7,8
2128,13879,0.040886979550123215,0,8
2129,13879,0.05610872805118561,1,8
2130,13879,0.07187410444021225,2,8
2131,13879,0.08709584921598434,3,8
2132,13879,0.10286123305559158,4,8
2133,13879,0.11808297783136368,5,8
2134,13879,0.13384835422039032,6,8
2135,13879,0.14961373805999756,7,8
2136,13880,0.040886979550123215,0,8
2137,13880,0.06589413434267044,1,8
2138,13880,0.08002861589193344,2,8
2139,13880,0.0936194583773613,3,8
2140,13880,0.1077539324760437,4,8
2141,13880,0.12134477496147156,5,8
2142,13880,0.13547925651073456,6,8
2143,13880,0.14961373805999756,7,8
2144,13883,0.04034334793686867,0,8
2145,13883,0.05556509271264076,1,8
2146,13883,0.0713304728269577,2,8
2147,13883,0.08709584921598434,3,8
2148,13883,0.10231759399175644,4,8
2149,13883,0.11808297783136368,5,8
2150,13883,0.13384835422039032,6,8
2151,13883,0.14961373805999756,7,8
2152,13884,0.04034334793686867,0,8
2153,13884,0.05556509271264076,1,8
2154,13884,0.0713304728269577,2,8
2155,13884,0.08709584921598434,3,8
2156,13884,0.10231759399175644,4,8
2157,13884,0.11808297783136368,5,8
2158,13884,0.13384835422039032,6,8
2159,13884,0.14961373805999756,7,8
2160,13888,0.04034334793686867,0,8
2161,13888,0.05556509271264076,1,8
2162,13888,0.0713304728269577,2,8
2163,13888,0.08709584921598434,3,8
2164,13888,0.10231759399175644,4,8
2165,13888,0.11808297783136368,5,8
2166,13888,0.13384835422039032,6,8
2167,13888,0.14961373805999756,7,8
2168,13889,0.040886979550123215,0,8
2169,13889,0.06698140501976013,1,8
2170,13889,0.08220314979553223,2,8
2171,13889,0.09579399228096008,3,8
2172,13889,0.10884120315313339,4,8
2173,13889,0.12243204563856125,5,8
2174,13889,0.1360228955745697,6,8
2175,13889,0.14961373805999756,7,8
2176,13890,0.04034334793686867,0,8
2177,13890,0.05556509271264076,1,8
2178,13890,0.0713304728269577,2,8
2179,13890,0.08709584921598434,3,8
2180,13890,0.10231759399175644,4,8
2181,13890,0.11808297783136368,5,8
2182,13890,0.13384835422039032,6,8
2183,13890,0.14961373805999756,7,8
2184,13899,0.040886979550123215,0,8
2185,13899,0.05773962661623955,1,8
2186,13899,0.07296137511730194,2,8
2187,13899,0.08818311989307404,3,8
2188,13899,0.10340486466884613,4,8
2189,13899,0.11862660944461823,5,8
2190,13899,0.13384835422039032,6,8
2191,13899,0.14961373805999756,7,8
2192,13902,0.040886979550123215,0,8
2193,13902,0.06208869814872742,1,8
2194,13902,0.07676681131124496,2,8
2195,13902,0.09144492447376251,3,8
2196,13902,0.10557939857244492,4,8
2197,13902,0.12025751173496246,5,8
2198,13902,0.13493561744689941,6,8
2199,13902,0.14961373805999756,7,8
2200,13903,0.040886979550123215,0,8
2201,13903,0.06698140501976013,1,8
2202,13903,0.08329041302204132,2,8
2203,13903,0.09633762389421463,3,8
2204,13903,0.10992846637964249,4,8
2205,13903,0.1229756772518158,5,8
2206,13903,0.1360228955745697,6,8
2207,13903,0.14961373805999756,7,8
2208,13904,0.040886979550123215,0,8
2209,13904,0.06752503663301468,1,8
2210,13904,0.08111587911844254,2,8
2211,13904,0.09470672160387039,3,8
2212,13904,0.10829757153987885,4,8
2213,13904,0.1218884140253067,5,8
2214,13904,0.13547925651073456,6,8
2215,13904,0.14961373805999756,7,8
2216,13905,0.040886979550123215,0,8
2217,13905,0.06208869814872742,1,8
2218,13905,0.07676681131124496,2,8
2219,13905,0.09090128540992737,3,8
2220,13905,0.10557939857244492,4,8
2221,13905,0.11971388012170792,5,8
2222,13905,0.13439199328422546,6,8
2223,13905,0.14961373805999756,7,8
2224,13906,0.040886979550123215,0,8
2225,13906,0.06698140501976013,1,8
2226,13906,0.08165951073169708,2,8
2227,13906,0.09525036066770554,3,8
2228,13906,0.10884120315313339,4,8
2229,13906,0.12243204563856125,5,8
2230,13906,0.1360228955745697,6,8
2231,13906,0.14961373805999756,7,8
2232,13913,0.04034334793686867,0,8
2233,13913,0.05556509271264076,1,8
2234,13913,0.0713304728269577,2,8
2235,13913,0.08709584921598434,3,8
2236,13913,0.10231759399175644,4,8
2237,13913,0.11808297783136368,5,8
2238,13913,0.13384835422039032,6,8
2239,13913,0.14961373805999756,7,8
2240,13916,0.040886979550123215,0,8
2241,13916,0.05991416424512863,1,8
2242,13916,0.07459227740764618,2,8
2243,13916,0.08981402218341827,3,8
2244,13916,0.10449212789535522,4,8
2245,13916,0.11971388012170792,5,8
2246,13916,0.13439199328422546,6,8
2247,13916,0.14961373805999756,7,8
2248,13923,0.04034334793686867,0,8
2249,13923,0.05556509271264076,1,8
2250,13923,0.07187410444021225,2,8
2251,13923,0.08709584921598434,3,8
2252,13923,0.10286123305559158,4,8
2253,13923,0.11808297783136368,5,8
2254,13923,0.13384835422039032,6,8
2255,13923,0.14961373805999756,7,8
2256,14048,0.04034334793686867,0,8
2257,14048,0.05556509271264076,1,8
2258,14048,0.0713304728269577,2,8
2259,14048,0.08709584921598434,3,8
2260,14048,0.10231759399175644,4,8
2261,14048,0.11808297783136368,5,8
2262,14048,0.13384835422039032,6,8
2263,14048,0.14961373805999756,7,8
2264,14051,0.040886979550123215,0,8
2265,14051,0.061001431196928024,1,8
2266,14051,0.07567954063415527,2,8
2267,14051,0.09035765379667282,3,8
2268,14051,0.10503576695919037,4,8
2269,14051,0.11971388012170792,5,8
2270,14051,0.13439199328422546,6,8
2271,14051,0.14961373805999756,7,8
2272,14160,0.040886979550123215,0,8
2273,14160,0.06589413434267044,1,8
2274,14160,0.0854649469256401,2,8
2275,14160,0.09796852618455887,3,8
2276,14160,0.11101573705673218,4,8
2277,14160,0.12351931631565094,5,8
2278,14160,0.13656651973724365,6,8
2279,14160,0.14961373805999756,7,8
2280,14193,0.04034334793686867,0,8
2281,14193,0.05556509271264076,1,8
2282,14193,0.0713304728269577,2,8
2283,14193,0.08709584921598434,3,8
2284,14193,0.10231759399175644,4,8
2285,14193,0.11808297783136368,5,8
2286,14193,0.13384835422039032,6,8
2287,14193,0.14961373805999756,7,8
2288,14194,0.040886979550123215,0,8
2289,14194,0.06371960043907166,1,8
2290,14194,0.07785407453775406,2,8
2291,14194,0.09198855608701706,3,8
2292,14194,0.1066666692495346,4,8
2293,14194,0.12080114334821701,5,8
2294,14194,0.13493561744689941,6,8
2295,14194,0.14961373805999756,7,8
2296,14238,0.040886979550123215,0,8
2297,14238,0.06480686366558075,1,8
2298,14238,0.07894134521484375,2,8
2299,14238,0.09307581931352615,3,8
2300,14238,0.10721030086278915,4,8
2301,14238,0.12134477496147156,5,8
2302,14238,0.13547925651073456,6,8
2303,14238,0.14961373805999756,7,8
2304,14239,0.040886979550123215,0,8
2305,14239,0.0642632320523262,1,8
2306,14239,0.07894134521484375,2,8
2307,14239,0.09307581931352615,3,8
2308,14239,0.10721030086278915,4,8
2309,14239,0.12134477496147156,5,8
2310,14239,0.13547925651073456,6,8
2311,14239,0.14961373805999756,7,8
2312,14241,0.04034334793686867,0,8
2313,14241,0.05556509271264076,1,8
2314,14241,0.0713304728269577,2,8
2315,14241,0.08709584921598434,3,8
2316,14241,0.10231759399175644,4,8
2317,14241,0.11808297783136368,5,8
2318,14241,0.13384835422039032,6,8
2319,14241,0.14961373805999756,7,8
2320,14257,0.040886979550123215,0,8
2321,14257,0.06263232976198196,1,8
2322,14257,0.07731044292449951,2,8
2323,14257,0.09144492447376251,3,8
2324,14257,0.10612303018569946,4,8
2325,14257,0.12025751173496246,5,8
2326,14257,0.13493561744689941,6,8
2327,14257,0.14961373805999756,7,8
2328,14258,0.040886979550123215,0,8
2329,14258,0.06589413434267044,1,8
2330,14258,0.08492131531238556,2,8
2331,14258,0.09796852618455887,3,8
2332,14258,0.11047210544347763,4,8
2333,14258,0.12351931631565094,5,8
2334,14258,0.13656651973724365,6,8
2335,14258,0.14961373805999756,7,8
2336,14259,0.040886979550123215,0,8
2337,14259,0.06263232976198196,1,8
2338,14259,0.07731044292449951,2,8
2339,14259,0.09144492447376251,3,8
2340,14259,0.10612303018569946,4,8
2341,14259,0.12025751173496246,5,8
2342,14259,0.13493561744689941,6,8
2343,14259,0.14961373805999756,7,8
2344,14260,0.040886979550123215,0,8
2345,14260,0.06263232976198196,1,8
2346,14260,0.07731044292449951,2,8
2347,14260,0.09144492447376251,3,8
2348,14260,0.10612303018569946,4,8
2349,14260,0.12025751173496246,5,8
2350,14260,0.13493561744689941,6,8
2351,14260,0.14961373805999756,7,8
2352,14261,0.040886979550123215,0,8
2353,14261,0.06317596882581711,1,8
2354,14261,0.07731044292449951,2,8
2355,14261,0.09198855608701706,3,8
2356,14261,0.10612303018569946,4,8
2357,14261,0.12080114334821701,5,8
2358,14261,0.13493561744689941,6,8
2359,14261,0.14961373805999756,7,8
2360,14262,0.040886979550123215,0,8
2361,14262,0.06263232976198196,1,8
2362,14262,0.07731044292449951,2,8
2363,14262,0.09144492447376251,3,8
2364,14262,0.10612303018569946,4,8
2365,14262,0.12025751173496246,5,8
2366,14262,0.13493561744689941,6,8
2367,14262,0.14961373805999756,7,8
2368,14270,0.040886979550123215,0,8
2369,14270,0.06698140501976013,1,8
2370,14270,0.08057224750518799,2,8
2371,14270,0.09416308999061584,3,8
2372,14270,0.10829757153987885,4,8
2373,14270,0.1218884140253067,5,8
2374,14270,0.13547925651073456,6,8
2375,14270,0.14961373805999756,7,8
2376,14271,0.040886979550123215,0,8
2377,14271,0.06698140501976013,1,8
2378,14271,0.08274678140878677,2,8
2379,14271,0.09579399228096008,3,8
2380,14271,0.10938483476638794,4,8
2381,14271,0.12243204563856125,5,8
2382,14271,0.1360228955745697,6,8
2383,14271,0.14961373805999756,7,8
2384,14285,0.04034334793686867,0,8
2385,14285,0.05610872805118561,1,8
2386,14285,0.07187410444021225,2,8
2387,14285,0.08709584921598434,3,8
2388,14285,0.10286123305559158,4,8
2389,14285,0.11808297783136368,5,8
2390,14285,0.13384835422039032,6,8
2391,14285,0.14961373805999756,7,8
2392,14286,0.04034334793686867,0,8
2393,14286,0.05556509271264076,1,8
2394,14286,0.0713304728269577,2,8
2395,14286,0.08709584921598434,3,8
2396,14286,0.10231759399175644,4,8
2397,14286,0.11808297783136368,5,8
2398,14286,0.13384835422039032,6,8
2399,14286,0.14961373805999756,7,8
2400,14287,0.04034334793686867,0,8
2401,14287,0.05556509271264076,1,8
2402,14287,0.0713304728269577,2,8
2403,14287,0.08709584921598434,3,8
2404,14287,0.10231759399175644,4,8
2405,14287,0.11808297783136368,5,8
2406,14287,0.13384835422039032,6,8
2407,14287,0.14961373805999756,7,8
2408,14302,0.04034334793686867,0,8
2409,14302,0.05556509271264076,1,8
2410,14302,0.0713304728269577,2,8
2411,14302,0.08709584921598434,3,8
2412,14302,0.10231759399175644,4,8
2413,14302,0.11808297783136368,5,8
2414,14302,0.13384835422039032,6,8
2415,14302,0.14961373805999756,7,8
2416,14303,0.04034334793686867,0,8
2417,14303,0.05556509271264076,1,8
2418,14303,0.0713304728269577,2,8
2419,14303,0.08709584921598434,3,8
2420,14303,0.10231759399175644,4,8
2421,14303,0.11808297783136368,5,8
2422,14303,0.13384835422039032,6,8
2423,14303,0.14961373805999756,7,8
2424,14304,0.04034334793686867,0,8
2425,14304,0.05556509271264076,1,8
2426,14304,0.0713304728269577,2,8
2427,14304,0.08709584921598434,3,8
2428,14304,0.10231759399175644,4,8
2429,14304,0.11808297783136368,5,8
2430,14304,0.13384835422039032,6,8
2431,14304,0.14961373805999756,7,8
2432,14306,0.04034334793686867,0,8
2433,14306,0.05556509271264076,1,8
2434,14306,0.0713304728269577,2,8
2435,14306,0.08709584921598434,3,8
2436,14306,0.10231759399175644,4,8
2437,14306,0.11808297783136368,5,8
2438,14306,0.13384835422039032,6,8
2439,14306,0.14961373805999756,7,8
2440,14307,0.04034334793686867,0,8
2441,14307,0.05556509271264076,1,8
2442,14307,0.0713304728269577,2,8
2443,14307,0.08709584921598434,3,8
2444,14307,0.10286123305559158,4,8
2445,14307,0.11808297783136368,5,8
2446,14307,0.13384835422039032,6,8
2447,14307,0.14961373805999756,7,8
2448,14319,0.040886979550123215,0,8
2449,14319,0.06806866824626923,1,8
2450,14319,0.08165951073169708,2,8
2451,14319,0.09525036066770554,3,8
2452,14319,0.10884120315313339,4,8
2453,14319,0.12243204563856125,5,8
2454,14319,0.1360228955745697,6,8
2455,14319,0.14961373805999756,7,8
2456,14321,0.04034334793686867,0,8
2457,14321,0.056652359664440155,1,8
2458,14321,0.07187410444021225,2,8
2459,14321,0.08763948827981949,3,8
2460,14321,0.10286123305559158,4,8
2461,14321,0.11862660944461823,5,8
2462,14321,0.13384835422039032,6,8
2463,14321,0.14961373805999756,7,8
2464,14346,0.04034334793686867,0,8
2465,14346,0.05556509271264076,1,8
2466,14346,0.0713304728269577,2,8
2467,14346,0.08709584921598434,3,8
2468,14346,0.10231759399175644,4,8
2469,14346,0.11808297783136368,5,8
2470,14346,0.13384835422039032,6,8
2471,14346,0.14961373805999756,7,8
2472,14367,0.040886979550123215,0,8
2473,14367,0.05610872805118561,1,8
2474,14367,0.07187410444021225,2,8
2475,14367,0.08709584921598434,3,8
2476,14367,0.10286123305559158,4,8
2477,14367,0.11808297783136368,5,8
2478,14367,0.13384835422039032,6,8
2479,14367,0.14961373805999756,7,8
2480,14383,0.040886979550123215,0,8
2481,14383,0.06480686366558075,1,8
2482,14383,0.08818311989307404,2,8
2483,14383,0.10014306008815765,3,8
2484,14383,0.11319027096033096,4,8
2485,14383,0.12569384276866913,5,8
2486,14383,0.13765379786491394,6,8
2487,14383,0.14961373805999756,7,8
2488,14391,0.040886979550123215,0,8
2489,14391,0.06480686366558075,1,8
2490,14391,0.08818311989307404,2,8
2491,14391,0.1006866917014122,3,8
2492,14391,0.11264663934707642,4,8
2493,14391,0.12515021860599518,5,8
2494,14391,0.1371101588010788,6,8
2495,14391,0.14961373805999756,7,8
2496,14392,0.040886979550123215,0,8
2497,14392,0.05828326195478439,1,8
2498,14392,0.07350500673055649,2,8
2499,14392,0.08872675150632858,3,8
2500,14392,0.10394849628210068,4,8
2501,14392,0.11917024105787277,5,8
2502,14392,0.13439199328422546,6,8
2503,14392,0.14961373805999756,7,8
2504,14400,0.040886979550123215,0,8
2505,14400,0.05773962661623955,1,8
2506,14400,0.07296137511730194,2,8
2507,14400,0.08818311989307404,3,8
2508,14400,0.10340486466884613,4,8
2509,14400,0.11862660944461823,5,8
2510,14400,0.13384835422039032,6,8
2511,14400,0.14961373805999756,7,8
2512,14402,0.040886979550123215,0,8
2513,14402,0.06698140501976013,1,8
2514,14402,0.08383405208587646,2,8
2515,14402,0.09688125550746918,3,8
2516,14402,0.10992846637964249,4,8
2517,14402,0.1229756772518158,5,8
2518,14402,0.1360228955745697,6,8
2519,14402,0.14961373805999756,7,8
2520,14411,0.040886979550123215,0,8
2521,14411,0.06589413434267044,1,8
2522,14411,0.08002861589193344,2,8
2523,14411,0.0936194583773613,3,8
2524,14411,0.1077539324760437,4,8
2525,14411,0.12134477496147156,5,8
2526,14411,0.13547925651073456,6,8
2527,14411,0.14961373805999756,7,8
2528,14413,0.040886979550123215,0,8
2529,14413,0.06698140501976013,1,8
2530,14413,0.08274678140878677,2,8
2531,14413,0.09633762389421463,3,8
2532,14413,0.10938483476638794,4,8
2533,14413,0.1229756772518158,5,8
2534,14413,0.1360228955745697,6,8
2535,14413,0.14961373805999756,7,8
2536,14423,0.040886979550123215,0,8
2537,14423,0.06698140501976013,1,8
2538,14423,0.08057224750518799,2,8
2539,14423,0.09416308999061584,3,8
2540,14423,0.10829757153987885,4,8
2541,14423,0.1218884140253067,5,8
2542,14423,0.13547925651073456,6,8
2543,14423,0.14961373805999756,7,8
2544,14444,0.040886979550123215,0,8
2545,14444,0.056652359664440155,1,8
2546,14444,0.07187410444021225,2,8
2547,14444,0.08763948827981949,3,8
2548,14444,0.10286123305559158,4,8
2549,14444,0.11862660944461823,5,8
2550,14444,0.13384835422039032,6,8
2551,14444,0.14961373805999756,7,8
2552,14446,0.040886979550123215,0,8
2553,14446,0.06480686366558075,1,8
2554,14446,0.08818311989307404,2,8
2555,14446,0.10014306008815765,3,8
2556,14446,0.11319027096033096,4,8
2557,14446,0.12515021860599518,5,8
2558,14446,0.1371101588010788,6,8
2559,14446,0.14961373805999756,7,8
2560,14457,0.040886979550123215,0,8
2561,14457,0.06698140501976013,1,8
2562,14457,0.08383405208587646,2,8
2563,14457,0.09688125550746918,3,8
2564,14457,0.10992846637964249,4,8
2565,14457,0.1229756772518158,5,8
2566,14457,0.1360228955745697,6,8
2567,14457,0.14961373805999756,7,8
2568,14459,0.04034334793686867,0,8
2569,14459,0.05556509271264076,1,8
2570,14459,0.0713304728269577,2,8
2571,14459,0.08709584921598434,3,8
2572,14459,0.10231759399175644,4,8
2573,14459,0.11808297783136368,5,8
2574,14459,0.13384835422039032,6,8
2575,14459,0.14961373805999756,7,8
2576,14517,0.04034334793686867,0,8
2577,14517,0.05556509271264076,1,8
2578,14517,0.0713304728269577,2,8
2579,14517,0.08709584921598434,3,8
2580,14517,0.10231759399175644,4,8
2581,14517,0.11808297783136368,5,8
2582,14517,0.13384835422039032,6,8
2583,14517,0.14961373805999756,7,8
2584,14518,0.04034334793686867,0,8
2585,14518,0.05556509271264076,1,8
2586,14518,0.0713304728269577,2,8
2587,14518,0.08709584921598434,3,8
2588,14518,0.10231759399175644,4,8
2589,14518,0.11808297783136368,5,8
2590,14518,0.13384835422039032,6,8
2591,14518,0.14961373805999756,7,8
2592,14519,0.04034334793686867,0,8
2593,14519,0.052303291857242584,1,8
2594,14519,0.06480686366558075,2,8
2595,14519,0.07731044292449951,3,8
2596,14519,0.08981402218341827,4,8
2597,14519,0.10231759399175644,5,8
2598,14519,0.1148211732506752,6,8
2599,14519,0.12732474505901337,7,8
2600,14521,0.04034334793686867,0,8
2601,14521,0.05556509271264076,1,8
2602,14521,0.0713304728269577,2,8
2603,14521,0.08709584921598434,3,8
2604,14521,0.10231759399175644,4,8
2605,14521,0.11808297783136368,5,8
2606,14521,0.13384835422039032,6,8
2607,14521,0.14961373805999756,7,8
2608,14522,0.04034334793686867,0,8
2609,14522,0.056652359664440155,1,8
2610,14522,0.07187410444021225,2,8
2611,14522,0.08763948827981949,3,8
2612,14522,0.10286123305559158,4,8
2613,14522,0.11862660944461823,5,8
2614,14522,0.13384835422039032,6,8
2615,14522,0.14961373805999756,7,8
2616,14523,0.04034334793686867,0,8
2617,14523,0.05610872805118561,1,8
2618,14523,0.07187410444021225,2,8
2619,14523,0.08709584921598434,3,8
2620,14523,0.10286123305559158,4,8
2621,14523,0.11808297783136368,5,8
2622,14523,0.13384835422039032,6,8
2623,14523,0.14961373805999756,7,8
2624,14525,0.04034334793686867,0,8
2625,14525,0.05556509271264076,1,8
2626,14525,0.0713304728269577,2,8
2627,14525,0.08709584921598434,3,8
2628,14525,0.10231759399175644,4,8
2629,14525,0.11808297783136368,5,8
2630,14525,0.13384835422039032,6,8
2631,14525,0.14961373805999756,7,8
2632,14530,0.04034334793686867,0,8
2633,14530,0.05556509271264076,1,8
2634,14530,0.0713304728269577,2,8
2635,14530,0.08709584921598434,3,8
2636,14530,0.10231759399175644,4,8
2637,14530,0.11808297783136368,5,8
2638,14530,0.13384835422039032,6,8
2639,14530,0.14961373805999756,7,8
2640,14533,0.04034334793686867,0,8
2641,14533,0.05556509271264076,1,8
2642,14533,0.0713304728269577,2,8
2643,14533,0.08709584921598434,3,8
2644,14533,0.10231759399175644,4,8
2645,14533,0.11808297783136368,5,8
2646,14533,0.13384835422039032,6,8
2647,14533,0.14961373805999756,7,8
2648,14547,0.04034334793686867,0,8
2649,14547,0.05556509271264076,1,8
2650,14547,0.0713304728269577,2,8
2651,14547,0.08709584921598434,3,8
2652,14547,0.10231759399175644,4,8
2653,14547,0.11808297783136368,5,8
2654,14547,0.13384835422039032,6,8
2655,14547,0.14961373805999756,7,8
2656,14548,0.04034334793686867,0,8
2657,14548,0.05556509271264076,1,8
2658,14548,0.0713304728269577,2,8
2659,14548,0.08709584921598434,3,8
2660,14548,0.10231759399175644,4,8
2661,14548,0.11808297783136368,5,8
2662,14548,0.13384835422039032,6,8
2663,14548,0.14961373805999756,7,8
2664,14550,0.04034334793686867,0,8
2665,14550,0.05556509271264076,1,8
2666,14550,0.0713304728269577,2,8
2667,14550,0.08709584921598434,3,8
2668,14550,0.10231759399175644,4,8
2669,14550,0.11808297783136368,5,8
2670,14550,0.13384835422039032,6,8
2671,14550,0.14961373805999756,7,8
2672,14558,0.04034334793686867,0,8
2673,14558,0.05556509271264076,1,8
2674,14558,0.0713304728269577,2,8
2675,14558,0.08709584921598434,3,8
2676,14558,0.10231759399175644,4,8
2677,14558,0.11808297783136368,5,8
2678,14558,0.13384835422039032,6,8
2679,14558,0.14961373805999756,7,8
2680,14561,0.04034334793686867,0,8
2681,14561,0.05556509271264076,1,8
2682,14561,0.0713304728269577,2,8
2683,14561,0.08709584921598434,3,8
2684,14561,0.10231759399175644,4,8
2685,14561,0.11808297783136368,5,8
2686,14561,0.13384835422039032,6,8
2687,14561,0.14961373805999756,7,8
2688,14569,0.040886979550123215,0,8
2689,14569,0.06643776595592499,1,8
2690,14569,0.08002861589193344,2,8
2691,14569,0.09416308999061584,3,8
2692,14569,0.1077539324760437,4,8
2693,14569,0.1218884140253067,5,8
2694,14569,0.13547925651073456,6,8
2695,14569,0.14961373805999756,7,8
2696,14575,0.04034334793686867,0,8
2697,14575,0.05502145737409592,1,8
2698,14575,0.07024320214986801,2,8
2699,14575,0.0854649469256401,3,8
2700,14575,0.1006866917014122,4,8
2701,14575,0.11590844392776489,5,8
2702,14575,0.131130188703537,6,8
2703,14575,0.14635193347930908,7,8
2704,14581,0.04034334793686867,0,8
2705,14581,0.0501287542283535,1,8
2706,14581,0.06045779585838318,2,8
2707,14581,0.07078684121370316,3,8
2708,14581,0.08111587911844254,4,8
2709,14581,0.09144492447376251,5,8
2710,14581,0.10177396237850189,6,8
2711,14581,0.11264663934707642,7,8
2712,14593,0.040886979550123215,0,8
2713,14593,0.06698140501976013,1,8
2714,14593,0.08220314979553223,2,8
2715,14593,0.09579399228096008,3,8
2716,14593,0.10884120315313339,4,8
2717,14593,0.12243204563856125,5,8
2718,14593,0.1360228955745697,6,8
2719,14593,0.14961373805999756,7,8
2720,14600,0.04034334793686867,0,8
2721,14600,0.05556509271264076,1,8
2722,14600,0.0713304728269577,2,8
2723,14600,0.08709584921598434,3,8
2724,14600,0.10231759399175644,4,8
2725,14600,0.11808297783136368,5,8
2726,14600,0.13384835422039032,6,8
2727,14600,0.14961373805999756,7,8
2728,14605,0.040886979550123215,0,8
2729,14605,0.06480686366558075,1,8
2730,14605,0.07894134521484375,2,8
2731,14605,0.09307581931352615,3,8
2732,14605,0.10721030086278915,4,8
2733,14605,0.12134477496147156,5,8
2734,14605,0.13547925651073456,6,8
2735,14605,0.14961373805999756,7,8
2736,14620,0.04034334793686867,0,8
2737,14620,0.05610872805118561,1,8
2738,14620,0.07187410444021225,2,8
2739,14620,0.08709584921598434,3,8
2740,14620,0.10286123305559158,4,8
2741,14620,0.11808297783136368,5,8
2742,14620,0.13384835422039032,6,8
2743,14620,0.14961373805999756,7,8
2744,14654,0.040886979550123215,0,8
2745,14654,0.06045779585838318,1,8
2746,14654,0.07513590902090073,2,8
2747,14654,0.08981402218341827,3,8
2748,14654,0.10503576695919037,4,8
2749,14654,0.11971388012170792,5,8
2750,14654,0.13439199328422546,6,8
2751,14654,0.14961373805999756,7,8
2752,14664,0.040886979550123215,0,8
2753,14664,0.06806866824626923,1,8
2754,14664,0.08165951073169708,2,8
2755,14664,0.09525036066770554,3,8
2756,14664,0.10884120315313339,4,8
2757,14664,0.12243204563856125,5,8
2758,14664,0.1360228955745697,6,8
2759,14664,0.14961373805999756,7,8
2760,14691,0.040886979550123215,0,8
2761,14691,0.0653505027294159,1,8
2762,14691,0.0794849768280983,2,8
2763,14691,0.0936194583773613,3,8
2764,14691,0.10721030086278915,4,8
2765,14691,0.12134477496147156,5,8
2766,14691,0.13547925651073456,6,8
2767,14691,0.14961373805999756,7,8
